"sample_id","pedigree_cn","lib_id","plot_id","BC1F3_SEED_ID","BC1F3_PEDIGREE","BC1F3_GID","BC1F3_LOT.UID","BC1F4_SEED_ID","BC1F4_PEDIGREE","BC1F4_GID","BC1F4_LOT.UID","BC1F5_SEED_ID","BC1F5_PEDIGREE","BC1F5_GID","BC1F5_LOT.UID","BREEDING_NOTES","INTROGRESSION_STATUS","SUMMER_2026_STATUS","FINAL_STATUS_SUMMER2026","CURRENT_GENERATION","CURRENT_GID","CURRENT_LOT.UID"
"25ALM_BC1F3s1_0627","(Mota Maradi*2/SC49)-B-9","FRHI","25ALM_BC1F3s1_1033","GMS_PV2324_MIN_16016_09","(Mota Maradi*2/SC49)-B-9",44153,"sgh1LGbGwtFvp","GMS_PGF2025_MIN_1033","(Mota Maradi*2/SC49)-B-9-1","55045","sgh1L9O28fkYW",NA,NA,NA,NA,"NO_ISSUES_IDENTIFIED","Introgression_confirmed","ADVANCE BC1F4 IN PGF","ADVANCE BC1F4 IN PGF","BC1F4","55045","sgh1L9O28fkYW"
"25ALM_BC1F3s1_0801","(Mota Maradi*2/SC49)-B-8","FCJF","25ALM_BC1F3s1_1032","GMS_PV2324_MIN_16016_08","(Mota Maradi*2/SC49)-B-8",44152,"sgh1Lv0Za3P5X","GMS_PGF2025_MIN_1032","(Mota Maradi*2/SC49)-B-8-1","55044","sgh1LiQ9umaqX","GMS_MN2025_132025","(Mota Maradi*2/SC49)-B-8-1-1","67710","sgh1L45P3ENSH","NO_ISSUES_IDENTIFIED","Introgression_confirmed","ADVANCE BC1F5 IN PV2627","ADVANCE BC1F5 IN PV2627","BC1F5","67710","sgh1L45P3ENSH"
"25ALM_BC1F3s1_1144","(Mota Maradi*2/SC49)-B-6","FKQM","25ALM_BC1F3s1_1030","GMS_PV2324_MIN_16016_06","(Mota Maradi*2/SC49)-B-6",44150,"sgh1LJftGxGRW","GMS_PGF2025_MIN_1030","(Mota Maradi*2/SC49)-B-6-1","55042","sgh1LESDC9qvq","GMS_MN2025_111029","(Mota Maradi*2/SC49)-B-6-1-1","67146","sgh1LR5Liv9uo","NO_ISSUES_IDENTIFIED","Introgression_confirmed","ADVANCE BC1F5 IN PV2627","ADVANCE BC1F5 IN PV2627","BC1F5","67146","sgh1LR5Liv9uo"
"25ALM_BC1F3s1_1580","(Mota Maradi*2/SC49)-B-5","FVUL","25ALM_BC1F3s1_1029","GMS_PV2324_MIN_16016_05","(Mota Maradi*2/SC49)-B-5",44149,"sgh1LpsIdumzv","GMS_PGF2025_MIN_1029","(Mota Maradi*2/SC49)-B-5-1","55041","sgh1L1smP2ksw","GMS_MN2025_103030","(Mota Maradi*2/SC49)-B-5-1-1","67122","sgh1LSYBM8sne","NO_ISSUES_IDENTIFIED","Introgression_confirmed","ADVANCE BC1F5 IN PV2627","ADVANCE BC1F5 IN PV2627","BC1F5","67122","sgh1LSYBM8sne"
"25ALM_BC1F3s1_0366","(Mota Maradi*2/SC49)-B-4","FEMO","25ALM_BC1F3s1_1028","GMS_PV2324_MIN_16016_04","(Mota Maradi*2/SC49)-B-4",44148,"sgh1LkZsAJ7T8","GMS_PGF2025_MIN_1028","(Mota Maradi*2/SC49)-B-4-1","55040","sgh1LbERh4CBr","GMS_MN2025_114011","(Mota Maradi*2/SC49)-B-4-1-1","67220","sgh1Lgz90kacg","NO_ISSUES_IDENTIFIED","Introgression_confirmed","ADVANCE BC1F5 IN PV2627","ADVANCE BC1F5 IN PV2627","BC1F5","67220","sgh1Lgz90kacg"
"25ALM_BC1F3s1_2186","(Mota Maradi*2/SC49)-B-2","FPBC","25ALM_BC1F3s1_1026","GMS_PV2324_MIN_16016_02","(Mota Maradi*2/SC49)-B-2",44146,"sgh1LP5bLjBOF","GMS_PGF2025_MIN_1026","(Mota Maradi*2/SC49)-B-2-1","55038","sgh1LtY3Fr2H2","GMS_MN2025_128019","(Mota Maradi*2/SC49)-B-2-1-1","67598","sgh1Ls4CP5kae","NO_ISSUES_IDENTIFIED","Introgression_confirmed","ADVANCE BC1F5 IN PV2627","ADVANCE BC1F5 IN PV2627","BC1F5","67598","sgh1Ls4CP5kae"
"25ALM_BC1F3s1_0416","(Mota Maradi*2/SC49)-B-15","FDNX","25ALM_BC1F3s1_1039","GMS_PV2324_MIN_16016_15","(Mota Maradi*2/SC49)-B-15",44159,"sgh1LHSKoBrkJ","GMS_PGF2025_MIN_1039","(Mota Maradi*2/SC49)-B-15-1","55051","sgh1L73e9BNEE","GMS_MN2025_119032","(Mota Maradi*2/SC49)-B-15-1-1","67367","sgh1LIrnK0Lwy","NO_ISSUES_IDENTIFIED","Introgression_confirmed","ADVANCE BC1F5 IN PV2627","ADVANCE BC1F5 IN PV2627","BC1F5","67367","sgh1LIrnK0Lwy"
"25ALM_BC1F3s1_2421","(Mota Maradi*2/SC49)-B-14","FQJZ","25ALM_BC1F3s1_1038","GMS_PV2324_MIN_16016_14","(Mota Maradi*2/SC49)-B-14",44158,"sgh1LYVN4ZFST","GMS_PGF2025_MIN_1038","(Mota Maradi*2/SC49)-B-14-1","55050","sgh1LUQcsW4is","GMS_MN2025_136018","(Mota Maradi*2/SC49)-B-14-1-1","67814","sgh1LmpyCVR4J","NO_ISSUES_IDENTIFIED","Introgression_confirmed","ADVANCE BC1F5 IN PV2627","ADVANCE BC1F5 IN PV2627","BC1F5","67814","sgh1LmpyCVR4J"
"25ALM_BC1F3s1_2765","(Mota Maradi*2/SC49)-B-11","FIVD","25ALM_BC1F3s1_1035","GMS_PV2324_MIN_16016_11","(Mota Maradi*2/SC49)-B-11",44155,"sgh1LjcaovR7m","GMS_PGF2025_MIN_1035","(Mota Maradi*2/SC49)-B-11-1","55047","sgh1Lcxk4GUiX",NA,NA,NA,NA,"NOT_HARVESTED_MN2025","Introgression_confirmed","ADVANCE BC1F4 IN PGF","ADVANCE BC1F4 IN PGF","BC1F4","55047","sgh1Lcxk4GUiX"
"25ALM_BC1F3s1_1945","(Mota Maradi*2/SC49)-B-1","FPPX","25ALM_BC1F3s1_1025","GMS_PV2324_MIN_16016_01","(Mota Maradi*2/SC49)-B-1",44145,"sgh1LWRS1My8N","GMS_PGF2025_MIN_1025","(Mota Maradi*2/SC49)-B-1-1","55037","sgh1LErRycXsq","GMS_MN2025_109013","(Mota Maradi*2/SC49)-B-1-1-1","67077","sgh1LnSTz8SrA","NO_ISSUES_IDENTIFIED","Introgression_confirmed","ADVANCE BC1F5 IN PV2627","ADVANCE BC1F5 IN PV2627","BC1F5","67077","sgh1LnSTz8SrA"
"25ALM_BC1F3s1_1670","(Mota Maradi*2/01MN1589-B)-B-9","FMSX","25ALM_BC1F3s1_1983","GMS_MN2024_MIN_14069_09","(Mota Maradi*2/01MN1589-B)-B-9",48461,"sgh1LqvLpUVWC","GMS_PGF2025_MIN_1983","(Mota Maradi*2/01MN1589-B)-B-9-1","55703","sgh1La4Fbfo2e","GMS_MN2025_114015","(Mota Maradi*2/01MN1589-B)-B-9-1-1","67224","sgh1LeEFOgIGd","NO_ISSUES_IDENTIFIED","Introgression_confirmed","ADVANCE BC1F5 IN PV2627","ADVANCE BC1F5 IN PV2627","BC1F5","67224","sgh1LeEFOgIGd"
"25ALM_BC1F3s1_0613","(Mota Maradi*2/01MN1589-B)-B-8","FTDL","25ALM_BC1F3s1_1982","GMS_MN2024_MIN_14069_08","(Mota Maradi*2/01MN1589-B)-B-8",48460,"sgh1L42T3m37c","GMS_PGF2025_MIN_1982","(Mota Maradi*2/01MN1589-B)-B-8-1","55702","sgh1L5Jex6ea2","GMS_MN2025_123079","(Mota Maradi*2/01MN1589-B)-B-8-1-1","65682","sgh1LzON5jBWa","NO_ISSUES_IDENTIFIED","Introgression_confirmed","ADVANCE BC1F5 IN PV2627","ADVANCE BC1F5 IN PV2627","BC1F5","65682","sgh1LzON5jBWa"
"25ALM_BC1F3s1_2424","(Mota Maradi*2/01MN1589-B)-B-7","FCFO","25ALM_BC1F3s1_2004","GMS_MN2024_MIN_14070_07","(Mota Maradi*2/01MN1589-B)-B-7",48459,"sgh1L1CoqbWo3","GMS_PGF2025_MIN_2004","(Mota Maradi*2/01MN1589-B)-B-7-1","55701","sgh1LPReTqE9f","GMS_MN2025_221103","(Mota Maradi*2/01MN1589-B)-B-7-1-1","65620","sgh1LVKGpzjF0","NO_ISSUES_IDENTIFIED","Introgression_confirmed","ADVANCE BC1F5 IN PV2627","ADVANCE BC1F5 IN PV2627","BC1F5","65620","sgh1LVKGpzjF0"
"25ALM_BC1F3s1_1103","(Mota Maradi*2/01MN1589-B)-B-6","FAVL","25ALM_BC1F3s1_2003","GMS_MN2024_MIN_14070_06","(Mota Maradi*2/01MN1589-B)-B-6",48458,"sgh1LNgDitwTa","GMS_PGF2025_MIN_2003","(Mota Maradi*2/01MN1589-B)-B-6-1","55700","sgh1LBTSfyFJy",NA,NA,NA,NA,"NOT_HARVESTED_MN2025","Introgression_confirmed","ADVANCE BC1F4 IN PGF","ADVANCE BC1F4 IN PGF","BC1F4","55700","sgh1LBTSfyFJy"
"25ALM_BC1F3s1_1848","(Mota Maradi*2/01MN1589-B)-B-6","FONI","25ALM_BC1F3s1_1980","GMS_MN2024_MIN_14069_06","(Mota Maradi*2/01MN1589-B)-B-6",48458,"sgh1L2puSqle3","GMS_PGF2025_MIN_1980","(Mota Maradi*2/01MN1589-B)-B-6-1","55700","sgh1L5erjKswm","GMS_MN2025_216098","(Mota Maradi*2/01MN1589-B)-B-6-1-1","65528","sgh1LInOHJZci","NO_ISSUES_IDENTIFIED","Introgression_confirmed","ADVANCE BC1F5 IN PV2627","ADVANCE BC1F5 IN PV2627","BC1F5","65528","sgh1LInOHJZci"
"25ALM_BC1F3s1_1481","(Mota Maradi*2/01MN1589-B)-B-5","FSVV","25ALM_BC1F3s1_1979","GMS_MN2024_MIN_14069_05","(Mota Maradi*2/01MN1589-B)-B-5",48457,"sgh1LMTp14Fno","GMS_PGF2025_MIN_1979","(Mota Maradi*2/01MN1589-B)-B-5-1","55699","sgh1L5EgBhYYG","GMS_MN2025_217099","(Mota Maradi*2/01MN1589-B)-B-5-1-1","65534","sgh1Lh20ZVGP0","NO_ISSUES_IDENTIFIED","Introgression_confirmed","ADVANCE BC1F5 IN PV2627","ADVANCE BC1F5 IN PV2627","BC1F5","65534","sgh1Lh20ZVGP0"
"25ALM_BC1F3s1_2298","(Mota Maradi*2/01MN1589-B)-B-5","FVKG","25ALM_BC1F3s1_2002","GMS_MN2024_MIN_14070_05","(Mota Maradi*2/01MN1589-B)-B-5",48457,"sgh1Lhiu3HZav","GMS_PGF2025_MIN_2002","(Mota Maradi*2/01MN1589-B)-B-5-1","55699","sgh1LBYsoAUeN","GMS_MN2025_227084","(Mota Maradi*2/01MN1589-B)-B-5-1-1","65534","sgh1LDuKByEi5","NO_ISSUES_IDENTIFIED","Introgression_confirmed","ADVANCE BC1F5 IN PV2627","ADVANCE BC1F5 IN PV2627","BC1F5","65534","sgh1LDuKByEi5"
"25ALM_BC1F3s1_1132","(Mota Maradi*2/01MN1589-B)-B-4","FABX","25ALM_BC1F3s1_2001","GMS_MN2024_MIN_14070_04","(Mota Maradi*2/01MN1589-B)-B-4",48456,"sgh1LmXkzOfNG","GMS_PGF2025_MIN_2001","(Mota Maradi*2/01MN1589-B)-B-4-1","55698","sgh1LPfJcU8fB","GMS_MN2025_218087","(Mota Maradi*2/01MN1589-B)-B-4-1-1","65559","sgh1LPYrS3oK1","NO_ISSUES_IDENTIFIED","Introgression_confirmed","ADVANCE BC1F5 IN PV2627","ADVANCE BC1F5 IN PV2627","BC1F5","65559","sgh1LPYrS3oK1"
"25ALM_BC1F3s1_2478","(Mota Maradi*2/01MN1589-B)-B-4","FJYL","25ALM_BC1F3s1_1978","GMS_MN2024_MIN_14069_04","(Mota Maradi*2/01MN1589-B)-B-4",48456,"sgh1LJrH06itP","GMS_PGF2025_MIN_1978","(Mota Maradi*2/01MN1589-B)-B-4-1","55698","sgh1LQhoIRKJN","GMS_MN2025_220101","(Mota Maradi*2/01MN1589-B)-B-4-1-1","65559","sgh1L9nSPOA6I","NO_ISSUES_IDENTIFIED","Introgression_confirmed","ADVANCE BC1F5 IN PV2627","ADVANCE BC1F5 IN PV2627","BC1F5","65559","sgh1L9nSPOA6I"
"25ALM_BC1F3s1_1297","(Mota Maradi*2/01MN1589-B)-B-3","FKPT","25ALM_BC1F3s1_2000","GMS_MN2024_MIN_14070_03","(Mota Maradi*2/01MN1589-B)-B-3",48455,"sgh1LybMW6kxe","GMS_PGF2025_MIN_2000","(Mota Maradi*2/01MN1589-B)-B-3-1","55697","sgh1Lv9PpW7eZ","GMS_MN2025_115010","(Mota Maradi*2/01MN1589-B)-B-3-1-1","65636","sgh1L57MkU0og","NO_ISSUES_IDENTIFIED","Introgression_confirmed","ADVANCE BC1F5 IN PV2627","ADVANCE BC1F5 IN PV2627","BC1F5","65636","sgh1L57MkU0og"
"25ALM_BC1F3s1_2499","(Mota Maradi*2/01MN1589-B)-B-3","FHJK","25ALM_BC1F3s1_1977","GMS_MN2024_MIN_14069_03","(Mota Maradi*2/01MN1589-B)-B-3",48455,"sgh1LUOgvsJNq","GMS_PGF2025_MIN_1977","(Mota Maradi*2/01MN1589-B)-B-3-1","55697","sgh1LREe8u0mG","GMS_MN2025_221082","(Mota Maradi*2/01MN1589-B)-B-3-1-1","65636","sgh1LL4pjfjfL","NO_ISSUES_IDENTIFIED","Introgression_confirmed","ADVANCE BC1F5 IN PV2627","ADVANCE BC1F5 IN PV2627","BC1F5","65636","sgh1LL4pjfjfL"
"25ALM_BC1F3s1_2402","(Mota Maradi*2/01MN1589-B)-B-23","FNVY","25ALM_BC1F3s1_1997","GMS_MN2024_MIN_14069_23","(Mota Maradi*2/01MN1589-B)-B-23",48475,"sgh1Lb2n4ZpA0","GMS_PGF2025_MIN_1997","(Mota Maradi*2/01MN1589-B)-B-23-1","55717","sgh1LgPwBJTYQ","GMS_MN2025_138028","(Mota Maradi*2/01MN1589-B)-B-23-1-1","67867","sgh1L5WPiPbiq","NO_ISSUES_IDENTIFIED","Introgression_confirmed","ADVANCE BC1F5 IN PV2627","ADVANCE BC1F5 IN PV2627","BC1F5","67867","sgh1L5WPiPbiq"
"25ALM_BC1F3s1_1587","(Mota Maradi*2/01MN1589-B)-B-22","FPBG","25ALM_BC1F3s1_1996","GMS_MN2024_MIN_14069_22","(Mota Maradi*2/01MN1589-B)-B-22",48474,"sgh1Lu7Z8qpja","GMS_PGF2025_MIN_1996","(Mota Maradi*2/01MN1589-B)-B-22-1","55716","sgh1LduCOZs9G","GMS_MN2025_128039","(Mota Maradi*2/01MN1589-B)-B-22-1-1","67611","sgh1Li2a9PyVV","NO_ISSUES_IDENTIFIED","Introgression_confirmed","ADVANCE BC1F5 IN PV2627","ADVANCE BC1F5 IN PV2627","BC1F5","67611","sgh1Li2a9PyVV"
"25ALM_BC1F3s1_0171","(Mota Maradi*2/01MN1589-B)-B-21","FTVW","25ALM_BC1F3s1_1995","GMS_MN2024_MIN_14069_21","(Mota Maradi*2/01MN1589-B)-B-21",48473,"sgh1LBz1cvCIZ","GMS_PGF2025_MIN_1995","(Mota Maradi*2/01MN1589-B)-B-21-1","55715","sgh1Lg2qF5mvc","GMS_MN2025_106018","(Mota Maradi*2/01MN1589-B)-B-21-1-1","67002","sgh1L4gsHpObn","NO_ISSUES_IDENTIFIED","Introgression_confirmed","ADVANCE BC1F5 IN PV2627","ADVANCE BC1F5 IN PV2627","BC1F5","67002","sgh1L4gsHpObn"
"25ALM_BC1F3s1_1531","(Mota Maradi*2/01MN1589-B)-B-2","FSLB","25ALM_BC1F3s1_1999","GMS_MN2024_MIN_14070_02","(Mota Maradi*2/01MN1589-B)-B-2",48454,"BC1F3:UNKNOWN_MULTIPLE_LOTS","GMS_PGF2025_MIN_1999","(Mota Maradi*2/01MN1589-B)-B-2-1","55696","sgh1LL7zABd81","GMS_MN2025_127022","(Mota Maradi*2/01MN1589-B)-B-2-1-1","65444","sgh1LpDU8P83s","BC1F3:UNKNOWN_MULTIPLE_LOTS","Introgression_confirmed","ADVANCE BC1F5 IN PV2627","ADVANCE BC1F5 IN PV2627","BC1F5","65444","sgh1LpDU8P83s"
"25ALM_BC1F3s1_1563","(Mota Maradi*2/01MN1589-B)-B-2","FFOC","25ALM_BC1F3s1_1976","GMS_MN2024_MIN_14069_02","(Mota Maradi*2/01MN1589-B)-B-2",48454,"sgh1LeEl79mzX","GMS_PGF2025_MIN_1976","(Mota Maradi*2/01MN1589-B)-B-2-1","55696","sgh1L7VcL7zY0","GMS_MN2025_213097","(Mota Maradi*2/01MN1589-B)-B-2-1-1","65444","sgh1LOYddNbqP","NO_ISSUES_IDENTIFIED","Introgression_confirmed","ADVANCE BC1F5 IN PV2627","ADVANCE BC1F5 IN PV2627","BC1F5","65444","sgh1LOYddNbqP"
"25ALM_BC1F3s1_1018","(Mota Maradi*2/01MN1589-B)-B-19","FLQW","25ALM_BC1F3s1_2016","GMS_MN2024_MIN_14070_19","(Mota Maradi*2/01MN1589-B)-B-19",48471,"sgh1LgPl4HRNl","GMS_PGF2025_MIN_2016","(Mota Maradi*2/01MN1589-B)-B-19-1","55713","sgh1LIdsRRAHf","GMS_MN2025_113017","(Mota Maradi*2/01MN1589-B)-B-19-1-1","67196","sgh1LizIXFr7t","NO_ISSUES_IDENTIFIED","Introgression_confirmed","ADVANCE BC1F5 IN PV2627","ADVANCE BC1F5 IN PV2627","BC1F5","67196","sgh1LizIXFr7t"
"25ALM_BC1F3s1_1055","(Mota Maradi*2/01MN1589-B)-B-18","FBSG","25ALM_BC1F3s1_2015","GMS_MN2024_MIN_14070_18","(Mota Maradi*2/01MN1589-B)-B-18",48470,"sgh1LEjFnDIcX","GMS_PGF2025_MIN_2015","(Mota Maradi*2/01MN1589-B)-B-18-1","55712","sgh1LtnsNEAR7","GMS_MN2025_105015","(Mota Maradi*2/01MN1589-B)-B-18-1-1","67591","sgh1LWM6VdOPU","NO_ISSUES_IDENTIFIED","Introgression_confirmed","ADVANCE BC1F5 IN PV2627","ADVANCE BC1F5 IN PV2627","BC1F5","67591","sgh1LWM6VdOPU"
"25ALM_BC1F3s1_1047","(Mota Maradi*2/01MN1589-B)-B-17","FJEW","25ALM_BC1F3s1_2014","GMS_MN2024_MIN_14070_17","(Mota Maradi*2/01MN1589-B)-B-17",48469,"sgh1LbXx6GYCi","GMS_PGF2025_MIN_2014","(Mota Maradi*2/01MN1589-B)-B-17-1","55711","sgh1LbabxDRHs","GMS_MN2025_112025","(Mota Maradi*2/01MN1589-B)-B-17-1-1","67172","sgh1LdAQP10B1","NO_ISSUES_IDENTIFIED","Introgression_confirmed","ADVANCE BC1F5 IN PV2627","ADVANCE BC1F5 IN PV2627","BC1F5","67172","sgh1LdAQP10B1"
"25ALM_BC1F3s1_1240","(Mota Maradi*2/01MN1589-B)-B-16","FXIF","25ALM_BC1F3s1_2013","GMS_MN2024_MIN_14070_16","(Mota Maradi*2/01MN1589-B)-B-16",48468,"sgh1LSOtgAsv6","GMS_PGF2025_MIN_2013","(Mota Maradi*2/01MN1589-B)-B-16-1","55710","sgh1LBtBTFy2B","GMS_MN2025_117014","(Mota Maradi*2/01MN1589-B)-B-16-1-1","65592","sgh1L5ARlnnN0","NO_ISSUES_IDENTIFIED","Introgression_confirmed","ADVANCE BC1F5 IN PV2627","ADVANCE BC1F5 IN PV2627","BC1F5","65592","sgh1L5ARlnnN0"
"25ALM_BC1F3s1_1724","(Mota Maradi*2/01MN1589-B)-B-16","FBDH","25ALM_BC1F3s1_1990","GMS_MN2024_MIN_14069_16","(Mota Maradi*2/01MN1589-B)-B-16",48468,"sgh1LbiCCMROW","GMS_PGF2025_MIN_1990","(Mota Maradi*2/01MN1589-B)-B-16-1","55710","sgh1LK1R1o3Eb","GMS_MN2025_219083","(Mota Maradi*2/01MN1589-B)-B-16-1-1","65592","sgh1L0vw4hQoX","NO_ISSUES_IDENTIFIED","Introgression_confirmed","ADVANCE BC1F5 IN PV2627","ADVANCE BC1F5 IN PV2627","BC1F5","65592","sgh1L0vw4hQoX"
"25ALM_BC1F3s1_0936","(Mota Maradi*2/01MN1589-B)-B-15","FBGN","25ALM_BC1F3s1_1989","GMS_MN2024_MIN_14069_15","(Mota Maradi*2/01MN1589-B)-B-15",48467,"sgh1L32CSEich","GMS_PGF2025_MIN_1989","(Mota Maradi*2/01MN1589-B)-B-15-1","55709","sgh1LHMB26bwj","GMS_MN2025_128021","(Mota Maradi*2/01MN1589-B)-B-15-1-1","65379","sgh1L8bvRJ7QN","NO_ISSUES_IDENTIFIED","Introgression_confirmed","ADVANCE BC1F5 IN PV2627","ADVANCE BC1F5 IN PV2627","BC1F5","65379","sgh1L8bvRJ7QN"
"25ALM_BC1F3s1_1687","(Mota Maradi*2/01MN1589-B)-B-15","FIXR","25ALM_BC1F3s1_2012","GMS_MN2024_MIN_14070_15","(Mota Maradi*2/01MN1589-B)-B-15",48467,"sgh1LxvHTLb9u","GMS_PGF2025_MIN_2012","(Mota Maradi*2/01MN1589-B)-B-15-1","55709","sgh1L8jf8Oluv","GMS_MN2025_210083","(Mota Maradi*2/01MN1589-B)-B-15-1-1","65379","sgh1LTmi6xASb","NO_ISSUES_IDENTIFIED","Introgression_confirmed","ADVANCE BC1F5 IN PV2627","ADVANCE BC1F5 IN PV2627","BC1F5","65379","sgh1LTmi6xASb"
"25ALM_BC1F3s1_0525","(Mota Maradi*2/01MN1589-B)-B-14","FCRJ","25ALM_BC1F3s1_2011","GMS_MN2024_MIN_14070_14","(Mota Maradi*2/01MN1589-B)-B-14",48466,"sgh1L2ZunNvel","GMS_PGF2025_MIN_2011","(Mota Maradi*2/01MN1589-B)-B-14-1","55708","sgh1LheebNc3q","GMS_MN2025_108079","(Mota Maradi*2/01MN1589-B)-B-14-1-1","65343","sgh1Ll88NWSot","NO_ISSUES_IDENTIFIED","Introgression_confirmed","ADVANCE BC1F5 IN PV2627","ADVANCE BC1F5 IN PV2627","BC1F5","65343","sgh1Ll88NWSot"
"25ALM_BC1F3s1_1877","(Mota Maradi*2/01MN1589-B)-B-14","FRTT","25ALM_BC1F3s1_1988","GMS_MN2024_MIN_14069_14","(Mota Maradi*2/01MN1589-B)-B-14",48466,"sgh1LL8MktpoM","GMS_PGF2025_MIN_1988","(Mota Maradi*2/01MN1589-B)-B-14-1","55708","sgh1L3dO2gzYY","GMS_MN2025_137039","(Mota Maradi*2/01MN1589-B)-B-14-1-1","65343","sgh1LCuxFaRyY","NO_ISSUES_IDENTIFIED","Introgression_confirmed","ADVANCE BC1F5 IN PV2627","ADVANCE BC1F5 IN PV2627","BC1F5","65343","sgh1LCuxFaRyY"
"25ALM_BC1F3s1_0090","(Mota Maradi*2/01MN1589-B)-B-13","FBZW","25ALM_BC1F3s1_2010","GMS_MN2024_MIN_14070_13","(Mota Maradi*2/01MN1589-B)-B-13",48465,"sgh1LD3PSjajP","GMS_PGF2025_MIN_2010","(Mota Maradi*2/01MN1589-B)-B-13-1","55707","sgh1LR8p5QqiE","GMS_MN2025_211086","(Mota Maradi*2/01MN1589-B)-B-13-1-1","65408","sgh1Le886O9Di","NO_ISSUES_IDENTIFIED","Introgression_confirmed","ADVANCE BC1F5 IN PV2627","ADVANCE BC1F5 IN PV2627","BC1F5","65408","sgh1Le886O9Di"
"25ALM_BC1F3s1_1104","(Mota Maradi*2/01MN1589-B)-B-13","FMQZ","25ALM_BC1F3s1_1987","GMS_MN2024_MIN_14069_13","(Mota Maradi*2/01MN1589-B)-B-13",48465,"sgh1LnGRBbiB0","GMS_PGF2025_MIN_1987","(Mota Maradi*2/01MN1589-B)-B-13-1","55707","sgh1LFq6QPrfU","GMS_MN2025_217083","(Mota Maradi*2/01MN1589-B)-B-13-1-1","65408","sgh1Lu195D099","NO_ISSUES_IDENTIFIED","Introgression_confirmed","ADVANCE BC1F5 IN PV2627","ADVANCE BC1F5 IN PV2627","BC1F5","65408","sgh1Lu195D099"
"25ALM_BC1F3s1_1075","(Mota Maradi*2/01MN1589-B)-B-12","FGLK","25ALM_BC1F3s1_1986","GMS_MN2024_MIN_14069_12","(Mota Maradi*2/01MN1589-B)-B-12",48464,"sgh1LcItp06oZ","GMS_PGF2025_MIN_1986","(Mota Maradi*2/01MN1589-B)-B-12-1","55706","sgh1LiL95zv73","GMS_MN2025_136039","(Mota Maradi*2/01MN1589-B)-B-12-1-1","65400","sgh1Lk9UgjR95","NO_ISSUES_IDENTIFIED","Introgression_confirmed","ADVANCE BC1F5 IN PV2627","ADVANCE BC1F5 IN PV2627","BC1F5","65400","sgh1Lk9UgjR95"
"25ALM_BC1F3s1_2346","(Mota Maradi*2/01MN1589-B)-B-12","FATY","25ALM_BC1F3s1_2009","GMS_MN2024_MIN_14070_12","(Mota Maradi*2/01MN1589-B)-B-12",48464,"sgh1LEqGvvgSZ","GMS_PGF2025_MIN_2009","(Mota Maradi*2/01MN1589-B)-B-12-1","55706","sgh1LwfiO0g7K","GMS_MN2025_211096","(Mota Maradi*2/01MN1589-B)-B-12-1-1","65400","sgh1LJmZvmMb6","NO_ISSUES_IDENTIFIED","Introgression_confirmed","ADVANCE BC1F5 IN PV2627","ADVANCE BC1F5 IN PV2627","BC1F5","65400","sgh1LJmZvmMb6"
"25ALM_BC1F3s1_0588","(Mota Maradi*2/01MN1589-B)-B-11","FCRE","25ALM_BC1F3s1_2008","GMS_MN2024_MIN_14070_11","(Mota Maradi*2/01MN1589-B)-B-11",48463,"sgh1LQ4pdfREf","GMS_PGF2025_MIN_2008","(Mota Maradi*2/01MN1589-B)-B-11-1","55705","sgh1L0h3T6bCC","GMS_MN2025_119011","(Mota Maradi*2/01MN1589-B)-B-11-1-1","67115","sgh1LLGi00SXz","NO_ISSUES_IDENTIFIED","Introgression_confirmed","ADVANCE BC1F5 IN PV2627","ADVANCE BC1F5 IN PV2627","BC1F5","67115","sgh1LLGi00SXz"
"25ALM_BC1F3s1_1195","(Mota Maradi*2/01MN1589-B)-B-11","FLHD","25ALM_BC1F3s1_1985","GMS_MN2024_MIN_14069_11","(Mota Maradi*2/01MN1589-B)-B-11",48463,"sgh1LYtRWB9ye","GMS_PGF2025_MIN_1985","(Mota Maradi*2/01MN1589-B)-B-11-1","55705","sgh1LsCHFsNkN","GMS_MN2025_110026","(Mota Maradi*2/01MN1589-B)-B-11-1-1","67115","sgh1LDWyzj8l1","NO_ISSUES_IDENTIFIED","Introgression_confirmed","ADVANCE BC1F5 IN PV2627","ADVANCE BC1F5 IN PV2627","BC1F5","67115","sgh1LDWyzj8l1"
"25ALM_BC1F3s1_2320","(Mota Maradi*2/01MN1589-B)-B-10","FXEB","25ALM_BC1F3s1_1984","GMS_MN2024_MIN_14069_10","(Mota Maradi*2/01MN1589-B)-B-10",48462,"sgh1LPR5FLOoF","GMS_PGF2025_MIN_1984","(Mota Maradi*2/01MN1589-B)-B-10-1","55704","sgh1LalXfkpWT","GMS_MN2025_124018","(Mota Maradi*2/01MN1589-B)-B-10-1-1","65606","sgh1LCiK3PJUI","NO_ISSUES_IDENTIFIED","Introgression_confirmed","ADVANCE BC1F5 IN PV2627","ADVANCE BC1F5 IN PV2627","BC1F5","65606","sgh1LCiK3PJUI"
"25ALM_BC1F3s1_2450","(Mota Maradi*2/01MN1589-B)-B-10","FPSN","25ALM_BC1F3s1_2007","GMS_MN2024_MIN_14070_10","(Mota Maradi*2/01MN1589-B)-B-10",48462,"sgh1Lnj90kyph","GMS_PGF2025_MIN_2007","(Mota Maradi*2/01MN1589-B)-B-10-1","55704","sgh1LNAPLW4Hj","GMS_MN2025_220085","(Mota Maradi*2/01MN1589-B)-B-10-1-1","65606","sgh1Lnhp7Xlk3","NO_ISSUES_IDENTIFIED","Introgression_confirmed","ADVANCE BC1F5 IN PV2627","ADVANCE BC1F5 IN PV2627","BC1F5","65606","sgh1Lnhp7Xlk3"
"25ALM_BC1F3s1_2329","(Mota Maradi*2/01MN1589-B)-B-1","FSFB","25ALM_BC1F3s1_1975","GMS_MN2024_MIN_14069_01","(Mota Maradi*2/01MN1589-B)-B-1",48453,"sgh1LtS7hOs1j","GMS_PGF2025_MIN_1975","(Mota Maradi*2/01MN1589-B)-B-1-1","55695","sgh1LvYxTLfG5","GMS_MN2025_111025","(Mota Maradi*2/01MN1589-B)-B-1-1-1","65587","sgh1L0riws7UD","NO_ISSUES_IDENTIFIED","Introgression_confirmed","ADVANCE BC1F5 IN PV2627","ADVANCE BC1F5 IN PV2627","BC1F5","65587","sgh1L0riws7UD"
"25ALM_BC1F3s1_2445","(Mota Maradi*2/01MN1589-B)-B-1","FGXH","25ALM_BC1F3s1_1998","GMS_MN2024_MIN_14070_01","(Mota Maradi*2/01MN1589-B)-B-1",48453,"BC1F3:UNKNOWN_MULTIPLE_LOTS","GMS_PGF2025_MIN_1998","(Mota Maradi*2/01MN1589-B)-B-1-1","55695","sgh1LYq3YdZOE","GMS_MN2025_219088","(Mota Maradi*2/01MN1589-B)-B-1-1-1","65587","sgh1LJ3ApQobY","BC1F3:UNKNOWN_MULTIPLE_LOTS","Introgression_confirmed","ADVANCE BC1F5 IN PV2627","ADVANCE BC1F5 IN PV2627","BC1F5","65587","sgh1LJ3ApQobY"
"25ALM_BC1F3s1_0906","(Mota Maradi*2/Red Kafir)-B-5","FTDY","25ALM_BC1F3s1_1226","GMS_PV2324_MIN_16030_05","(Mota Maradi*2/Red Kafir)-B-5",44359,"sgh1LyDm9h57g","GMS_PGF2025_MIN_1226","(Mota Maradi*2/Red Kafir)-B-5-1","55226","sgh1LrdlgvNPT","GMS_MN2025_228102","(Mota Maradi*2/Red Kafir)-B-5-1-1","65767","sgh1LwXoycFa2","NO_ISSUES_IDENTIFIED","Introgression_confirmed","ADVANCE BC1F5 IN PV2627","ADVANCE BC1F5 IN PV2627","BC1F5","65767","sgh1LwXoycFa2"
"25ALM_BC1F3s1_1388","(Mota Maradi*2/Red Kafir)-B-3","FOOO","25ALM_BC1F3s1_1224","GMS_PV2324_MIN_16030_03","(Mota Maradi*2/Red Kafir)-B-3",44357,"sgh1LxuJTuK22","GMS_PGF2025_MIN_1224","(Mota Maradi*2/Red Kafir)-B-3-1","55224","sgh1LadtnciR6","GMS_MN2025_222083","(Mota Maradi*2/Red Kafir)-B-3-1-1","65649","sgh1Lw6cuq0oh","NO_ISSUES_IDENTIFIED","Introgression_confirmed","ADVANCE BC1F5 IN PV2627","ADVANCE BC1F5 IN PV2627","BC1F5","65649","sgh1Lw6cuq0oh"
"25ALM_BC1F3s1_0737","(Mota Maradi*2/Tx2911)-B-9","FXZW","25ALM_BC1F3s1_2267","GMS_MN2024_MIN_14084_09","(Mota Maradi*2/Tx2911)-B-9",44348,"sgh1LzU8YZB1y","GMS_PGF2025_MIN_2267","(Mota Maradi*2/Tx2911)-B-9-1","55221","sgh1L5Z2TcQVW","GMS_MN2025_125077","(Mota Maradi*2/Tx2911)-B-9-1-1","65417","sgh1LNxuwZRt5","NO_ISSUES_IDENTIFIED","Introgression_confirmed","ADVANCE BC1F5 IN PV2627","ADVANCE BC1F5 IN PV2627","BC1F5","65417","sgh1LNxuwZRt5"
"25ALM_BC1F3s1_1430","(Mota Maradi*2/Tx2911)-B-9","FXPW","25ALM_BC1F3s1_1221","GMS_PV2324_MIN_16029_09","(Mota Maradi*2/Tx2911)-B-9",44348,"sgh1L4zlH52RX","GMS_PGF2025_MIN_1221","(Mota Maradi*2/Tx2911)-B-9-1","55221","sgh1LB2LZxUCt","GMS_MN2025_212087","(Mota Maradi*2/Tx2911)-B-9-1-1","65417","sgh1LIwBlQKii","NO_ISSUES_IDENTIFIED","Introgression_confirmed","ADVANCE BC1F5 IN PV2627","ADVANCE BC1F5 IN PV2627","BC1F5","65417","sgh1LIwBlQKii"
"25ALM_BC1F3s1_2462","(Mota Maradi*2/Tx2911)-B-9","FKJW","25ALM_BC1F3s1_2243","GMS_MN2024_MIN_14083_09","(Mota Maradi*2/Tx2911)-B-9",44348,"sgh1LMz8DyjuS","GMS_PGF2025_MIN_2243","(Mota Maradi*2/Tx2911)-B-9-1","55221","sgh1LrVhZqNvt","GMS_MN2025_111076","(Mota Maradi*2/Tx2911)-B-9-1-1","65417","sgh1Ln9Lm7oul","NO_ISSUES_IDENTIFIED","Introgression_confirmed","ADVANCE BC1F5 IN PV2627","ADVANCE BC1F5 IN PV2627","BC1F5","65417","sgh1Ln9Lm7oul"
"25ALM_BC1F3s1_0107","(Mota Maradi*2/Tx2911)-B-8","FIRX","25ALM_BC1F3s1_2266","GMS_MN2024_MIN_14084_08","(Mota Maradi*2/Tx2911)-B-8",44347,"sgh1LoaonxcVG","GMS_PGF2025_MIN_2266","(Mota Maradi*2/Tx2911)-B-8-1","55220","sgh1L4Ds0h6Vb","GMS_MN2025_214097","(Mota Maradi*2/Tx2911)-B-8-1-1","65481","sgh1LNNRFzBsi","NO_ISSUES_IDENTIFIED","Introgression_confirmed","ADVANCE BC1F5 IN PV2627","ADVANCE BC1F5 IN PV2627","BC1F5","65481","sgh1LNNRFzBsi"
"25ALM_BC1F3s1_0244","(Mota Maradi*2/Tx2911)-B-8","FGPE","25ALM_BC1F3s1_1220","GMS_PV2324_MIN_16029_08","(Mota Maradi*2/Tx2911)-B-8",44347,"sgh1Lg7pEs1G4","GMS_PGF2025_MIN_1220","(Mota Maradi*2/Tx2911)-B-8-1","55220","sgh1Lfa2ZxqjB","GMS_MN2025_104041","(Mota Maradi*2/Tx2911)-B-8-1-1","65481","sgh1LUEvAsMw5","NO_ISSUES_IDENTIFIED","Introgression_confirmed","ADVANCE BC1F5 IN PV2627","ADVANCE BC1F5 IN PV2627","BC1F5","65481","sgh1LUEvAsMw5"
"25ALM_BC1F3s1_1751","(Mota Maradi*2/Tx2911)-B-8","FFJI","25ALM_BC1F3s1_2242","GMS_MN2024_MIN_14083_08","(Mota Maradi*2/Tx2911)-B-8",44347,"sgh1LLLMYOVaC","GMS_PGF2025_MIN_2242","(Mota Maradi*2/Tx2911)-B-8-1","55220","sgh1Lo1Y6nZ89","GMS_MN2025_227093","(Mota Maradi*2/Tx2911)-B-8-1-1","65481","sgh1LkH1B4dZD","NO_ISSUES_IDENTIFIED","Introgression_confirmed","ADVANCE BC1F5 IN PV2627","ADVANCE BC1F5 IN PV2627","BC1F5","65481","sgh1LkH1B4dZD"
"25ALM_BC1F3s1_1062","(Mota Maradi*2/Tx2911)-B-7","FYAL","25ALM_BC1F3s1_2265","GMS_MN2024_MIN_14084_07","(Mota Maradi*2/Tx2911)-B-7",44346,"sgh1LM2VcIUYr","GMS_PGF2025_MIN_2265","(Mota Maradi*2/Tx2911)-B-7-1","55219","sgh1LPOa63ddQ","GMS_MN2025_135015","(Mota Maradi*2/Tx2911)-B-7-1-1","65524","sgh1L5nmKZWZu","NO_ISSUES_IDENTIFIED","Introgression_confirmed","ADVANCE BC1F5 IN PV2627","ADVANCE BC1F5 IN PV2627","BC1F5","65524","sgh1L5nmKZWZu"
"25ALM_BC1F3s1_1110","(Mota Maradi*2/Tx2911)-B-7","FTPP","25ALM_BC1F3s1_1219","GMS_PV2324_MIN_16029_07","(Mota Maradi*2/Tx2911)-B-7",44346,"sgh1LBf1g830J","GMS_PGF2025_MIN_1219","(Mota Maradi*2/Tx2911)-B-7-1","55219","sgh1Lyp6guZeo","GMS_MN2025_216094","(Mota Maradi*2/Tx2911)-B-7-1-1","65524","sgh1LCpkYSuMg","NO_ISSUES_IDENTIFIED","Introgression_confirmed","ADVANCE BC1F5 IN PV2627","ADVANCE BC1F5 IN PV2627","BC1F5","65524","sgh1LCpkYSuMg"
"25ALM_BC1F3s1_1648","(Mota Maradi*2/Tx2911)-B-7","FDTR","25ALM_BC1F3s1_2241","GMS_MN2024_MIN_14083_07","(Mota Maradi*2/Tx2911)-B-7",44346,"sgh1LGKfRHQ6m","GMS_PGF2025_MIN_2241","(Mota Maradi*2/Tx2911)-B-7-1","55219","sgh1LKxdScnF8","GMS_MN2025_109024","(Mota Maradi*2/Tx2911)-B-7-1-1","65524","sgh1LRaffcpDD","NO_ISSUES_IDENTIFIED","Introgression_confirmed","ADVANCE BC1F5 IN PV2627","ADVANCE BC1F5 IN PV2627","BC1F5","65524","sgh1LRaffcpDD"
"25ALM_BC1F3s1_2476","(Mota Maradi*2/Tx2911)-B-7","FFIW","25ALM_BC1F3s1_1489","GMS_PV2324_MIN_01604_07","(Mota Maradi*2/Tx2911)-B-7",44646,"sgh1L1IpaZjmA","GMS_PGF2025_MIN_1489","(Mota Maradi*2/Tx2911)-B-7-1","55219","sgh1LO5zJWsS4",NA,NA,NA,NA,"NO_ISSUES_IDENTIFIED","Introgression_confirmed","ADVANCE BC1F4 IN PGF","ADVANCE BC1F4 IN PGF","BC1F4","55219","sgh1LO5zJWsS4"
"25ALM_BC1F3s1_0159","(Mota Maradi*2/Tx2911)-B-6","FZUH","25ALM_BC1F3s1_1488","GMS_PV2324_MIN_01604_06","(Mota Maradi*2/Tx2911)-B-6",44645,"sgh1LjB8esaR8","GMS_PGF2025_MIN_1488","(Mota Maradi*2/Tx2911)-B-6-1","55218","sgh1LYwEWVEQF","GMS_MN2025_129077","(Mota Maradi*2/Tx2911)-B-6-1-1","65792","sgh1LeiayfSuB","NO_ISSUES_IDENTIFIED","Introgression_confirmed","ADVANCE BC1F5 IN PV2627","ADVANCE BC1F5 IN PV2627","BC1F5","65792","sgh1LeiayfSuB"
"25ALM_BC1F3s1_0882","(Mota Maradi*2/Tx2911)-B-6","FKQJ","25ALM_BC1F3s1_2264","GMS_MN2024_MIN_14084_06","(Mota Maradi*2/Tx2911)-B-6",44345,"sgh1L6sBMHFWR","GMS_PGF2025_MIN_2264","(Mota Maradi*2/Tx2911)-B-6-1","55218","sgh1LHY4EgsMh",NA,NA,NA,NA,"NO_ISSUES_IDENTIFIED","Introgression_confirmed","ADVANCE BC1F4 IN PGF","ADVANCE BC1F4 IN PGF","BC1F4","55218","sgh1LHY4EgsMh"
"25ALM_BC1F3s1_1523","(Mota Maradi*2/Tx2911)-B-6","FUCO","25ALM_BC1F3s1_2240","GMS_MN2024_MIN_14083_06","(Mota Maradi*2/Tx2911)-B-6",44345,"sgh1LrCa1GdFQ","GMS_PGF2025_MIN_2240","(Mota Maradi*2/Tx2911)-B-6-1","55218","sgh1LwHb5Wa4C","GMS_MN2025_118012","(Mota Maradi*2/Tx2911)-B-6-1-1","65792","sgh1LmEuHQwEk","NO_ISSUES_IDENTIFIED","Introgression_confirmed","ADVANCE BC1F5 IN PV2627","ADVANCE BC1F5 IN PV2627","BC1F5","65792","sgh1LmEuHQwEk"
"25ALM_BC1F3s1_0532","(Mota Maradi*2/Tx2911)-B-5","FZXY","25ALM_BC1F3s1_2263","GMS_MN2024_MIN_14084_05","(Mota Maradi*2/Tx2911)-B-5",44344,"sgh1LSUnABcBV","GMS_PGF2025_MIN_2263","(Mota Maradi*2/Tx2911)-B-5-1","55217","sgh1LmQ1mOAgg","GMS_MN2025_107023","(Mota Maradi*2/Tx2911)-B-5-1-1","67034","sgh1LF4MDdKMj","NO_ISSUES_IDENTIFIED","Introgression_confirmed","ADVANCE BC1F5 IN PV2627","ADVANCE BC1F5 IN PV2627","BC1F5","67034","sgh1LF4MDdKMj"
"25ALM_BC1F3s1_1660","(Mota Maradi*2/Tx2911)-B-5","FNYZ","25ALM_BC1F3s1_1217","GMS_PV2324_MIN_16029_05","(Mota Maradi*2/Tx2911)-B-5",44344,"sgh1LwfQuoj7E","GMS_PGF2025_MIN_1217","(Mota Maradi*2/Tx2911)-B-5-1","55217","sgh1LKMunTPCD","GMS_MN2025_119034","(Mota Maradi*2/Tx2911)-B-5-1-1","67034","sgh1LBAXzrj61","NO_ISSUES_IDENTIFIED","Introgression_confirmed","ADVANCE BC1F5 IN PV2627","ADVANCE BC1F5 IN PV2627","BC1F5","67034","sgh1LBAXzrj61"
"25ALM_BC1F3s1_2460","(Mota Maradi*2/Tx2911)-B-5","FUBE","25ALM_BC1F3s1_2239","GMS_MN2024_MIN_14083_05","(Mota Maradi*2/Tx2911)-B-5",44344,"sgh1LQcNsWNPX","GMS_PGF2025_MIN_2239","(Mota Maradi*2/Tx2911)-B-5-1","55217","sgh1L0E8bshXQ","GMS_MN2025_115016","(Mota Maradi*2/Tx2911)-B-5-1-1","67034","sgh1LEVncZlyU","NO_ISSUES_IDENTIFIED","Introgression_confirmed","ADVANCE BC1F5 IN PV2627","ADVANCE BC1F5 IN PV2627","BC1F5","67034","sgh1LEVncZlyU"
"25ALM_BC1F3s1_0683","(Mota Maradi*2/Tx2911)-B-4","FZPY","25ALM_BC1F3s1_2238","GMS_MN2024_MIN_14083_04","(Mota Maradi*2/Tx2911)-B-4",44343,"sgh1LZuptJw4c","GMS_PGF2025_MIN_2238","(Mota Maradi*2/Tx2911)-B-4-1","55216","sgh1LFkeECH7M","GMS_MN2025_222099","(Mota Maradi*2/Tx2911)-B-4-1-1","65590","sgh1LAAWu0Fgm","NO_ISSUES_IDENTIFIED","Introgression_confirmed","ADVANCE BC1F5 IN PV2627","ADVANCE BC1F5 IN PV2627","BC1F5","65590","sgh1LAAWu0Fgm"
"25ALM_BC1F3s1_1096","(Mota Maradi*2/Tx2911)-B-4","FADG","25ALM_BC1F3s1_2262","GMS_MN2024_MIN_14084_04","(Mota Maradi*2/Tx2911)-B-4",44343,"sgh1L21A0BoWr","GMS_PGF2025_MIN_2262","(Mota Maradi*2/Tx2911)-B-4-1","55216","sgh1LnqBbhuQv","GMS_MN2025_231094","(Mota Maradi*2/Tx2911)-B-4-1-1","65590","sgh1LHFp9A5Ab","NO_ISSUES_IDENTIFIED","Introgression_confirmed","ADVANCE BC1F5 IN PV2627","ADVANCE BC1F5 IN PV2627","BC1F5","65590","sgh1LHFp9A5Ab"
"25ALM_BC1F3s1_0103","(Mota Maradi*2/Tx2911)-B-3","FLWW","25ALM_BC1F3s1_2261","GMS_MN2024_MIN_14084_03","(Mota Maradi*2/Tx2911)-B-3",44342,"sgh1LShtKqBhV","GMS_PGF2025_MIN_2261","(Mota Maradi*2/Tx2911)-B-3-1","55215","sgh1Lc4rTUrZr","GMS_MN2025_119028","(Mota Maradi*2/Tx2911)-B-3-1-1","65665","sgh1LY2MI9oH7","NO_ISSUES_IDENTIFIED","Introgression_confirmed","ADVANCE BC1F5 IN PV2627","ADVANCE BC1F5 IN PV2627","BC1F5","65665","sgh1LY2MI9oH7"
"25ALM_BC1F3s1_2804","(Mota Maradi*2/Tx2911)-B-3","FQHL","25ALM_BC1F3s1_2237","GMS_MN2024_MIN_14083_03","(Mota Maradi*2/Tx2911)-B-3",44342,"sgh1LrTLZMg2h","GMS_PGF2025_MIN_2237","(Mota Maradi*2/Tx2911)-B-3-1","55215","sgh1L5DzhqfBn","GMS_MN2025_129042","(Mota Maradi*2/Tx2911)-B-3-1-1","65665","sgh1Lm4e7snc9","NO_ISSUES_IDENTIFIED","Introgression_confirmed","ADVANCE BC1F5 IN PV2627","ADVANCE BC1F5 IN PV2627","BC1F5","65665","sgh1Lm4e7snc9"
"25ALM_BC1F3s1_1306","(Mota Maradi*2/Tx2911)-B-26","FUUV","25ALM_BC1F3s1_2284","GMS_MN2024_MIN_14084_26","(Mota Maradi*2/Tx2911)-B-26",48540,"sgh1L1GjxMH5P","GMS_PGF2025_MIN_2284","(Mota Maradi*2/Tx2911)-B-26-1","55782","sgh1Lx1wfYan5","GMS_MN2025_221097","(Mota Maradi*2/Tx2911)-B-26-1-1","65624","sgh1Lw3sb9QHK","NO_ISSUES_IDENTIFIED","Introgression_confirmed","ADVANCE BC1F5 IN PV2627","ADVANCE BC1F5 IN PV2627","BC1F5","65624","sgh1Lw3sb9QHK"
"25ALM_BC1F3s1_0519","(Mota Maradi*2/Tx2911)-B-25","FONL","25ALM_BC1F3s1_2283","GMS_MN2024_MIN_14084_25","(Mota Maradi*2/Tx2911)-B-25",48539,"sgh1LVn7cmmIU","GMS_PGF2025_MIN_2283","(Mota Maradi*2/Tx2911)-B-25-1","55781","sgh1LZAwo5x2R","GMS_MN2025_218083","(Mota Maradi*2/Tx2911)-B-25-1-1","65555","sgh1LPk1avDuP","NO_ISSUES_IDENTIFIED","Introgression_confirmed","ADVANCE BC1F5 IN PV2627","ADVANCE BC1F5 IN PV2627","BC1F5","65555","sgh1LPk1avDuP"
"25ALM_BC1F3s1_0030","(Mota Maradi*2/Tx2911)-B-24","FNAY","25ALM_BC1F3s1_2282","GMS_MN2024_MIN_14084_24","(Mota Maradi*2/Tx2911)-B-24",48538,"sgh1LOU2JfK6h","GMS_PGF2025_MIN_2282","(Mota Maradi*2/Tx2911)-B-24-1","55780","sgh1LzKYxdDUp","GMS_MN2025_225089","(Mota Maradi*2/Tx2911)-B-24-1-1","65709","sgh1L49ANXKE8","NO_ISSUES_IDENTIFIED","Introgression_confirmed","ADVANCE BC1F5 IN PV2627","ADVANCE BC1F5 IN PV2627","BC1F5","65709","sgh1L49ANXKE8"
"25ALM_BC1F3s1_2682","(Mota Maradi*2/Tx2911)-B-24","FSKS","25ALM_BC1F3s1_2258","GMS_MN2024_MIN_14083_24","(Mota Maradi*2/Tx2911)-B-24",48538,"sgh1LO5GkQ7po","GMS_PGF2025_MIN_2258","(Mota Maradi*2/Tx2911)-B-24-1","55780","sgh1LsIJo75cQ","GMS_MN2025_231098","(Mota Maradi*2/Tx2911)-B-24-1-1","65709","sgh1LmJVgkeRM","NO_ISSUES_IDENTIFIED","Introgression_confirmed","ADVANCE BC1F5 IN PV2627","ADVANCE BC1F5 IN PV2627","BC1F5","65709","sgh1LmJVgkeRM"
"25ALM_BC1F3s1_1855","(Mota Maradi*2/Tx2911)-B-23","FLNC","25ALM_BC1F3s1_2281","GMS_MN2024_MIN_14084_23","(Mota Maradi*2/Tx2911)-B-23",48537,"sgh1L2bdnFzpN","GMS_PGF2025_MIN_2281","(Mota Maradi*2/Tx2911)-B-23-1","55779","sgh1LVOeGjFvJ","GMS_MN2025_213090","(Mota Maradi*2/Tx2911)-B-23-1-1","65450","sgh1LMY7DSQXj","NO_ISSUES_IDENTIFIED","Introgression_confirmed","ADVANCE BC1F5 IN PV2627","ADVANCE BC1F5 IN PV2627","BC1F5","65450","sgh1LMY7DSQXj"
"25ALM_BC1F3s1_2361","(Mota Maradi*2/Tx2911)-B-23","FXIN","25ALM_BC1F3s1_2257","GMS_MN2024_MIN_14083_23","(Mota Maradi*2/Tx2911)-B-23",48537,"sgh1LbLd0BlKp","GMS_PGF2025_MIN_2257","(Mota Maradi*2/Tx2911)-B-23-1","55779","sgh1Lk0NShqUU","GMS_MN2025_216102","(Mota Maradi*2/Tx2911)-B-23-1-1","65450","sgh1LuY0Mv6rF","NO_ISSUES_IDENTIFIED","Introgression_confirmed","ADVANCE BC1F5 IN PV2627","ADVANCE BC1F5 IN PV2627","BC1F5","65450","sgh1LuY0Mv6rF"
"25ALM_BC1F3s1_2344","(Mota Maradi*2/Tx2911)-B-22","FOKT","25ALM_BC1F3s1_2256","GMS_MN2024_MIN_14083_22","(Mota Maradi*2/Tx2911)-B-22",48536,"sgh1LbERCBvry","GMS_PGF2025_MIN_2256","(Mota Maradi*2/Tx2911)-B-22-1","55778","sgh1LWxiYdQHO",NA,NA,NA,NA,"NOT_HARVESTED_MN2025","Introgression_confirmed","ADVANCE BC1F4 IN PV2627","ADVANCE BC1F4 IN PV2627","BC1F4","55778","sgh1LWxiYdQHO"
"25ALM_BC1F3s1_2745","(Mota Maradi*2/Tx2911)-B-22","FHJG","25ALM_BC1F3s1_2280","GMS_MN2024_MIN_14084_22","(Mota Maradi*2/Tx2911)-B-22",48536,"sgh1LwcYqJGKr","GMS_PGF2025_MIN_2280","(Mota Maradi*2/Tx2911)-B-22-1","55778","sgh1LyJ4FQXHM","GMS_MN2025_223085","(Mota Maradi*2/Tx2911)-B-22-1-1","65677","sgh1La36O2W7B","NO_ISSUES_IDENTIFIED","Introgression_confirmed","ADVANCE BC1F5 IN PV2627","ADVANCE BC1F5 IN PV2627","BC1F5","65677","sgh1La36O2W7B"
"25ALM_BC1F3s1_0582","(Mota Maradi*2/Tx2911)-B-21","FCZZ","25ALM_BC1F3s1_2255","GMS_MN2024_MIN_14083_21","(Mota Maradi*2/Tx2911)-B-21",48535,"sgh1LiqOVeRiC","GMS_PGF2025_MIN_2255","(Mota Maradi*2/Tx2911)-B-21-1","55777","sgh1LN5F8FyV7","GMS_MN2025_130078","(Mota Maradi*2/Tx2911)-B-21-1-1","65735","sgh1LwHyTUCLH","NO_ISSUES_IDENTIFIED","Introgression_confirmed","ADVANCE BC1F5 IN PV2627","ADVANCE BC1F5 IN PV2627","BC1F5","65735","sgh1LwHyTUCLH"
"25ALM_BC1F3s1_1970","(Mota Maradi*2/Tx2911)-B-21","FXVV","25ALM_BC1F3s1_2279","GMS_MN2024_MIN_14084_21","(Mota Maradi*2/Tx2911)-B-21",48535,"sgh1Lno6E7rfQ","GMS_PGF2025_MIN_2279","(Mota Maradi*2/Tx2911)-B-21-1","55777","sgh1LNc6Ktd3z","GMS_MN2025_226101","(Mota Maradi*2/Tx2911)-B-21-1-1","65735","sgh1LLXqniVdF","NO_ISSUES_IDENTIFIED","Introgression_confirmed","ADVANCE BC1F5 IN PV2627","ADVANCE BC1F5 IN PV2627","BC1F5","65735","sgh1LLXqniVdF"
"25ALM_BC1F3s1_1134","(Mota Maradi*2/Tx2911)-B-20","FPWK","25ALM_BC1F3s1_2278","GMS_MN2024_MIN_14084_20","(Mota Maradi*2/Tx2911)-B-20",48534,"sgh1LIOo7AiUH","GMS_PGF2025_MIN_2278","(Mota Maradi*2/Tx2911)-B-20-1","55776","sgh1L0vL5c7Pl","GMS_MN2025_215094","(Mota Maradi*2/Tx2911)-B-20-1-1","65494","sgh1LM0apt06c","NO_ISSUES_IDENTIFIED","Introgression_confirmed","ADVANCE BC1F5 IN PV2627","ADVANCE BC1F5 IN PV2627","BC1F5","65494","sgh1LM0apt06c"
"25ALM_BC1F3s1_2761","(Mota Maradi*2/Tx2911)-B-20","FURE","25ALM_BC1F3s1_2254","GMS_MN2024_MIN_14083_20","(Mota Maradi*2/Tx2911)-B-20",48534,"sgh1Lz6fhygVj","GMS_PGF2025_MIN_2254","(Mota Maradi*2/Tx2911)-B-20-1","55776","sgh1LOf8ntNnR","GMS_MN2025_230083","(Mota Maradi*2/Tx2911)-B-20-1-1","65494","sgh1LzR3Jk12v","NO_ISSUES_IDENTIFIED","Introgression_confirmed","ADVANCE BC1F5 IN PV2627","ADVANCE BC1F5 IN PV2627","BC1F5","65494","sgh1LzR3Jk12v"
"25ALM_BC1F3s1_1100","(Mota Maradi*2/Tx2911)-B-2","FBYX","25ALM_BC1F3s1_1214","GMS_PV2324_MIN_16029_02","(Mota Maradi*2/Tx2911)-B-2",44341,"sgh1LM7jbJbmF","GMS_PGF2025_MIN_1214","(Mota Maradi*2/Tx2911)-B-2-1","55214","sgh1Lhw1msVRz","GMS_MN2025_130034","(Mota Maradi*2/Tx2911)-B-2-1-1","65404","sgh1LTOGZRBNa","NO_ISSUES_IDENTIFIED","Introgression_confirmed","ADVANCE BC1F5 IN PV2627","ADVANCE BC1F5 IN PV2627","BC1F5","65404","sgh1LTOGZRBNa"
"25ALM_BC1F3s1_1203","(Mota Maradi*2/Tx2911)-B-2","FBZH","25ALM_BC1F3s1_2236","GMS_MN2024_MIN_14083_02","(Mota Maradi*2/Tx2911)-B-2",44341,"sgh1LjErvBmSG","GMS_PGF2025_MIN_2236","(Mota Maradi*2/Tx2911)-B-2-1","55214","sgh1LuwgyIiGs","GMS_MN2025_211090","(Mota Maradi*2/Tx2911)-B-2-1-1","65404","sgh1L5J75tADS","NO_ISSUES_IDENTIFIED","Introgression_confirmed","ADVANCE BC1F5 IN PV2627","ADVANCE BC1F5 IN PV2627","BC1F5","65404","sgh1L5J75tADS"
"25ALM_BC1F3s1_2791","(Mota Maradi*2/Tx2911)-B-2","FCIB","25ALM_BC1F3s1_2260","GMS_MN2024_MIN_14084_02","(Mota Maradi*2/Tx2911)-B-2",44341,"sgh1LTLbdg6TK","GMS_PGF2025_MIN_2260","(Mota Maradi*2/Tx2911)-B-2-1","55214","sgh1L47U68AFU","GMS_MN2025_128079","(Mota Maradi*2/Tx2911)-B-2-1-1","65404","sgh1LZtykcyrE","NO_ISSUES_IDENTIFIED","Introgression_confirmed","ADVANCE BC1F5 IN PV2627","ADVANCE BC1F5 IN PV2627","BC1F5","65404","sgh1LZtykcyrE"
"25ALM_BC1F3s1_0999","(Mota Maradi*2/Tx2911)-B-19","FBDB","25ALM_BC1F3s1_2277","GMS_MN2024_MIN_14084_19","(Mota Maradi*2/Tx2911)-B-19",48533,"sgh1LyPu91kX2","GMS_PGF2025_MIN_2277","(Mota Maradi*2/Tx2911)-B-19-1","55775","sgh1LOrGA2dSM","GMS_MN2025_129007","(Mota Maradi*2/Tx2911)-B-19-1-1","65741","sgh1L1yyQ8h2x","NO_ISSUES_IDENTIFIED","Introgression_confirmed","ADVANCE BC1F5 IN PV2627","ADVANCE BC1F5 IN PV2627","BC1F5","65741","sgh1L1yyQ8h2x"
"25ALM_BC1F3s1_1143","(Mota Maradi*2/Tx2911)-B-19","FAMT","25ALM_BC1F3s1_2253","GMS_MN2024_MIN_14083_19","(Mota Maradi*2/Tx2911)-B-19",48533,"sgh1LXcm6XnrU","GMS_PGF2025_MIN_2253","(Mota Maradi*2/Tx2911)-B-19-1","55775","sgh1LRChWVOJG","GMS_MN2025_227088","(Mota Maradi*2/Tx2911)-B-19-1-1","65741","sgh1LdvsA9ZTf","NO_ISSUES_IDENTIFIED","Introgression_confirmed","ADVANCE BC1F5 IN PV2627","ADVANCE BC1F5 IN PV2627","BC1F5","65741","sgh1LdvsA9ZTf"
"25ALM_BC1F3s1_1173","(Mota Maradi*2/Tx2911)-B-18","FCEO","25ALM_BC1F3s1_2252","GMS_MN2024_MIN_14083_18","(Mota Maradi*2/Tx2911)-B-18",48532,"sgh1LDhi7D7Fa","GMS_PGF2025_MIN_2252","(Mota Maradi*2/Tx2911)-B-18-1","55774","sgh1Lv7eJEemG","GMS_MN2025_223091","(Mota Maradi*2/Tx2911)-B-18-1-1","65674","sgh1Ld5vP23vS","NO_ISSUES_IDENTIFIED","Introgression_confirmed","ADVANCE BC1F5 IN PV2627","ADVANCE BC1F5 IN PV2627","BC1F5","65674","sgh1Ld5vP23vS"
"25ALM_BC1F3s1_1265","(Mota Maradi*2/Tx2911)-B-18","FHJW","25ALM_BC1F3s1_2276","GMS_MN2024_MIN_14084_18","(Mota Maradi*2/Tx2911)-B-18",48532,"sgh1LmYXoFiau","GMS_PGF2025_MIN_2276","(Mota Maradi*2/Tx2911)-B-18-1","55774","sgh1LOtqlNZXi","GMS_MN2025_230102","(Mota Maradi*2/Tx2911)-B-18-1-1","65674","sgh1L31tJnVYx","NO_ISSUES_IDENTIFIED","Introgression_confirmed","ADVANCE BC1F5 IN PV2627","ADVANCE BC1F5 IN PV2627","BC1F5","65674","sgh1L31tJnVYx"
"25ALM_BC1F3s1_1054","(Mota Maradi*2/Tx2911)-B-17","FTYS","25ALM_BC1F3s1_2251","GMS_MN2024_MIN_14083_17","(Mota Maradi*2/Tx2911)-B-17",48531,"sgh1LA5d6AOk7","GMS_PGF2025_MIN_2251","(Mota Maradi*2/Tx2911)-B-17-1","55773","sgh1LptMhpk3P","GMS_MN2025_217092","(Mota Maradi*2/Tx2911)-B-17-1-1","65349","sgh1LtjvyntF5","NO_ISSUES_IDENTIFIED","Introgression_confirmed","ADVANCE BC1F5 IN PV2627","ADVANCE BC1F5 IN PV2627","BC1F5","65349","sgh1LtjvyntF5"
"25ALM_BC1F3s1_2631","(Mota Maradi*2/Tx2911)-B-17","FTMF","25ALM_BC1F3s1_2275","GMS_MN2024_MIN_14084_17","(Mota Maradi*2/Tx2911)-B-17",48531,"sgh1L1s1kjTF4","GMS_PGF2025_MIN_2275","(Mota Maradi*2/Tx2911)-B-17-1","55773","sgh1LDkUGhJGY","GMS_MN2025_209103","(Mota Maradi*2/Tx2911)-B-17-1-1","65349","sgh1LKrgOsQgM","NO_ISSUES_IDENTIFIED","Introgression_confirmed","ADVANCE BC1F5 IN PV2627","ADVANCE BC1F5 IN PV2627","BC1F5","65349","sgh1LKrgOsQgM"
"25ALM_BC1F3s1_1952","(Mota Maradi*2/Tx2911)-B-16","FNFI","25ALM_BC1F3s1_2274","GMS_MN2024_MIN_14084_16","(Mota Maradi*2/Tx2911)-B-16",48530,"sgh1LeLnczZtq","GMS_PGF2025_MIN_2274","(Mota Maradi*2/Tx2911)-B-16-1","55772","sgh1LY7aNimqj","GMS_MN2025_210092","(Mota Maradi*2/Tx2911)-B-16-1-1","65387","sgh1Lv1LtZfwQ","NO_ISSUES_IDENTIFIED","Introgression_confirmed","ADVANCE BC1F5 IN PV2627","ADVANCE BC1F5 IN PV2627","BC1F5","65387","sgh1Lv1LtZfwQ"
"25ALM_BC1F3s1_2336","(Mota Maradi*2/Tx2911)-B-16","FDKJ","25ALM_BC1F3s1_2250","GMS_MN2024_MIN_14083_16","(Mota Maradi*2/Tx2911)-B-16",48530,"sgh1LWj3oncZj","GMS_PGF2025_MIN_2250","(Mota Maradi*2/Tx2911)-B-16-1","55772","sgh1LC2NdHtrO",NA,NA,NA,NA,"NO_ISSUES_IDENTIFIED","Introgression_confirmed","ADVANCE BC1F4 IN PGF","ADVANCE BC1F4 IN PGF","BC1F4","55772","sgh1LC2NdHtrO"
"25ALM_BC1F3s1_0002","(Mota Maradi*2/Tx2911)-B-15","FNPV","25ALM_BC1F3s1_2273","GMS_MN2024_MIN_14084_15","(Mota Maradi*2/Tx2911)-B-15",44654,"sgh1LHzxH1mwK","GMS_PGF2025_MIN_2273","(Mota Maradi*2/Tx2911)-B-15-1","55473","sgh1LM1rnirWs","GMS_MN2025_210098","(Mota Maradi*2/Tx2911)-B-15-1-1","65391","sgh1LW43Dc8Pg","NO_ISSUES_IDENTIFIED","Introgression_confirmed","ADVANCE BC1F5 IN PV2627","ADVANCE BC1F5 IN PV2627","BC1F5","65391","sgh1LW43Dc8Pg"
"25ALM_BC1F3s1_0946","(Mota Maradi*2/Tx2911)-B-15","FKAC","25ALM_BC1F3s1_2249","GMS_MN2024_MIN_14083_15","(Mota Maradi*2/Tx2911)-B-15",44654,"sgh1LrmKIRxDv","GMS_PGF2025_MIN_2249","(Mota Maradi*2/Tx2911)-B-15-1","55473","sgh1LHOD3k064","GMS_MN2025_228092","(Mota Maradi*2/Tx2911)-B-15-1-1","65391","sgh1LDEOdhBoR","NO_ISSUES_IDENTIFIED","Introgression_confirmed","ADVANCE BC1F5 IN PV2627","ADVANCE BC1F5 IN PV2627","BC1F5","65391","sgh1LDEOdhBoR"
"25ALM_BC1F3s1_1167","(Mota Maradi*2/Tx2911)-B-15","FNOS","25ALM_BC1F3s1_1493","GMS_PV2324_MIN_01604_15","(Mota Maradi*2/Tx2911)-B-15",44654,"sgh1Ljfg5wKW3","GMS_PGF2025_MIN_1493","(Mota Maradi*2/Tx2911)-B-15-1","55473","sgh1LZhB97qBe","GMS_MN2025_221101","(Mota Maradi*2/Tx2911)-B-15-1-1","65391","sgh1LQjBtdauF","NO_ISSUES_IDENTIFIED","Introgression_confirmed","ADVANCE BC1F5 IN PV2627","ADVANCE BC1F5 IN PV2627","BC1F5","65391","sgh1LQjBtdauF"
"25ALM_BC1F3s1_0671","(Mota Maradi*2/Tx2911)-B-14","FOXT","25ALM_BC1F3s1_1492","GMS_PV2324_MIN_01604_14","(Mota Maradi*2/Tx2911)-B-14",44653,"sgh1LLne3bhGe","GMS_PGF2025_MIN_1492","(Mota Maradi*2/Tx2911)-B-14-1","55472","sgh1LNiS4lAnx","GMS_MN2025_131029","(Mota Maradi*2/Tx2911)-B-14-1-1","67686","sgh1LSkGiajxn","NO_ISSUES_IDENTIFIED","Introgression_confirmed","ADVANCE BC1F5 IN PV2627","ADVANCE BC1F5 IN PV2627","BC1F5","67686","sgh1LSkGiajxn"
"25ALM_BC1F3s1_2091","(Mota Maradi*2/Tx2911)-B-14","FRVY","25ALM_BC1F3s1_2272","GMS_MN2024_MIN_14084_14","(Mota Maradi*2/Tx2911)-B-14",44653,"sgh1L7fqWcc6S","GMS_PGF2025_MIN_2272","(Mota Maradi*2/Tx2911)-B-14-1","55472","sgh1Lj8ZFbIF2","GMS_MN2025_135040","(Mota Maradi*2/Tx2911)-B-14-1-1","67686","sgh1LFAO98lF3","NO_ISSUES_IDENTIFIED","Introgression_confirmed","ADVANCE BC1F5 IN PV2627","ADVANCE BC1F5 IN PV2627","BC1F5","67686","sgh1LFAO98lF3"
"25ALM_BC1F3s1_2856","(Mota Maradi*2/Tx2911)-B-14","FUKW","25ALM_BC1F3s1_2248","GMS_MN2024_MIN_14083_14","(Mota Maradi*2/Tx2911)-B-14",44653,"sgh1Lew7w43SZ","GMS_PGF2025_MIN_2248","(Mota Maradi*2/Tx2911)-B-14-1","55472","sgh1L9rtMKgI3",NA,NA,NA,NA,"NO_ISSUES_IDENTIFIED","Introgression_confirmed","ADVANCE BC1F4 IN PGF","ADVANCE BC1F4 IN PGF","BC1F4","55472","sgh1L9rtMKgI3"
"25ALM_BC1F3s1_2622","(Mota Maradi*2/Tx2911)-B-13","FFKE","25ALM_BC1F3s1_1491","GMS_PV2324_MIN_01604_13","(Mota Maradi*2/Tx2911)-B-13",44652,"sgh1Lmp6FN8tW","GMS_PGF2025_MIN_1491","(Mota Maradi*2/Tx2911)-B-13-1","55471","sgh1Ln2MYm10C","GMS_MN2025_120024","(Mota Maradi*2/Tx2911)-B-13-1-1","67391","sgh1Lm8bnyoTP","NO_ISSUES_IDENTIFIED","Introgression_confirmed","ADVANCE BC1F5 IN PV2627","ADVANCE BC1F5 IN PV2627","BC1F5","67391","sgh1Lm8bnyoTP"
"25ALM_BC1F3s1_0861","(Mota Maradi*2/Tx2911)-B-12","FOYN","25ALM_BC1F3s1_2270","GMS_MN2024_MIN_14084_12","(Mota Maradi*2/Tx2911)-B-12",44651,"sgh1LnwSJmoO4","GMS_PGF2025_MIN_2270","(Mota Maradi*2/Tx2911)-B-12-1","55470","sgh1L0ET8rwZK","GMS_MN2025_225101","(Mota Maradi*2/Tx2911)-B-12-1-1","65501","sgh1Lz9Y0pJRE","NO_ISSUES_IDENTIFIED","Introgression_confirmed","ADVANCE BC1F5 IN PV2627","ADVANCE BC1F5 IN PV2627","BC1F5","65501","sgh1Lz9Y0pJRE"
"25ALM_BC1F3s1_0992","(Mota Maradi*2/Tx2911)-B-12","FAIV","25ALM_BC1F3s1_1490","GMS_PV2324_MIN_01604_12","(Mota Maradi*2/Tx2911)-B-12",44651,"sgh1Lj41zwDoI","GMS_PGF2025_MIN_1490","(Mota Maradi*2/Tx2911)-B-12-1","55470","sgh1L3hHOSRVd","GMS_MN2025_215085","(Mota Maradi*2/Tx2911)-B-12-1-1","65501","sgh1LMZUeyDjL","NO_ISSUES_IDENTIFIED","Introgression_confirmed","ADVANCE BC1F5 IN PV2627","ADVANCE BC1F5 IN PV2627","BC1F5","65501","sgh1LMZUeyDjL"
"25ALM_BC1F3s1_1726","(Mota Maradi*2/Tx2911)-B-12","FYWS","25ALM_BC1F3s1_2246","GMS_MN2024_MIN_14083_12","(Mota Maradi*2/Tx2911)-B-12",44651,"sgh1LhgclaQ2o","GMS_PGF2025_MIN_2246","(Mota Maradi*2/Tx2911)-B-12-1","55470","sgh1LQbUtTDbd","GMS_MN2025_127018","(Mota Maradi*2/Tx2911)-B-12-1-1","65501","sgh1LusaIgGjJ","NO_ISSUES_IDENTIFIED","Introgression_confirmed","ADVANCE BC1F5 IN PV2627","ADVANCE BC1F5 IN PV2627","BC1F5","65501","sgh1LusaIgGjJ"
"25ALM_BC1F3s1_0496","(Mota Maradi*2/Tx2911)-B-11","FEGY","25ALM_BC1F3s1_2245","GMS_MN2024_MIN_14083_11","(Mota Maradi*2/Tx2911)-B-11",44350,"sgh1LriBbCVR9","GMS_PGF2025_MIN_2245","(Mota Maradi*2/Tx2911)-B-11-1","55771","sgh1LcYYDDU4e",NA,NA,NA,NA,"NOT_HARVESTED_MN2025","Introgression_confirmed","ADVANCE BC1F4 IN PV2627","ADVANCE BC1F4 IN PV2627","BC1F4","55771","sgh1LcYYDDU4e"
"25ALM_BC1F3s1_1021","(Mota Maradi*2/Tx2911)-B-11","FNMW","25ALM_BC1F3s1_2269","GMS_MN2024_MIN_14084_11","(Mota Maradi*2/Tx2911)-B-11",44350,"sgh1LrQXddN8a","GMS_PGF2025_MIN_2269","(Mota Maradi*2/Tx2911)-B-11-1","55771","sgh1LmoQJh94n","GMS_MN2025_113010","(Mota Maradi*2/Tx2911)-B-11-1-1","67188","sgh1LsEDnJ3tR","NO_ISSUES_IDENTIFIED","Introgression_confirmed","ADVANCE BC1F5 IN PV2627","ADVANCE BC1F5 IN PV2627","BC1F5","67188","sgh1LsEDnJ3tR"
"25ALM_BC1F3s1_0850","(Mota Maradi*2/Tx2911)-B-10","FSVZ","25ALM_BC1F3s1_2268","GMS_MN2024_MIN_14084_10","(Mota Maradi*2/Tx2911)-B-10",44349,"sgh1LnLEfpwhu","GMS_PGF2025_MIN_2268","(Mota Maradi*2/Tx2911)-B-10-1","55770","sgh1LqnPLrqMj","GMS_MN2025_212085","(Mota Maradi*2/Tx2911)-B-10-1-1","65347","sgh1LtgGyALuh","NO_ISSUES_IDENTIFIED","Introgression_confirmed","ADVANCE BC1F5 IN PV2627","ADVANCE BC1F5 IN PV2627","BC1F5","65347","sgh1LtgGyALuh"
"25ALM_BC1F3s1_2121","(Mota Maradi*2/Tx2911)-B-10","FHDF","25ALM_BC1F3s1_2244","GMS_MN2024_MIN_14083_10","(Mota Maradi*2/Tx2911)-B-10",44349,"sgh1LtAsGCBpk","GMS_PGF2025_MIN_2244","(Mota Maradi*2/Tx2911)-B-10-1","55770","sgh1L0SfZoU3P","GMS_MN2025_208083","(Mota Maradi*2/Tx2911)-B-10-1-1","65347","sgh1LqFbI7mTY","NO_ISSUES_IDENTIFIED","Introgression_confirmed","ADVANCE BC1F5 IN PV2627","ADVANCE BC1F5 IN PV2627","BC1F5","65347","sgh1LqFbI7mTY"
"25ALM_BC1F3s1_0075","(Mota Maradi*2/Tx2911)-B-1","FORK","25ALM_BC1F3s1_2259","GMS_MN2024_MIN_14084_01","(Mota Maradi*2/Tx2911)-B-1",44340,"sgh1Lcxd0laDP","GMS_PGF2025_MIN_2259","(Mota Maradi*2/Tx2911)-B-1-1","55213","sgh1LUAw8LxX3","GMS_MN2025_113077","(Mota Maradi*2/Tx2911)-B-1-1-1","65462","sgh1L88Q65XBT","NO_ISSUES_IDENTIFIED","Introgression_confirmed","ADVANCE BC1F5 IN PV2627","ADVANCE BC1F5 IN PV2627","BC1F5","65462","sgh1L88Q65XBT"
"25ALM_BC1F3s1_1797","(Mota Maradi*2/Tx2911)-B-1","FAPI","25ALM_BC1F3s1_2235","GMS_MN2024_MIN_14083_01","(Mota Maradi*2/Tx2911)-B-1",44340,"sgh1LDSmOQcfQ","GMS_PGF2025_MIN_2235","(Mota Maradi*2/Tx2911)-B-1-1","55213","sgh1LvWiQ6IE7","GMS_MN2025_218089","(Mota Maradi*2/Tx2911)-B-1-1-1","65462","sgh1LWislQc2y","NO_ISSUES_IDENTIFIED","Introgression_confirmed","ADVANCE BC1F5 IN PV2627","ADVANCE BC1F5 IN PV2627","BC1F5","65462","sgh1LWislQc2y"
"25ALM_BC1F3s1_2512","(Mota Maradi*2/Tx2911)-B-1","FFSR","25ALM_BC1F3s1_1213","GMS_PV2324_MIN_16029_01","(Mota Maradi*2/Tx2911)-B-1",44340,"sgh1LpavZXKFB","GMS_PGF2025_MIN_1213","(Mota Maradi*2/Tx2911)-B-1-1","55213","sgh1LcifbsdSZ","GMS_MN2025_224098","(Mota Maradi*2/Tx2911)-B-1-1-1","65462","sgh1LglrYZ7F5","NO_ISSUES_IDENTIFIED","Introgression_confirmed","ADVANCE BC1F5 IN PV2627","ADVANCE BC1F5 IN PV2627","BC1F5","65462","sgh1LglrYZ7F5"
"25ALM_BC1F3s1_0754","(Mota Maradi*2/SC1320)-B-9","FETL","25ALM_BC1F3s1_1063","GMS_PV2324_MIN_16018_09","(Mota Maradi*2/SC1320)-B-9",44183,"sgh1Lrcqny6T4","GMS_PGF2025_MIN_1063","(Mota Maradi*2/SC1320)-B-9-1","55074","sgh1Lzuzw6Jd9","GMS_MN2025_133027","(Mota Maradi*2/SC1320)-B-9-1-1","67739","sgh1Lgssiy6Kz","NO_ISSUES_IDENTIFIED","Introgression_confirmed","ADVANCE BC1F5 IN PV2627","ADVANCE BC1F5 IN PV2627","BC1F5","67739","sgh1Lgssiy6Kz"
"25ALM_BC1F3s1_2011","(Mota Maradi*2/SC1320)-B-7","FSPD","25ALM_BC1F3s1_1061","GMS_PV2324_MIN_16018_07","(Mota Maradi*2/SC1320)-B-7",44181,"sgh1LKMpF5qkv","GMS_PGF2025_MIN_1061","(Mota Maradi*2/SC1320)-B-7-1","55073","sgh1LdCAAqWrv","GMS_MN2025_216081","(Mota Maradi*2/SC1320)-B-7-1-1","65512","sgh1LJl35tZgt","NO_ISSUES_IDENTIFIED","Introgression_confirmed","ADVANCE BC1F5 IN PV2627","ADVANCE BC1F5 IN PV2627","BC1F5","65512","sgh1LJl35tZgt"
"25ALM_BC1F3s1_1676","(Mota Maradi*2/SC1320)-B-6","FRVK","25ALM_BC1F3s1_1060","GMS_PV2324_MIN_16018_06","(Mota Maradi*2/SC1320)-B-6",44180,"sgh1LtB95lvB5","GMS_PGF2025_MIN_1060","(Mota Maradi*2/SC1320)-B-6-1","55072","sgh1LCO0b3JBX",NA,NA,NA,NA,"NOT_HARVESTED_MN2025","Introgression_confirmed","ADVANCE BC1F4 IN PGF","ADVANCE BC1F4 IN PGF","BC1F4","55072","sgh1LCO0b3JBX"
"25ALM_BC1F3s1_2273","(Mota Maradi*2/SC1320)-B-5","FTWD","25ALM_BC1F3s1_1059","GMS_PV2324_MIN_16018_05","(Mota Maradi*2/SC1320)-B-5",44179,"sgh1LxO45fkxF","GMS_PGF2025_MIN_1059","(Mota Maradi*2/SC1320)-B-5-1","55071","sgh1LocDstEAQ","GMS_MN2025_223099","(Mota Maradi*2/SC1320)-B-5-1-1","66223","sgh1L0atuerAq","NO_ISSUES_IDENTIFIED","Introgression_confirmed","ADVANCE BC1F5 IN PV2627","ADVANCE BC1F5 IN PV2627","BC1F5","66223","sgh1L0atuerAq"
"25ALM_BC1F3s1_0369","(Mota Maradi*2/SC1320)-B-4","FMAU","25ALM_BC1F3s1_1058","GMS_PV2324_MIN_16018_04","(Mota Maradi*2/SC1320)-B-4",44178,"sgh1LhycIEVZE","GMS_PGF2025_MIN_1058","(Mota Maradi*2/SC1320)-B-4-1","55070","sgh1LqmqH5Fcj","GMS_MN2025_104033","(Mota Maradi*2/SC1320)-B-4-1-1","67484","sgh1LfImqR4cy","NO_ISSUES_IDENTIFIED","Introgression_confirmed","ADVANCE BC1F5 IN PV2627","ADVANCE BC1F5 IN PV2627","BC1F5","67484","sgh1LfImqR4cy"
"25ALM_BC1F3s1_1119","(Mota Maradi*2/SC1320)-B-3","FMEP","25ALM_BC1F3s1_1057","GMS_PV2324_MIN_16018_03","(Mota Maradi*2/SC1320)-B-3",44177,"sgh1LYuUSAcYa","GMS_PGF2025_MIN_1057","(Mota Maradi*2/SC1320)-B-3-1","55069","sgh1Lvu426Ol0","GMS_MN2025_105017","(Mota Maradi*2/SC1320)-B-3-1-1","67610","sgh1LggVpEH9X","NO_ISSUES_IDENTIFIED","Introgression_confirmed","ADVANCE BC1F5 IN PV2627","ADVANCE BC1F5 IN PV2627","BC1F5","67610","sgh1LggVpEH9X"
"25ALM_BC1F3s1_1073","(Mota Maradi*2/SC1320)-B-2","FIYM","25ALM_BC1F3s1_1056","GMS_PV2324_MIN_16018_02","(Mota Maradi*2/SC1320)-B-2",44176,"sgh1LtrEPbqxt","GMS_PGF2025_MIN_1056","(Mota Maradi*2/SC1320)-B-2-1","55068","sgh1Lo2r5gxbj","GMS_MN2025_112008","(Mota Maradi*2/SC1320)-B-2-1-1","67159","sgh1LsklA67ei","NO_ISSUES_IDENTIFIED","Introgression_confirmed","ADVANCE BC1F5 IN PV2627","ADVANCE BC1F5 IN PV2627","BC1F5","67159","sgh1LsklA67ei"
"25ALM_BC1F3s1_1281","(Mota Maradi*2/SC1320)-B-14","FDSV","25ALM_BC1F3s1_1068","GMS_PV2324_MIN_16018_14","(Mota Maradi*2/SC1320)-B-14",44188,"sgh1LQCr6wRPR","GMS_PGF2025_MIN_1068","(Mota Maradi*2/SC1320)-B-14-1","55079","sgh1LCW8Onc7f","GMS_MN2025_215097","(Mota Maradi*2/SC1320)-B-14-1-1","65491","sgh1L733H6jSo","NO_ISSUES_IDENTIFIED","Introgression_confirmed","ADVANCE BC1F5 IN PV2627","ADVANCE BC1F5 IN PV2627","BC1F5","65491","sgh1L733H6jSo"
"25ALM_BC1F3s1_0912","(Mota Maradi*2/SC1320)-B-13","FJUD","25ALM_BC1F3s1_1067","GMS_PV2324_MIN_16018_13","(Mota Maradi*2/SC1320)-B-13",44187,"sgh1LbdUbjEWM","GMS_PGF2025_MIN_1067","(Mota Maradi*2/SC1320)-B-13-1","55078","sgh1L9T1FCxxR","GMS_MN2025_125021","(Mota Maradi*2/SC1320)-B-13-1-1","67530","sgh1L6eLvQEZ5","NO_ISSUES_IDENTIFIED","Introgression_confirmed","ADVANCE BC1F5 IN PV2627","ADVANCE BC1F5 IN PV2627","BC1F5","67530","sgh1L6eLvQEZ5"
"25ALM_BC1F3s1_0713","(Mota Maradi*2/SC1320)-B-12","FALD","25ALM_BC1F3s1_1066","GMS_PV2324_MIN_16018_12","(Mota Maradi*2/SC1320)-B-12",44186,"sgh1LPjJ3RHWV","GMS_PGF2025_MIN_1066","(Mota Maradi*2/SC1320)-B-12-1","55077","sgh1LMFeGaMe0","GMS_MN2025_126039","(Mota Maradi*2/SC1320)-B-12-1-1","67563","sgh1L3PgwlChU","NO_ISSUES_IDENTIFIED","Introgression_confirmed","ADVANCE BC1F5 IN PV2627","ADVANCE BC1F5 IN PV2627","BC1F5","67563","sgh1L3PgwlChU"
"25ALM_BC1F3s1_1683","(Mota Maradi*2/SC1320)-B-11","FOMC","25ALM_BC1F3s1_1065","GMS_PV2324_MIN_16018_11","(Mota Maradi*2/SC1320)-B-11",44185,"sgh1Lb1RhCmOO","GMS_PGF2025_MIN_1065","(Mota Maradi*2/SC1320)-B-11-1","55076","sgh1LtF09ET5x","GMS_MN2025_123076","(Mota Maradi*2/SC1320)-B-11-1-1","65685","sgh1L2rj7W1s8","NO_ISSUES_IDENTIFIED","Introgression_confirmed","ADVANCE BC1F5 IN PV2627","ADVANCE BC1F5 IN PV2627","BC1F5","65685","sgh1L2rj7W1s8"
"25ALM_BC1F3s1_1527","(Mota Maradi*2/SC1320)-B-10","FAKJ","25ALM_BC1F3s1_1064","GMS_PV2324_MIN_16018_10","(Mota Maradi*2/SC1320)-B-10",44184,"sgh1LFIWgVgdN","GMS_PGF2025_MIN_1064","(Mota Maradi*2/SC1320)-B-10-1","55075","sgh1LAQdJ4V6Y",NA,NA,NA,NA,"NOT_HARVESTED_MN2025","Introgression_confirmed","ADVANCE BC1F4 IN PGF","ADVANCE BC1F4 IN PGF","BC1F4","55075","sgh1LAQdJ4V6Y"
"25ALM_BC1F3s1_1366","(Mota Maradi*2/SC1320)-B-1","FYBI","25ALM_BC1F3s1_1055","GMS_PV2324_MIN_16018_01","(Mota Maradi*2/SC1320)-B-1",44175,"sgh1LnXGbtNXS","GMS_PGF2025_MIN_1055","(Mota Maradi*2/SC1320)-B-1-1","55067","sgh1Lm803uPhk","GMS_MN2025_229091","(Mota Maradi*2/SC1320)-B-1-1-1","65781","sgh1LLHQACLJX","NO_ISSUES_IDENTIFIED","Introgression_confirmed","ADVANCE BC1F5 IN PV2627","ADVANCE BC1F5 IN PV2627","BC1F5","65781","sgh1LLHQACLJX"
"25ALM_BC1F3s1_0624","(Mota Maradi*2/SC449)-B-9","FWUO","25ALM_BC1F3s1_1078","GMS_PV2324_MIN_16019_09","(Mota Maradi*2/SC449)-B-9",44198,"sgh1LEAEN8MZi","GMS_PGF2025_MIN_1078","(Mota Maradi*2/SC449)-B-9-1","55087","sgh1Lqw54I26n","GMS_MN2025_212086","(Mota Maradi*2/SC449)-B-9-1-1","65424","sgh1LyOXVAlTl","NO_ISSUES_IDENTIFIED","Introgression_confirmed","ADVANCE BC1F5 IN PV2627","ADVANCE BC1F5 IN PV2627","BC1F5","65424","sgh1LyOXVAlTl"
"25ALM_BC1F3s1_0783","(Mota Maradi*2/SC449)-B-8","FZQU","25ALM_BC1F3s1_1077","GMS_PV2324_MIN_16019_08","(Mota Maradi*2/SC449)-B-8",44197,"sgh1LN9ajjukN","GMS_PGF2025_MIN_1077","(Mota Maradi*2/SC449)-B-8-1","55086","sgh1LG6gVgdYm","GMS_MN2025_124039","(Mota Maradi*2/SC449)-B-8-1-1","67516","sgh1LauGtc4G3","NO_ISSUES_IDENTIFIED","Introgression_confirmed","ADVANCE BC1F5 IN PV2627","ADVANCE BC1F5 IN PV2627","BC1F5","67516","sgh1LauGtc4G3"
"25ALM_BC1F3s1_1529","(Mota Maradi*2/SC449)-B-7","FLGI","25ALM_BC1F3s1_1076","GMS_PV2324_MIN_16019_07","(Mota Maradi*2/SC449)-B-7",44196,"sgh1LgMG5BFna","GMS_PGF2025_MIN_1076","(Mota Maradi*2/SC449)-B-7-1","55085","sgh1L3MAuPx4W","GMS_MN2025_134025","(Mota Maradi*2/SC449)-B-7-1-1","67765","sgh1L9RMZGc7Y","NO_ISSUES_IDENTIFIED","Introgression_confirmed","ADVANCE BC1F5 IN PV2627","ADVANCE BC1F5 IN PV2627","BC1F5","67765","sgh1L9RMZGc7Y"
"25ALM_BC1F3s1_0898","(Mota Maradi*2/SC449)-B-4","FXEL","25ALM_BC1F3s1_1073","GMS_PV2324_MIN_16019_04","(Mota Maradi*2/SC449)-B-4",44193,"sgh1LHsmD7pIo","GMS_PGF2025_MIN_1073","(Mota Maradi*2/SC449)-B-4-1","55083","sgh1LRN9Z9G1T","GMS_MN2025_119079","(Mota Maradi*2/SC449)-B-4-1-1","65595","sgh1LPO70Vziq","NO_ISSUES_IDENTIFIED","Introgression_confirmed","ADVANCE BC1F5 IN PV2627","ADVANCE BC1F5 IN PV2627","BC1F5","65595","sgh1LPO70Vziq"
"25ALM_BC1F3s1_1611","(Mota Maradi*2/SC449)-B-3","FPEG","25ALM_BC1F3s1_1072","GMS_PV2324_MIN_16019_03","(Mota Maradi*2/SC449)-B-3",44192,"sgh1LN4PHeXqE","GMS_PGF2025_MIN_1072","(Mota Maradi*2/SC449)-B-3-1","55082","sgh1L1GPhy8l6",NA,NA,NA,NA,"NOT_HARVESTED_MN2025","Introgression_confirmed","ADVANCE BC1F4 IN PGF","ADVANCE BC1F4 IN PGF","BC1F4","55082","sgh1L1GPhy8l6"
"25ALM_BC1F3s1_0140","(Mota Maradi*2/SC449)-B-2","FGAH","25ALM_BC1F3s1_1071","GMS_PV2324_MIN_16019_02","(Mota Maradi*2/SC449)-B-2",44191,"sgh1LCnoVGv9V","GMS_PGF2025_MIN_1071","(Mota Maradi*2/SC449)-B-2-1","55081","sgh1LBqx8WHKH","GMS_MN2025_225086","(Mota Maradi*2/SC449)-B-2-1-1","65711","sgh1LbCiFhVQK","NO_ISSUES_IDENTIFIED","Introgression_confirmed","ADVANCE BC1F5 IN PV2627","ADVANCE BC1F5 IN PV2627","BC1F5","65711","sgh1LbCiFhVQK"
"25ALM_BC1F3s1_0396","(Mota Maradi*2/SC449)-B-15","FZQF","25ALM_BC1F3s1_1084","GMS_PV2324_MIN_16019_15","(Mota Maradi*2/SC449)-B-15",44204,"sgh1Lwqd1PuMB","GMS_PGF2025_MIN_1084","(Mota Maradi*2/SC449)-B-15-1","55093","sgh1LfpIBc4PY","GMS_MN2025_221102","(Mota Maradi*2/SC449)-B-15-1-1","65621","sgh1LB7Fp4AdN","NO_ISSUES_IDENTIFIED","Introgression_confirmed","ADVANCE BC1F5 IN PV2627","ADVANCE BC1F5 IN PV2627","BC1F5","65621","sgh1LB7Fp4AdN"
"25ALM_BC1F3s1_1633","(Mota Maradi*2/SC449)-B-14","FXFB","25ALM_BC1F3s1_1083","GMS_PV2324_MIN_16019_14","(Mota Maradi*2/SC449)-B-14",44203,"sgh1LP7AwFA7y","GMS_PGF2025_MIN_1083","(Mota Maradi*2/SC449)-B-14-1","55092","sgh1LfrehtQEA","GMS_MN2025_215083","(Mota Maradi*2/SC449)-B-14-1-1","65503","sgh1LX9AFv1R5","NO_ISSUES_IDENTIFIED","Introgression_confirmed","ADVANCE BC1F5 IN PV2627","ADVANCE BC1F5 IN PV2627","BC1F5","65503","sgh1LX9AFv1R5"
"25ALM_BC1F3s1_0549","(Mota Maradi*2/SC449)-B-13","FUBZ","25ALM_BC1F3s1_1082","GMS_PV2324_MIN_16019_13","(Mota Maradi*2/SC449)-B-13",44202,"sgh1Lncy48Dnt","GMS_PGF2025_MIN_1082","(Mota Maradi*2/SC449)-B-13-1","55091","sgh1LmLqnkl2m","GMS_MN2025_213082","(Mota Maradi*2/SC449)-B-13-1-1","65457","sgh1LgVPDi8Yo","NO_ISSUES_IDENTIFIED","Introgression_confirmed","ADVANCE BC1F5 IN PV2627","ADVANCE BC1F5 IN PV2627","BC1F5","65457","sgh1LgVPDi8Yo"
"25ALM_BC1F3s1_1744","(Mota Maradi*2/SC449)-B-12","FUMF","25ALM_BC1F3s1_1081","GMS_PV2324_MIN_16019_12","(Mota Maradi*2/SC449)-B-12",44201,"sgh1L7dlqcpqH","GMS_PGF2025_MIN_1081","(Mota Maradi*2/SC449)-B-12-1","55090","sgh1LdIHQA2Qj","GMS_MN2025_128009","(Mota Maradi*2/SC449)-B-12-1-1","67587","sgh1LIOSZwWIV","NO_ISSUES_IDENTIFIED","Introgression_confirmed","ADVANCE BC1F5 IN PV2627","ADVANCE BC1F5 IN PV2627","BC1F5","67587","sgh1LIOSZwWIV"
"25ALM_BC1F3s1_0656","(Mota Maradi*2/SC449)-B-11","FOZH","25ALM_BC1F3s1_1080","GMS_PV2324_MIN_16019_11","(Mota Maradi*2/SC449)-B-11",44200,"sgh1LL4dwtKbA","GMS_PGF2025_MIN_1080","(Mota Maradi*2/SC449)-B-11-1","55089","sgh1LFDFBd5o7","GMS_MN2025_228084","(Mota Maradi*2/SC449)-B-11-1-1","65755","sgh1LWsNmzeCk","NO_ISSUES_IDENTIFIED","Introgression_confirmed","ADVANCE BC1F5 IN PV2627","ADVANCE BC1F5 IN PV2627","BC1F5","65755","sgh1LWsNmzeCk"
"25ALM_BC1F3s1_0348","(Mota Maradi*2/SC449)-B-10","FBTS","25ALM_BC1F3s1_1079","GMS_PV2324_MIN_16019_10","(Mota Maradi*2/SC449)-B-10",44199,"sgh1LQeiHc7jC","GMS_PGF2025_MIN_1079","(Mota Maradi*2/SC449)-B-10-1","55088","sgh1LrMRWn5By","GMS_MN2025_111033","(Mota Maradi*2/SC449)-B-10-1-1","67150","sgh1LojUoHNHl","NO_ISSUES_IDENTIFIED","Introgression_confirmed","ADVANCE BC1F5 IN PV2627","ADVANCE BC1F5 IN PV2627","BC1F5","67150","sgh1LojUoHNHl"
"25ALM_BC1F3s1_1017","(Mota Maradi*2/SC449)-B-1","FECP","25ALM_BC1F3s1_1070","GMS_PV2324_MIN_16019_01","(Mota Maradi*2/SC449)-B-1",44190,"sgh1LOPWirAAO","GMS_PGF2025_MIN_1070","(Mota Maradi*2/SC449)-B-1-1","55080","sgh1LNPZzkCDX","GMS_MN2025_112019","(Mota Maradi*2/SC449)-B-1-1-1","67166","sgh1L3C5Ahb7c","NO_ISSUES_IDENTIFIED","Introgression_confirmed","ADVANCE BC1F5 IN PV2627","ADVANCE BC1F5 IN PV2627","BC1F5","67166","sgh1L3C5Ahb7c"
"25ALM_BC1F3s1_0556","(Mota Maradi*2/SC855)-B-9","FFOV","25ALM_BC1F3s1_2293","GMS_MN2024_MIN_15066_09","(Mota Maradi*2/SC855)-B-9",43088,"sgh1LBgHIc134","GMS_PGF2025_MIN_2293","(Mota Maradi*2/SC855)-B-9-1","54441","sgh1LAOnBeOsN","GMS_MN2025_226084","(Mota Maradi*2/SC855)-B-9-1-1","65725","sgh1LeJJ17yO6","NO_ISSUES_IDENTIFIED","Introgression_confirmed","ADVANCE BC1F5 IN PV2627","ADVANCE BC1F5 IN PV2627","BC1F5","65725","sgh1LeJJ17yO6"
"25ALM_BC1F3s1_1586","(Mota Maradi*2/SC855)-B-9","FKXO","25ALM_BC1F3s1_0384","GMS_PV2324_MIN_15036_09","(Mota Maradi*2/SC855)-B-9",43088,"sgh1Lj3ZkMZmz","GMS_PGF2025_MIN_0384","(Mota Maradi*2/SC855)-B-9-1","54441","sgh1LODn0NSfm","GMS_MN2025_227095","(Mota Maradi*2/SC855)-B-9-1-1","65725","sgh1LyW8vndTD","NO_ISSUES_IDENTIFIED","Introgression_confirmed","ADVANCE BC1F5 IN PV2627","ADVANCE BC1F5 IN PV2627","BC1F5","65725","sgh1LyW8vndTD"
"25ALM_BC1F3s1_0324","(Mota Maradi*2/SC855)-B-8","FUQU","25ALM_BC1F3s1_0383","GMS_PV2324_MIN_15036_08","(Mota Maradi*2/SC855)-B-8",43087,"sgh1L8RVLzZUN","GMS_PGF2025_MIN_0383","(Mota Maradi*2/SC855)-B-8-1","54440","sgh1LrZRw0MWi","GMS_MN2025_118042","(Mota Maradi*2/SC855)-B-8-1-1","67619","sgh1L4tkg0eeH","NO_ISSUES_IDENTIFIED","Introgression_confirmed","ADVANCE BC1F5 IN PV2627","ADVANCE BC1F5 IN PV2627","BC1F5","67619","sgh1L4tkg0eeH"
"25ALM_BC1F3s1_2028","(Mota Maradi*2/SC855)-B-8","FSZK","25ALM_BC1F3s1_2292","GMS_MN2024_MIN_15066_08","(Mota Maradi*2/SC855)-B-8",43087,"sgh1LB4rjBLl7","GMS_PGF2025_MIN_2292","(Mota Maradi*2/SC855)-B-8-1","54440","sgh1L52EuQStH","GMS_MN2025_115024","(Mota Maradi*2/SC855)-B-8-1-1","67619","sgh1LfnSsnsw7","NO_ISSUES_IDENTIFIED","Introgression_confirmed","ADVANCE BC1F5 IN PV2627","ADVANCE BC1F5 IN PV2627","BC1F5","67619","sgh1LfnSsnsw7"
"25ALM_BC1F3s1_0254","(Mota Maradi*2/SC855)-B-7","FHFR","25ALM_BC1F3s1_0382","GMS_PV2324_MIN_15036_07","(Mota Maradi*2/SC855)-B-7",43086,"sgh1LEUbAutLX","GMS_PGF2025_MIN_0382","(Mota Maradi*2/SC855)-B-7-1","54439","sgh1LDCJoGPWf","GMS_MN2025_135018","(Mota Maradi*2/SC855)-B-7-1-1","67320","sgh1LhDqBCFGF","NO_ISSUES_IDENTIFIED","Introgression_confirmed","ADVANCE BC1F5 IN PV2627","ADVANCE BC1F5 IN PV2627","BC1F5","67320","sgh1LhDqBCFGF"
"25ALM_BC1F3s1_2530","(Mota Maradi*2/SC855)-B-6","FXZA","25ALM_BC1F3s1_0381","GMS_PV2324_MIN_15036_06","(Mota Maradi*2/SC855)-B-6",43085,"sgh1LDSSNIdzV","GMS_PGF2025_MIN_0381","(Mota Maradi*2/SC855)-B-6-1","54438","sgh1LDxQJqKbL","GMS_MN2025_131022","(Mota Maradi*2/SC855)-B-6-1-1","67770","sgh1LNfFNkE9y","NO_ISSUES_IDENTIFIED","Introgression_confirmed","ADVANCE BC1F5 IN PV2627","ADVANCE BC1F5 IN PV2627","BC1F5","67770","sgh1LNfFNkE9y"
"25ALM_BC1F3s1_0044","(Mota Maradi*2/SC855)-B-5","FEMQ","25ALM_BC1F3s1_2301","GMS_MN2024_MIN_15067_05","(Mota Maradi*2/SC855)-B-5",43084,"sgh1LRBu8ndWO","GMS_PGF2025_MIN_2301","(Mota Maradi*2/SC855)-B-5-1","54437","sgh1LZex2xUq1","GMS_MN2025_105032","(Mota Maradi*2/SC855)-B-5-1-1","65361","sgh1LdDhm1KV8","NO_ISSUES_IDENTIFIED","Introgression_confirmed","ADVANCE BC1F5 IN PV2627","ADVANCE BC1F5 IN PV2627","BC1F5","65361","sgh1LdDhm1KV8"
"25ALM_BC1F3s1_1185","(Mota Maradi*2/SC855)-B-5","FVKL","25ALM_BC1F3s1_0380","GMS_PV2324_MIN_15036_05","(Mota Maradi*2/SC855)-B-5",43084,"sgh1LLUZ50kSK","GMS_PGF2025_MIN_0380","(Mota Maradi*2/SC855)-B-5-1","54437","sgh1L2WGl2iUW","GMS_MN2025_227097","(Mota Maradi*2/SC855)-B-5-1-1","65361","sgh1LBqPbTxSB","NO_ISSUES_IDENTIFIED","Introgression_confirmed","ADVANCE BC1F5 IN PV2627","ADVANCE BC1F5 IN PV2627","BC1F5","65361","sgh1LBqPbTxSB"
"25ALM_BC1F3s1_2533","(Mota Maradi*2/SC855)-B-5","FAWE","25ALM_BC1F3s1_2289","GMS_MN2024_MIN_15066_05","(Mota Maradi*2/SC855)-B-5",43084,"sgh1Lup1wmdMh","GMS_PGF2025_MIN_2289","(Mota Maradi*2/SC855)-B-5-1","54437","sgh1LTjvLwioO","GMS_MN2025_209088","(Mota Maradi*2/SC855)-B-5-1-1","65361","sgh1L1eFoCT4g","NO_ISSUES_IDENTIFIED","Introgression_confirmed","ADVANCE BC1F5 IN PV2627","ADVANCE BC1F5 IN PV2627","BC1F5","65361","sgh1L1eFoCT4g"
"25ALM_BC1F3s1_0681","(Mota Maradi*2/SC855)-B-4","FOUB","25ALM_BC1F3s1_0379","GMS_PV2324_MIN_15036_04","(Mota Maradi*2/SC855)-B-4",43083,"sgh1L6uHpq3yB","GMS_PGF2025_MIN_0379","(Mota Maradi*2/SC855)-B-4-1","54436","sgh1Lqw8Fr2bg","GMS_MN2025_119023","(Mota Maradi*2/SC855)-B-4-1-1","67165","sgh1LkpXPIDAo","NO_ISSUES_IDENTIFIED","Introgression_confirmed","ADVANCE BC1F5 IN PV2627","ADVANCE BC1F5 IN PV2627","BC1F5","67165","sgh1LkpXPIDAo"
"25ALM_BC1F3s1_0420","(Mota Maradi*2/SC855)-B-3","FQLA","25ALM_BC1F3s1_0378","GMS_PV2324_MIN_15036_03","(Mota Maradi*2/SC855)-B-3",43082,"sgh1LtKXanPWn","GMS_PGF2025_MIN_0378","(Mota Maradi*2/SC855)-B-3-1","54435","sgh1LBbiogN7T","GMS_MN2025_223093","(Mota Maradi*2/SC855)-B-3-1-1","65673","sgh1LMkaErAJ1","NO_ISSUES_IDENTIFIED","Introgression_confirmed","ADVANCE BC1F5 IN PV2627","ADVANCE BC1F5 IN PV2627","BC1F5","65673","sgh1LMkaErAJ1"
"25ALM_BC1F3s1_1737","(Mota Maradi*2/SC855)-B-2","FIXD","25ALM_BC1F3s1_2286","GMS_MN2024_MIN_15066_02","(Mota Maradi*2/SC855)-B-2",43081,"sgh1LvFzYywwH","GMS_PGF2025_MIN_2286","(Mota Maradi*2/SC855)-B-2-1","54434","sgh1LXCZ4OI5x","GMS_MN2025_230098","(Mota Maradi*2/SC855)-B-2-1-1","65808","sgh1LLZ9FHe4m","NO_ISSUES_IDENTIFIED","Introgression_confirmed","ADVANCE BC1F5 IN PV2627","ADVANCE BC1F5 IN PV2627","BC1F5","65808","sgh1LLZ9FHe4m"
"25ALM_BC1F3s1_1823","(Mota Maradi*2/SC855)-B-2","FQQD","25ALM_BC1F3s1_0377","GMS_PV2324_MIN_15036_02","(Mota Maradi*2/SC855)-B-2",43081,"sgh1Lij9DpSrl","GMS_PGF2025_MIN_0377","(Mota Maradi*2/SC855)-B-2-1","54434","sgh1LdVlmnFMY",NA,NA,NA,NA,"NOT_HARVESTED_MN2025","Introgression_confirmed","ADVANCE BC1F4 IN PGF","ADVANCE BC1F4 IN PGF","BC1F4","54434","sgh1LdVlmnFMY"
"25ALM_BC1F3s1_1264","(Mota Maradi*2/SC855)-B-15","FMEU","25ALM_BC1F3s1_2311","GMS_MN2024_MIN_15067_15","(Mota Maradi*2/SC855)-B-15",43094,"sgh1LSb4g63R1","GMS_PGF2025_MIN_2311","(Mota Maradi*2/SC855)-B-15-1","55787","sgh1LAHWSUngw","GMS_MN2025_119025","(Mota Maradi*2/SC855)-B-15-1-1","67363","sgh1LLy0fOA8F","NO_ISSUES_IDENTIFIED","Introgression_confirmed","ADVANCE BC1F5 IN PV2627","ADVANCE BC1F5 IN PV2627","BC1F5","67363","sgh1LLy0fOA8F"
"25ALM_BC1F3s1_1831","(Mota Maradi*2/SC855)-B-14","FIQC","25ALM_BC1F3s1_2310","GMS_MN2024_MIN_15067_14","(Mota Maradi*2/SC855)-B-14",43093,"sgh1Lv104WBvS","GMS_PGF2025_MIN_2310","(Mota Maradi*2/SC855)-B-14-1","55786","sgh1LPBRWF3nQ","GMS_MN2025_225084","(Mota Maradi*2/SC855)-B-14-1-1","65713","sgh1LkJy5qxHS","NO_ISSUES_IDENTIFIED","Introgression_confirmed","ADVANCE BC1F5 IN PV2627","ADVANCE BC1F5 IN PV2627","BC1F5","65713","sgh1LkJy5qxHS"
"25ALM_BC1F3s1_0466","(Mota Maradi*2/SC855)-B-13","FPNP","25ALM_BC1F3s1_2297","GMS_MN2024_MIN_15066_13","(Mota Maradi*2/SC855)-B-13",43092,"sgh1L08rWInEJ","GMS_PGF2025_MIN_2297","(Mota Maradi*2/SC855)-B-13-1","55785","sgh1LRb4x7m4r","GMS_MN2025_222088","(Mota Maradi*2/SC855)-B-13-1-1","65653","sgh1L9bBzH2KB","NO_ISSUES_IDENTIFIED","Introgression_confirmed","ADVANCE BC1F5 IN PV2627","ADVANCE BC1F5 IN PV2627","BC1F5","65653","sgh1L9bBzH2KB"
"25ALM_BC1F3s1_0022","(Mota Maradi*2/SC855)-B-12","FBVN","25ALM_BC1F3s1_2296","GMS_MN2024_MIN_15066_12","(Mota Maradi*2/SC855)-B-12",43091,"sgh1LTskTpgJC","GMS_PGF2025_MIN_2296","(Mota Maradi*2/SC855)-B-12-1","55784","sgh1LTCannLLZ","GMS_MN2025_214082","(Mota Maradi*2/SC855)-B-12-1-1","65469","sgh1Lv1QmsAGo","NO_ISSUES_IDENTIFIED","Introgression_confirmed","ADVANCE BC1F5 IN PV2627","ADVANCE BC1F5 IN PV2627","BC1F5","65469","sgh1Lv1QmsAGo"
"25ALM_BC1F3s1_2579","(Mota Maradi*2/SC855)-B-12","FPRZ","25ALM_BC1F3s1_2308","GMS_MN2024_MIN_15067_12","(Mota Maradi*2/SC855)-B-12",43091,"sgh1LO5roxwNV","GMS_PGF2025_MIN_2308","(Mota Maradi*2/SC855)-B-12-1","55784","sgh1L1SGpDTFS","GMS_MN2025_223082","(Mota Maradi*2/SC855)-B-12-1-1","65469","sgh1LyBtMVKZi","NO_ISSUES_IDENTIFIED","Introgression_confirmed","ADVANCE BC1F5 IN PV2627","ADVANCE BC1F5 IN PV2627","BC1F5","65469","sgh1LyBtMVKZi"
"25ALM_BC1F3s1_0960","(Mota Maradi*2/SC855)-B-11","FRYX","25ALM_BC1F3s1_2295","GMS_MN2024_MIN_15066_11","(Mota Maradi*2/SC855)-B-11",43090,"sgh1LJWPE6mKI","GMS_PGF2025_MIN_2295","(Mota Maradi*2/SC855)-B-11-1","54443","sgh1LLSRr20DT","GMS_MN2025_219099","(Mota Maradi*2/SC855)-B-11-1-1","65576","sgh1LgEblByWi","NO_ISSUES_IDENTIFIED","Introgression_confirmed","ADVANCE BC1F5 IN PV2627","ADVANCE BC1F5 IN PV2627","BC1F5","65576","sgh1LgEblByWi"
"25ALM_BC1F3s1_2385","(Mota Maradi*2/SC855)-B-11","FCOH","25ALM_BC1F3s1_0386","GMS_PV2324_MIN_15036_11","(Mota Maradi*2/SC855)-B-11",43090,"sgh1LlESJj73a","GMS_PGF2025_MIN_0386","(Mota Maradi*2/SC855)-B-11-1","54443","sgh1LhLLbneUR","GMS_MN2025_115008","(Mota Maradi*2/SC855)-B-11-1-1","65576","sgh1Lr7UnZENx","NO_ISSUES_IDENTIFIED","Introgression_confirmed","ADVANCE BC1F5 IN PV2627","ADVANCE BC1F5 IN PV2627","BC1F5","65576","sgh1Lr7UnZENx"
"25ALM_BC1F3s1_0602","(Mota Maradi*2/SC855)-B-10","FPSH","25ALM_BC1F3s1_2306","GMS_MN2024_MIN_15067_10","(Mota Maradi*2/SC855)-B-10",43089,"sgh1LOeODLwqY","GMS_PGF2025_MIN_2306","(Mota Maradi*2/SC855)-B-10-1","54442","sgh1LdMbuBKqN",NA,NA,NA,NA,"NOT_HARVESTED_MN2025","Introgression_confirmed","ADVANCE BC1F4 IN PV2627","ADVANCE BC1F4 IN PV2627","BC1F4","54442","sgh1LdMbuBKqN"
"25ALM_BC1F3s1_1977","(Mota Maradi*2/SC855)-B-10","FLEQ","25ALM_BC1F3s1_0385","GMS_PV2324_MIN_15036_10","(Mota Maradi*2/SC855)-B-10",43089,"sgh1LKTW3tUKN","GMS_PGF2025_MIN_0385","(Mota Maradi*2/SC855)-B-10-1","54442","sgh1LD1VEsrUE","GMS_MN2025_131033","(Mota Maradi*2/SC855)-B-10-1-1","67004","sgh1LRgvNcJur","NO_ISSUES_IDENTIFIED","Introgression_confirmed","ADVANCE BC1F5 IN PV2627","ADVANCE BC1F5 IN PV2627","BC1F5","67004","sgh1LRgvNcJur"
"25ALM_BC1F3s1_0265","(Mota Maradi*2/SC855)-B-1","FWCA","25ALM_BC1F3s1_2285","GMS_MN2024_MIN_15066_01","(Mota Maradi*2/SC855)-B-1",43080,"sgh1LEfhQQ7NG","GMS_PGF2025_MIN_2285","(Mota Maradi*2/SC855)-B-1-1","55783","sgh1LgDpTUVyk","GMS_MN2025_118029","(Mota Maradi*2/SC855)-B-1-1-1","67340","sgh1LJn0zurwN","NO_ISSUES_IDENTIFIED","Introgression_confirmed","ADVANCE BC1F5 IN PV2627","ADVANCE BC1F5 IN PV2627","BC1F5","67340","sgh1LJn0zurwN"
"25ALM_BC1F3s1_0024","(Mota Maradi*2/SC1214)-B-9","FLIN","25ALM_BC1F3s1_2048","GMS_MN2024_MIN_14073_09","(Mota Maradi*2/SC1214)-B-9",48501,"sgh1LDCfJF2gL","GMS_PGF2025_MIN_2048","(Mota Maradi*2/SC1214)-B-9-1","55739","sgh1LfbsgAYo5","GMS_MN2025_213089","(Mota Maradi*2/SC1214)-B-9-1-1","65451","sgh1LdzJ3AvY0","NO_ISSUES_IDENTIFIED","Introgression_confirmed","ADVANCE BC1F5 IN PV2627","ADVANCE BC1F5 IN PV2627","BC1F5","65451","sgh1LdzJ3AvY0"
"25ALM_BC1F3s1_0822","(Mota Maradi*2/SC1214)-B-6","FAIT","25ALM_BC1F3s1_2045","GMS_MN2024_MIN_14073_06","(Mota Maradi*2/SC1214)-B-6",48498,"sgh1LmrO3FbBD","GMS_PGF2025_MIN_2045","(Mota Maradi*2/SC1214)-B-6-1","55738","sgh1LxRSfLG1K","GMS_MN2025_116079","(Mota Maradi*2/SC1214)-B-6-1-1","65510","sgh1LAxlVmxIz","NO_ISSUES_IDENTIFIED","Introgression_confirmed","ADVANCE BC1F5 IN PV2627","ADVANCE BC1F5 IN PV2627","BC1F5","65510","sgh1LAxlVmxIz"
"25ALM_BC1F3s1_2404","(Mota Maradi*2/SC1214)-B-6","FJXJ","25ALM_BC1F3s1_2063","GMS_MN2024_MIN_14074_06","(Mota Maradi*2/SC1214)-B-6",48498,"sgh1LdTKTxmec","GMS_PGF2025_MIN_2063","(Mota Maradi*2/SC1214)-B-6-1","55738","sgh1L6SQnQTkE","GMS_MN2025_135034","(Mota Maradi*2/SC1214)-B-6-1-1","65510","sgh1LwpK5XnbU","NO_ISSUES_IDENTIFIED","Introgression_confirmed","ADVANCE BC1F5 IN PV2627","ADVANCE BC1F5 IN PV2627","BC1F5","65510","sgh1LwpK5XnbU"
"25ALM_BC1F3s1_1631","(Mota Maradi*2/SC1214)-B-5","FAAE","25ALM_BC1F3s1_2044","GMS_MN2024_MIN_14073_05","(Mota Maradi*2/SC1214)-B-5",48497,"sgh1LbUI09fXH","GMS_PGF2025_MIN_2044","(Mota Maradi*2/SC1214)-B-5-1","55737","sgh1LS3tKixYf","GMS_MN2025_226082","(Mota Maradi*2/SC1214)-B-5-1-1","65723","sgh1LPoT4DdoJ","NO_ISSUES_IDENTIFIED","Introgression_confirmed","ADVANCE BC1F5 IN PV2627","ADVANCE BC1F5 IN PV2627","BC1F5","65723","sgh1LPoT4DdoJ"
"25ALM_BC1F3s1_2688","(Mota Maradi*2/SC1214)-B-5","FCNZ","25ALM_BC1F3s1_2062","GMS_MN2024_MIN_14074_05","(Mota Maradi*2/SC1214)-B-5",48497,"sgh1L2aRbjOJJ","GMS_PGF2025_MIN_2062","(Mota Maradi*2/SC1214)-B-5-1","55737","sgh1LhLvuv7zO","GMS_MN2025_106037","(Mota Maradi*2/SC1214)-B-5-1-1","65723","sgh1LDL5yKfbx","NO_ISSUES_IDENTIFIED","Introgression_confirmed","ADVANCE BC1F5 IN PV2627","ADVANCE BC1F5 IN PV2627","BC1F5","65723","sgh1LDL5yKfbx"
"25ALM_BC1F3s1_1255","(Mota Maradi*2/SC1214)-B-4","FHXK","25ALM_BC1F3s1_2043","GMS_MN2024_MIN_14073_04","(Mota Maradi*2/SC1214)-B-4",48496,"sgh1LNCMSsZCZ","GMS_PGF2025_MIN_2043","(Mota Maradi*2/SC1214)-B-4-1","55736","sgh1L9062d0uE","GMS_MN2025_210090","(Mota Maradi*2/SC1214)-B-4-1-1","65385","sgh1LdLkaL6Ed","NO_ISSUES_IDENTIFIED","Introgression_confirmed","ADVANCE BC1F5 IN PV2627","ADVANCE BC1F5 IN PV2627","BC1F5","65385","sgh1LdLkaL6Ed"
"25ALM_BC1F3s1_1882","(Mota Maradi*2/SC1214)-B-4","FEMD","25ALM_BC1F3s1_2061","GMS_MN2024_MIN_14074_04","(Mota Maradi*2/SC1214)-B-4",48496,"sgh1LbHRtsvTg","GMS_PGF2025_MIN_2061","(Mota Maradi*2/SC1214)-B-4-1","55736","sgh1LcxxP3IpS","GMS_MN2025_210096","(Mota Maradi*2/SC1214)-B-4-1-1","65385","sgh1LzY7DPDLn","NO_ISSUES_IDENTIFIED","Introgression_confirmed","ADVANCE BC1F5 IN PV2627","ADVANCE BC1F5 IN PV2627","BC1F5","65385","sgh1LzY7DPDLn"
"25ALM_BC1F3s1_2042","(Mota Maradi*2/SC1214)-B-3","FQGP","25ALM_BC1F3s1_2042","GMS_MN2024_MIN_14073_03","(Mota Maradi*2/SC1214)-B-3",48495,"sgh1LPCgMVr9t","GMS_PGF2025_MIN_2042","(Mota Maradi*2/SC1214)-B-3-1","55735","sgh1LN7btfyYD","GMS_MN2025_215093","(Mota Maradi*2/SC1214)-B-3-1-1","65495","sgh1LgrvrELAo","NO_ISSUES_IDENTIFIED","Introgression_confirmed","ADVANCE BC1F5 IN PV2627","ADVANCE BC1F5 IN PV2627","BC1F5","65495","sgh1LgrvrELAo"
"25ALM_BC1F3s1_0687","(Mota Maradi*2/SC1214)-B-2","FUXE","25ALM_BC1F3s1_2059","GMS_MN2024_MIN_14074_02","(Mota Maradi*2/SC1214)-B-2",48494,"sgh1Lfb3gg5Up","GMS_PGF2025_MIN_2059","(Mota Maradi*2/SC1214)-B-2-1","55734","sgh1L46ly6q2S","GMS_MN2025_109077","(Mota Maradi*2/SC1214)-B-2-1-1","65371","sgh1LGvpBhYL4","NO_ISSUES_IDENTIFIED","Introgression_confirmed","ADVANCE BC1F5 IN PV2627","ADVANCE BC1F5 IN PV2627","BC1F5","65371","sgh1LGvpBhYL4"
"25ALM_BC1F3s1_1500","(Mota Maradi*2/SC1214)-B-2","FVYI","25ALM_BC1F3s1_2041","GMS_MN2024_MIN_14073_02","(Mota Maradi*2/SC1214)-B-2",48494,"sgh1LYXX6gQrN","GMS_PGF2025_MIN_2041","(Mota Maradi*2/SC1214)-B-2-1","55734","sgh1Lny3dytX1","GMS_MN2025_214095","(Mota Maradi*2/SC1214)-B-2-1-1","65371","sgh1LtnW4kDTA","NO_ISSUES_IDENTIFIED","Introgression_confirmed","ADVANCE BC1F5 IN PV2627","ADVANCE BC1F5 IN PV2627","BC1F5","65371","sgh1LtnW4kDTA"
"25ALM_BC1F3s1_0891","(Mota Maradi*2/SC1214)-B-18","FFCW","25ALM_BC1F3s1_2057","GMS_MN2024_MIN_14073_18","(Mota Maradi*2/SC1214)-B-18",48510,"sgh1L53igyPy9","GMS_PGF2025_MIN_2057","(Mota Maradi*2/SC1214)-B-18-1","55748","sgh1LyTyX9mtK","GMS_MN2025_208081","(Mota Maradi*2/SC1214)-B-18-1-1","65345","sgh1LUjFlDQoB","NO_ISSUES_IDENTIFIED","Introgression_confirmed","ADVANCE BC1F5 IN PV2627","ADVANCE BC1F5 IN PV2627","BC1F5","65345","sgh1LUjFlDQoB"
"25ALM_BC1F3s1_0688","(Mota Maradi*2/SC1214)-B-17","FEMN","25ALM_BC1F3s1_2056","GMS_MN2024_MIN_14073_17","(Mota Maradi*2/SC1214)-B-17",48509,"sgh1LX417N198","GMS_PGF2025_MIN_2056","(Mota Maradi*2/SC1214)-B-17-1","55747","sgh1LvRUhgbAU","GMS_MN2025_226098","(Mota Maradi*2/SC1214)-B-17-1-1","65732","sgh1LpMOFNSe4","NO_ISSUES_IDENTIFIED","Introgression_confirmed","ADVANCE BC1F5 IN PV2627","ADVANCE BC1F5 IN PV2627","BC1F5","65732","sgh1LpMOFNSe4"
"25ALM_BC1F3s1_2576","(Mota Maradi*2/SC1214)-B-16","FMCL","25ALM_BC1F3s1_2055","GMS_MN2024_MIN_14073_16","(Mota Maradi*2/SC1214)-B-16",48508,"sgh1Lsq6aQrbs","GMS_PGF2025_MIN_2055","(Mota Maradi*2/SC1214)-B-16-1","55746","sgh1LuqP5yA3S","GMS_MN2025_130076","(Mota Maradi*2/SC1214)-B-16-1-1","65794","sgh1LeU4vVi6s","NO_ISSUES_IDENTIFIED","Introgression_confirmed","ADVANCE BC1F5 IN PV2627","ADVANCE BC1F5 IN PV2627","BC1F5","65794","sgh1LeU4vVi6s"
"25ALM_BC1F3s1_2551","(Mota Maradi*2/SC1214)-B-15","FDCF","25ALM_BC1F3s1_2054","GMS_MN2024_MIN_14073_15","(Mota Maradi*2/SC1214)-B-15",48507,"sgh1LGYZzH1fn","GMS_PGF2025_MIN_2054","(Mota Maradi*2/SC1214)-B-15-1","55745","sgh1LtsmqfiYU","GMS_MN2025_221090","(Mota Maradi*2/SC1214)-B-15-1-1","65629","sgh1LQL4wvfZr","NO_ISSUES_IDENTIFIED","Introgression_confirmed","ADVANCE BC1F5 IN PV2627","ADVANCE BC1F5 IN PV2627","BC1F5","65629","sgh1LQL4wvfZr"
"25ALM_BC1F3s1_2369","(Mota Maradi*2/SC1214)-B-14","FGIG","25ALM_BC1F3s1_2053","GMS_MN2024_MIN_14073_14","(Mota Maradi*2/SC1214)-B-14",48506,"sgh1Lh5wpOBIC","GMS_PGF2025_MIN_2053","(Mota Maradi*2/SC1214)-B-14-1","55744","sgh1LR2hR3cr9","GMS_MN2025_229085","(Mota Maradi*2/SC1214)-B-14-1-1","65786","sgh1LR5xcmlKi","NO_ISSUES_IDENTIFIED","Introgression_confirmed","ADVANCE BC1F5 IN PV2627","ADVANCE BC1F5 IN PV2627","BC1F5","65786","sgh1LR5xcmlKi"
"25ALM_BC1F3s1_2502","(Mota Maradi*2/SC1214)-B-13","FEMI","25ALM_BC1F3s1_2052","GMS_MN2024_MIN_14073_13","(Mota Maradi*2/SC1214)-B-13",48505,"sgh1Lr7AfCIsz","GMS_PGF2025_MIN_2052","(Mota Maradi*2/SC1214)-B-13-1","55743","sgh1LjcGLCg8U","GMS_MN2025_225097","(Mota Maradi*2/SC1214)-B-13-1-1","65706","sgh1LzG7balGx","NO_ISSUES_IDENTIFIED","Introgression_confirmed","ADVANCE BC1F5 IN PV2627","ADVANCE BC1F5 IN PV2627","BC1F5","65706","sgh1LzG7balGx"
"25ALM_BC1F3s1_1015","(Mota Maradi*2/SC1214)-B-12","FBMM","25ALM_BC1F3s1_2051","GMS_MN2024_MIN_14073_12","(Mota Maradi*2/SC1214)-B-12",48504,"sgh1LTsIFd10M","GMS_PGF2025_MIN_2051","(Mota Maradi*2/SC1214)-B-12-1","55742","sgh1LTtSV9sRI","GMS_MN2025_124023","(Mota Maradi*2/SC1214)-B-12-1-1","67502","sgh1LavkgdjgS","NO_ISSUES_IDENTIFIED","Introgression_confirmed","ADVANCE BC1F5 IN PV2627","ADVANCE BC1F5 IN PV2627","BC1F5","67502","sgh1LavkgdjgS"
"25ALM_BC1F3s1_0373","(Mota Maradi*2/SC1214)-B-11","FWSZ","25ALM_BC1F3s1_2050","GMS_MN2024_MIN_14073_11","(Mota Maradi*2/SC1214)-B-11",48503,"sgh1LGbv8P7tP","GMS_PGF2025_MIN_2050","(Mota Maradi*2/SC1214)-B-11-1","55741","sgh1Lv4JdPKMI","GMS_MN2025_129016","(Mota Maradi*2/SC1214)-B-11-1-1","67623","sgh1LS7Epj4Z0","NO_ISSUES_IDENTIFIED","Introgression_confirmed","ADVANCE BC1F5 IN PV2627","ADVANCE BC1F5 IN PV2627","BC1F5","67623","sgh1LS7Epj4Z0"
"25ALM_BC1F3s1_1616","(Mota Maradi*2/SC1214)-B-10","FJZH","25ALM_BC1F3s1_2049","GMS_MN2024_MIN_14073_10","(Mota Maradi*2/SC1214)-B-10",48502,"sgh1Lwx4VMYw6","GMS_PGF2025_MIN_2049","(Mota Maradi*2/SC1214)-B-10-1","55740","sgh1LaiSdNv5C","GMS_MN2025_117025","(Mota Maradi*2/SC1214)-B-10-1-1","67309","sgh1L42cdAxW9","NO_ISSUES_IDENTIFIED","Introgression_confirmed","ADVANCE BC1F5 IN PV2627","ADVANCE BC1F5 IN PV2627","BC1F5","67309","sgh1L42cdAxW9"
"25ALM_BC1F3s1_0460","(Mota Maradi*2/SC1214)-B-1","FSNH","25ALM_BC1F3s1_2040","GMS_MN2024_MIN_14073_01","(Mota Maradi*2/SC1214)-B-1",48493,"sgh1L65OlAegb","GMS_PGF2025_MIN_2040","(Mota Maradi*2/SC1214)-B-1-1","55733","sgh1LsvqHBShl",NA,NA,NA,NA,"NOT_HARVESTED_MN2025","Introgression_confirmed","ADVANCE BC1F4 IN PGF","ADVANCE BC1F4 IN PGF","BC1F4","55733","sgh1LsvqHBShl"
"25ALM_BC1F3s1_1493","(Mota Maradi*2/SC1214)-B-1","FPDS","25ALM_BC1F3s1_2058","GMS_MN2024_MIN_14074_01","(Mota Maradi*2/SC1214)-B-1",48493,"sgh1LftFqHwbD","GMS_PGF2025_MIN_2058","(Mota Maradi*2/SC1214)-B-1-1","55733","sgh1L4HpRYku4","GMS_MN2025_114077","(Mota Maradi*2/SC1214)-B-1-1-1","65464","sgh1LEAhEZuJ4","NO_ISSUES_IDENTIFIED","Introgression_confirmed","ADVANCE BC1F5 IN PV2627","ADVANCE BC1F5 IN PV2627","BC1F5","65464","sgh1LEAhEZuJ4"
"25ALM_BC1F3s1_2244","(Mota Maradi*2/SC1214)-B-08","FYAG","25ALM_BC1F3s1_2065","GMS_MN2024_MIN_14074_08","(Mota Maradi*2/SC1214)-B-08",48500,"sgh1LZ7tUL2CX","GMS_PGF2025_MIN_2065","(Mota Maradi*2/SC1214)-B-8-1","55750","sgh1L5USKk2xE","GMS_MN2025_124040","(Mota Maradi*2/SC1214)-B-8-1-1","67517","sgh1L3dkAZDUn","BC1F3:FORMAT_MISMATCH","Introgression_confirmed","ADVANCE BC1F5 IN PV2627","ADVANCE BC1F5 IN PV2627","BC1F5","67517","sgh1L3dkAZDUn"
"25ALM_BC1F3s1_0442","(Mota Maradi*2/SC1056)-B-9","FDNZ","25ALM_BC1F3s1_2174","GMS_MN2024_MIN_14080_09","(Mota Maradi*2/SC1056)-B-9",44168,"sgh1LEPOl6Iva","GMS_PGF2025_MIN_2174","(Mota Maradi*2/SC1056)-B-9-1","55060","sgh1Li1vNl847","GMS_MN2025_117032","(Mota Maradi*2/SC1056)-B-9-1-1","65375","sgh1LgMP7x4zy","NO_ISSUES_IDENTIFIED","Introgression_confirmed","ADVANCE BC1F5 IN PV2627","ADVANCE BC1F5 IN PV2627","BC1F5","65375","sgh1LgMP7x4zy"
"25ALM_BC1F3s1_0829","(Mota Maradi*2/SC1056)-B-9","FXHE","25ALM_BC1F3s1_2155","GMS_MN2024_MIN_14079_09","(Mota Maradi*2/SC1056)-B-9",44168,"sgh1LNK46LSu4","GMS_PGF2025_MIN_2155","(Mota Maradi*2/SC1056)-B-9-1","55060","sgh1LqBr7wod1",NA,NA,NA,NA,"NO_ISSUES_IDENTIFIED","Introgression_confirmed","ADVANCE BC1F4 IN PGF","ADVANCE BC1F4 IN PGF","BC1F4","55060","sgh1LqBr7wod1"
"25ALM_BC1F3s1_1120","(Mota Maradi*2/SC1056)-B-9","FFRG","25ALM_BC1F3s1_1048","GMS_PV2324_MIN_16017_09","(Mota Maradi*2/SC1056)-B-9",44168,"sgh1LAHqvzGVg","GMS_PGF2025_MIN_1048","(Mota Maradi*2/SC1056)-B-9-1","55060","sgh1LadwLqT2P","GMS_MN2025_110078","(Mota Maradi*2/SC1056)-B-9-1-1","65375","sgh1LQGKKGyAT","NO_ISSUES_IDENTIFIED","Introgression_confirmed","ADVANCE BC1F5 IN PV2627","ADVANCE BC1F5 IN PV2627","BC1F5","65375","sgh1LQGKKGyAT"
"25ALM_BC1F3s1_1359","(Mota Maradi*2/SC1056)-B-9","FOKV","25ALM_BC1F3s1_2098","GMS_MN2024_MIN_14076_09","(Mota Maradi*2/SC1056)-B-9",44168,"sgh1LZRk8Nfdj","GMS_PGF2025_MIN_2098","(Mota Maradi*2/SC1056)-B-9-1","55060","sgh1LfLTq1u7k","GMS_MN2025_123041","(Mota Maradi*2/SC1056)-B-9-1-1","65375","sgh1LCnYe3Los","NO_ISSUES_IDENTIFIED","Introgression_confirmed","ADVANCE BC1F5 IN PV2627","ADVANCE BC1F5 IN PV2627","BC1F5","65375","sgh1LCnYe3Los"
"25ALM_BC1F3s1_2387","(Mota Maradi*2/SC1056)-B-9","FTCE","25ALM_BC1F3s1_2139","GMS_MN2024_MIN_14078_09","(Mota Maradi*2/SC1056)-B-9",44168,"sgh1LMi73K5Bu","GMS_PGF2025_MIN_2139","(Mota Maradi*2/SC1056)-B-9-1","55060","sgh1L0gESeiIo","GMS_MN2025_125076","(Mota Maradi*2/SC1056)-B-9-1-1","65375","sgh1LU6X7ZQKR","NO_ISSUES_IDENTIFIED","Introgression_confirmed","ADVANCE BC1F5 IN PV2627","ADVANCE BC1F5 IN PV2627","BC1F5","65375","sgh1LU6X7ZQKR"
"25ALM_BC1F3s1_2598","(Mota Maradi*2/SC1056)-B-9","FSIO","25ALM_BC1F3s1_2116","GMS_MN2024_MIN_14077_09","(Mota Maradi*2/SC1056)-B-9",44168,"sgh1LSDbWlnqN","GMS_PGF2025_MIN_2116","(Mota Maradi*2/SC1056)-B-9-1","55060","sgh1L3BL64sg3","GMS_MN2025_125080","(Mota Maradi*2/SC1056)-B-9-1-1","65375","sgh1LJZkglgmL","NO_ISSUES_IDENTIFIED","Introgression_confirmed","ADVANCE BC1F5 IN PV2627","ADVANCE BC1F5 IN PV2627","BC1F5","65375","sgh1LJZkglgmL"
"25ALM_BC1F3s1_0318","(Mota Maradi*2/SC1056)-B-8","FEHY","25ALM_BC1F3s1_2173","GMS_MN2024_MIN_14080_08","(Mota Maradi*2/SC1056)-B-8",44167,"sgh1LQ9Qiw6vF","GMS_PGF2025_MIN_2173","(Mota Maradi*2/SC1056)-B-8-1","55059","sgh1LGdnuyvfj","GMS_MN2025_116029","(Mota Maradi*2/SC1056)-B-8-1-1","65423","sgh1LDgxBXlT8","NO_ISSUES_IDENTIFIED","Introgression_confirmed","ADVANCE BC1F5 IN PV2627","ADVANCE BC1F5 IN PV2627","BC1F5","65423","sgh1LDgxBXlT8"
"25ALM_BC1F3s1_1370","(Mota Maradi*2/SC1056)-B-8","FISN","25ALM_BC1F3s1_2097","GMS_MN2024_MIN_14076_08","(Mota Maradi*2/SC1056)-B-8",44167,"sgh1Lw7DXkAz0","GMS_PGF2025_MIN_2097","(Mota Maradi*2/SC1056)-B-8-1","55059","sgh1Lnt4yfZFy","GMS_MN2025_218098","(Mota Maradi*2/SC1056)-B-8-1-1","65423","sgh1LQkl5OpBR","NO_ISSUES_IDENTIFIED","Introgression_confirmed","ADVANCE BC1F5 IN PV2627","ADVANCE BC1F5 IN PV2627","BC1F5","65423","sgh1LQkl5OpBR"
"25ALM_BC1F3s1_1469","(Mota Maradi*2/SC1056)-B-8","FFXT","25ALM_BC1F3s1_2138","GMS_MN2024_MIN_14078_08","(Mota Maradi*2/SC1056)-B-8",44167,"sgh1Lfu420oZd","GMS_PGF2025_MIN_2138","(Mota Maradi*2/SC1056)-B-8-1","55059","sgh1LT4ZNmMH5",NA,NA,NA,NA,"NOT_HARVESTED_MN2025","Introgression_confirmed","ADVANCE BC1F4 IN PV2627","ADVANCE BC1F4 IN PV2627","BC1F4","55059","sgh1LT4ZNmMH5"
"25ALM_BC1F3s1_1636","(Mota Maradi*2/SC1056)-B-8","FWZQ","25ALM_BC1F3s1_2115","GMS_MN2024_MIN_14077_08","(Mota Maradi*2/SC1056)-B-8",44167,"sgh1LdcG3LAJ1","GMS_PGF2025_MIN_2115","(Mota Maradi*2/SC1056)-B-8-1","55059","sgh1L1zOGTp8c","GMS_MN2025_212084","(Mota Maradi*2/SC1056)-B-8-1-1","65423","sgh1Lw8TowVRI","NO_ISSUES_IDENTIFIED","Introgression_confirmed","ADVANCE BC1F5 IN PV2627","ADVANCE BC1F5 IN PV2627","BC1F5","65423","sgh1Lw8TowVRI"
"25ALM_BC1F3s1_2149","(Mota Maradi*2/SC1056)-B-8","FXJN","25ALM_BC1F3s1_2073","GMS_MN2024_MIN_14075_08","(Mota Maradi*2/SC1056)-B-8",44167,"sgh1LOyQWLQsM","GMS_PGF2025_MIN_2073","(Mota Maradi*2/SC1056)-B-8-1","55059","sgh1LGeDI3WcS","GMS_MN2025_228082","(Mota Maradi*2/SC1056)-B-8-1-1","65423","sgh1LpN0BVi2L","NO_ISSUES_IDENTIFIED","Introgression_confirmed","ADVANCE BC1F5 IN PV2627","ADVANCE BC1F5 IN PV2627","BC1F5","65423","sgh1LpN0BVi2L"
"25ALM_BC1F3s1_2182","(Mota Maradi*2/SC1056)-B-8","FXXL","25ALM_BC1F3s1_2154","GMS_MN2024_MIN_14079_08","(Mota Maradi*2/SC1056)-B-8",44167,"sgh1LcfRJEhER","GMS_PGF2025_MIN_2154","(Mota Maradi*2/SC1056)-B-8-1","55059","sgh1LwDE4U4Fl","GMS_MN2025_134008","(Mota Maradi*2/SC1056)-B-8-1-1","65423","sgh1LaIfBGy2K","NO_ISSUES_IDENTIFIED","Introgression_confirmed","ADVANCE BC1F5 IN PV2627","ADVANCE BC1F5 IN PV2627","BC1F5","65423","sgh1LaIfBGy2K"
"25ALM_BC1F3s1_2785","(Mota Maradi*2/SC1056)-B-8","FCJY","25ALM_BC1F3s1_1047","GMS_PV2324_MIN_16017_08","(Mota Maradi*2/SC1056)-B-8",44167,"sgh1Lw7cMj6K1","GMS_PGF2025_MIN_1047","(Mota Maradi*2/SC1056)-B-8-1","55059","sgh1LcWFBfTlZ","GMS_MN2025_136026","(Mota Maradi*2/SC1056)-B-8-1-1","65423","sgh1LH5oXlsH8","NO_ISSUES_IDENTIFIED","Introgression_confirmed","ADVANCE BC1F5 IN PV2627","ADVANCE BC1F5 IN PV2627","BC1F5","65423","sgh1LH5oXlsH8"
"25ALM_BC1F3s1_0252","(Mota Maradi*2/SC1056)-B-7","FKLY","25ALM_BC1F3s1_2114","GMS_MN2024_MIN_14077_07","(Mota Maradi*2/SC1056)-B-7",44166,"sgh1Lyfqf83yv","GMS_PGF2025_MIN_2114","(Mota Maradi*2/SC1056)-B-7-1","55058","sgh1LpjYbI8Hm","GMS_MN2025_120026","(Mota Maradi*2/SC1056)-B-7-1-1","65463","sgh1Lgc9lVMTs","NO_ISSUES_IDENTIFIED","Introgression_confirmed","ADVANCE BC1F5 IN PV2627","ADVANCE BC1F5 IN PV2627","BC1F5","65463","sgh1Lgc9lVMTs"
"25ALM_BC1F3s1_0918","(Mota Maradi*2/SC1056)-B-7","FMMP","25ALM_BC1F3s1_1046","GMS_PV2324_MIN_16017_07","(Mota Maradi*2/SC1056)-B-7",44166,"sgh1LZIpQYv2m","GMS_PGF2025_MIN_1046","(Mota Maradi*2/SC1056)-B-7-1","55058","sgh1Lk7ufACy5","GMS_MN2025_106027","(Mota Maradi*2/SC1056)-B-7-1-1","65463","sgh1LxH9FbuMJ","NO_ISSUES_IDENTIFIED","Introgression_confirmed","ADVANCE BC1F5 IN PV2627","ADVANCE BC1F5 IN PV2627","BC1F5","65463","sgh1LxH9FbuMJ"
"25ALM_BC1F3s1_1373","(Mota Maradi*2/SC1056)-B-7","FGAO","25ALM_BC1F3s1_2153","GMS_MN2024_MIN_14079_07","(Mota Maradi*2/SC1056)-B-7",44166,"sgh1L2wGvoh0q","GMS_PGF2025_MIN_2153","(Mota Maradi*2/SC1056)-B-7-1","55058","sgh1L537T5GfE","GMS_MN2025_126017","(Mota Maradi*2/SC1056)-B-7-1-1","65463","sgh1LDGxufufu","NO_ISSUES_IDENTIFIED","Introgression_confirmed","ADVANCE BC1F5 IN PV2627","ADVANCE BC1F5 IN PV2627","BC1F5","65463","sgh1LDGxufufu"
"25ALM_BC1F3s1_1457","(Mota Maradi*2/SC1056)-B-7","FAMO","25ALM_BC1F3s1_2096","GMS_MN2024_MIN_14076_07","(Mota Maradi*2/SC1056)-B-7",44166,"sgh1Llh3tHFTl","GMS_PGF2025_MIN_2096","(Mota Maradi*2/SC1056)-B-7-1","55058","sgh1L9zKGQ8np","GMS_MN2025_114076","(Mota Maradi*2/SC1056)-B-7-1-1","65463","sgh1LYDDufKG9","NO_ISSUES_IDENTIFIED","Introgression_confirmed","ADVANCE BC1F5 IN PV2627","ADVANCE BC1F5 IN PV2627","BC1F5","65463","sgh1LYDDufKG9"
"25ALM_BC1F3s1_1878","(Mota Maradi*2/SC1056)-B-7","FJKB","25ALM_BC1F3s1_2072","GMS_MN2024_MIN_14075_07","(Mota Maradi*2/SC1056)-B-7",44166,"sgh1LKSgPclQC","GMS_PGF2025_MIN_2072","(Mota Maradi*2/SC1056)-B-7-1","55058","sgh1LTKQqHElp",NA,NA,NA,NA,"NO_ISSUES_IDENTIFIED","Introgression_confirmed","ADVANCE BC1F4 IN PGF","ADVANCE BC1F4 IN PGF","BC1F4","55058","sgh1LTKQqHElp"
"25ALM_BC1F3s1_2173","(Mota Maradi*2/SC1056)-B-7","FGHL","25ALM_BC1F3s1_2172","GMS_MN2024_MIN_14080_07","(Mota Maradi*2/SC1056)-B-7",44166,"sgh1L4PlkbfOh","GMS_PGF2025_MIN_2172","(Mota Maradi*2/SC1056)-B-7-1","55058","sgh1L2agKirpU","GMS_MN2025_133008","(Mota Maradi*2/SC1056)-B-7-1-1","65463","sgh1LNB4MWrVG","NO_ISSUES_IDENTIFIED","Introgression_confirmed","ADVANCE BC1F5 IN PV2627","ADVANCE BC1F5 IN PV2627","BC1F5","65463","sgh1LNB4MWrVG"
"25ALM_BC1F3s1_2802","(Mota Maradi*2/SC1056)-B-7","FIKF","25ALM_BC1F3s1_2137","GMS_MN2024_MIN_14078_07","(Mota Maradi*2/SC1056)-B-7",44166,"sgh1Lr2FJWbE7","GMS_PGF2025_MIN_2137","(Mota Maradi*2/SC1056)-B-7-1","55058","sgh1LVSonunCd","GMS_MN2025_224093","(Mota Maradi*2/SC1056)-B-7-1-1","65463","sgh1LTy4LV4r6","NO_ISSUES_IDENTIFIED","Introgression_confirmed","ADVANCE BC1F5 IN PV2627","ADVANCE BC1F5 IN PV2627","BC1F5","65463","sgh1LTy4LV4r6"
"25ALM_BC1F3s1_0659","(Mota Maradi*2/SC1056)-B-6","FXNS","25ALM_BC1F3s1_1045","GMS_PV2324_MIN_16017_06","(Mota Maradi*2/SC1056)-B-6",44165,"sgh1LhtfziR9V","GMS_PGF2025_MIN_1045","(Mota Maradi*2/SC1056)-B-6-1","55057","sgh1LhibOMlZX","GMS_MN2025_217097","(Mota Maradi*2/SC1056)-B-6-1-1","65355","sgh1L2xprHE58","NO_ISSUES_IDENTIFIED","Introgression_confirmed","ADVANCE BC1F5 IN PV2627","ADVANCE BC1F5 IN PV2627","BC1F5","65355","sgh1L2xprHE58"
"25ALM_BC1F3s1_1169","(Mota Maradi*2/SC1056)-B-6","FZMX","25ALM_BC1F3s1_2071","GMS_MN2024_MIN_14075_06","(Mota Maradi*2/SC1056)-B-6",44165,"sgh1L1FwoOUMA","GMS_PGF2025_MIN_2071","(Mota Maradi*2/SC1056)-B-6-1","55057","sgh1LgF6iuCgw","GMS_MN2025_114031","(Mota Maradi*2/SC1056)-B-6-1-1","65355","sgh1LdrcGuRde","NO_ISSUES_IDENTIFIED","Introgression_confirmed","ADVANCE BC1F5 IN PV2627","ADVANCE BC1F5 IN PV2627","BC1F5","65355","sgh1LdrcGuRde"
"25ALM_BC1F3s1_1558","(Mota Maradi*2/SC1056)-B-6","FXIA","25ALM_BC1F3s1_2113","GMS_MN2024_MIN_14077_06","(Mota Maradi*2/SC1056)-B-6",44165,"sgh1LOTy1TO7H","GMS_PGF2025_MIN_2113","(Mota Maradi*2/SC1056)-B-6-1","55057","sgh1Lw32ATqeX","GMS_MN2025_209096","(Mota Maradi*2/SC1056)-B-6-1-1","65355","sgh1LDC6Ya7uq","NO_ISSUES_IDENTIFIED","Introgression_confirmed","ADVANCE BC1F5 IN PV2627","ADVANCE BC1F5 IN PV2627","BC1F5","65355","sgh1LDC6Ya7uq"
"25ALM_BC1F3s1_1617","(Mota Maradi*2/SC1056)-B-6","FWBT","25ALM_BC1F3s1_2136","GMS_MN2024_MIN_14078_06","(Mota Maradi*2/SC1056)-B-6",44165,"sgh1LLeJXk8OP","GMS_PGF2025_MIN_2136","(Mota Maradi*2/SC1056)-B-6-1","55057","sgh1LDH0Ai2MG","GMS_MN2025_135026","(Mota Maradi*2/SC1056)-B-6-1-1","65355","sgh1LaOjzER35","NO_ISSUES_IDENTIFIED","Introgression_confirmed","ADVANCE BC1F5 IN PV2627","ADVANCE BC1F5 IN PV2627","BC1F5","65355","sgh1LaOjzER35"
"25ALM_BC1F3s1_1869","(Mota Maradi*2/SC1056)-B-6","FZUK","25ALM_BC1F3s1_2171","GMS_MN2024_MIN_14080_06","(Mota Maradi*2/SC1056)-B-6",44165,"sgh1LIO31kuW6","GMS_PGF2025_MIN_2171","(Mota Maradi*2/SC1056)-B-6-1","55057","sgh1Lwwhdr6u1","GMS_MN2025_132029","(Mota Maradi*2/SC1056)-B-6-1-1","65355","sgh1LXKlUk3dT","NO_ISSUES_IDENTIFIED","Introgression_confirmed","ADVANCE BC1F5 IN PV2627","ADVANCE BC1F5 IN PV2627","BC1F5","65355","sgh1LXKlUk3dT"
"25ALM_BC1F3s1_2305","(Mota Maradi*2/SC1056)-B-6","FAIY","25ALM_BC1F3s1_2152","GMS_MN2024_MIN_14079_06","(Mota Maradi*2/SC1056)-B-6",44165,"sgh1LncWZEMFH","GMS_PGF2025_MIN_2152","(Mota Maradi*2/SC1056)-B-6-1","55057","sgh1LGXxxLXSe",NA,NA,NA,NA,"NOT_HARVESTED_MN2025","Introgression_confirmed","ADVANCE BC1F4 IN PV2627","ADVANCE BC1F4 IN PV2627","BC1F4","55057","sgh1LGXxxLXSe"
"25ALM_BC1F3s1_0018","(Mota Maradi*2/SC1056)-B-5","FAFH","25ALM_BC1F3s1_2135","GMS_MN2024_MIN_14078_05","(Mota Maradi*2/SC1056)-B-5",44164,"sgh1LilernLWN","GMS_PGF2025_MIN_2135","(Mota Maradi*2/SC1056)-B-5-1","55056","sgh1L8P8LGRwv","GMS_MN2025_228099","(Mota Maradi*2/SC1056)-B-5-1-1","65467","sgh1LbFro3JSi","NO_ISSUES_IDENTIFIED","Introgression_confirmed","ADVANCE BC1F5 IN PV2627","ADVANCE BC1F5 IN PV2627","BC1F5","65467","sgh1LbFro3JSi"
"25ALM_BC1F3s1_0463","(Mota Maradi*2/SC1056)-B-5","FRNH","25ALM_BC1F3s1_2070","GMS_MN2024_MIN_14075_05","(Mota Maradi*2/SC1056)-B-5",44164,"sgh1LDV1u87XR","GMS_PGF2025_MIN_2070","(Mota Maradi*2/SC1056)-B-5-1","55056","sgh1LDo7Veqct","GMS_MN2025_109041","(Mota Maradi*2/SC1056)-B-5-1-1","65467","sgh1LelAsNr0t","NO_ISSUES_IDENTIFIED","Introgression_confirmed","ADVANCE BC1F5 IN PV2627","ADVANCE BC1F5 IN PV2627","BC1F5","65467","sgh1LelAsNr0t"
"25ALM_BC1F3s1_0869","(Mota Maradi*2/SC1056)-B-5","FXPV","25ALM_BC1F3s1_2151","GMS_MN2024_MIN_14079_05","(Mota Maradi*2/SC1056)-B-5",44164,"sgh1L2kymUqv1","GMS_PGF2025_MIN_2151","(Mota Maradi*2/SC1056)-B-5-1","55056","sgh1L9BFjnOZv","GMS_MN2025_215092","(Mota Maradi*2/SC1056)-B-5-1-1","65467","sgh1LW1XdFNYs","NO_ISSUES_IDENTIFIED","Introgression_confirmed","ADVANCE BC1F5 IN PV2627","ADVANCE BC1F5 IN PV2627","BC1F5","65467","sgh1LW1XdFNYs"
"25ALM_BC1F3s1_1166","(Mota Maradi*2/SC1056)-B-5","FWAK","25ALM_BC1F3s1_2112","GMS_MN2024_MIN_14077_05","(Mota Maradi*2/SC1056)-B-5",44164,"sgh1L0PS46vR8","GMS_PGF2025_MIN_2112","(Mota Maradi*2/SC1056)-B-5-1","55056","sgh1LEQ5xdngN","GMS_MN2025_114080","(Mota Maradi*2/SC1056)-B-5-1-1","65467","sgh1L6wwtzTH0","NO_ISSUES_IDENTIFIED","Introgression_confirmed","ADVANCE BC1F5 IN PV2627","ADVANCE BC1F5 IN PV2627","BC1F5","65467","sgh1L6wwtzTH0"
"25ALM_BC1F3s1_2031","(Mota Maradi*2/SC1056)-B-5","FDYW","25ALM_BC1F3s1_2170","GMS_MN2024_MIN_14080_05","(Mota Maradi*2/SC1056)-B-5",44164,"sgh1LqqddR1Mq","GMS_PGF2025_MIN_2170","(Mota Maradi*2/SC1056)-B-5-1","55056","sgh1Livmj3gS0","GMS_MN2025_138015","(Mota Maradi*2/SC1056)-B-5-1-1","65467","sgh1LMNNDFcr0","NO_ISSUES_IDENTIFIED","Introgression_confirmed","ADVANCE BC1F5 IN PV2627","ADVANCE BC1F5 IN PV2627","BC1F5","65467","sgh1LMNNDFcr0"
"25ALM_BC1F3s1_2639","(Mota Maradi*2/SC1056)-B-5","FIXK","25ALM_BC1F3s1_1044","GMS_PV2324_MIN_16017_05","(Mota Maradi*2/SC1056)-B-5",44164,"sgh1L45iPY4GH","GMS_PGF2025_MIN_1044","(Mota Maradi*2/SC1056)-B-5-1","55056","sgh1LjCnPVKG1","GMS_MN2025_138019","(Mota Maradi*2/SC1056)-B-5-1-1","65467","sgh1LxzDGCcX8","NO_ISSUES_IDENTIFIED","Introgression_confirmed","ADVANCE BC1F5 IN PV2627","ADVANCE BC1F5 IN PV2627","BC1F5","65467","sgh1LxzDGCcX8"
"25ALM_BC1F3s1_0881","(Mota Maradi*2/SC1056)-B-4","FCVE","25ALM_BC1F3s1_2069","GMS_MN2024_MIN_14075_04","(Mota Maradi*2/SC1056)-B-4",44163,"sgh1L3PhjtdRM","GMS_PGF2025_MIN_2069","(Mota Maradi*2/SC1056)-B-4-1","55055","sgh1Lj7VOxa7t","GMS_MN2025_137007","(Mota Maradi*2/SC1056)-B-4-1-1","65438","sgh1LnOJ8dc6v","NO_ISSUES_IDENTIFIED","Introgression_confirmed","ADVANCE BC1F5 IN PV2627","ADVANCE BC1F5 IN PV2627","BC1F5","65438","sgh1LnOJ8dc6v"
"25ALM_BC1F3s1_0978","(Mota Maradi*2/SC1056)-B-4","FWTI","25ALM_BC1F3s1_1043","GMS_PV2324_MIN_16017_04","(Mota Maradi*2/SC1056)-B-4",44163,"sgh1LZrhOdXpT","GMS_PGF2025_MIN_1043","(Mota Maradi*2/SC1056)-B-4-1","55055","sgh1LeZAendFN","GMS_MN2025_134014","(Mota Maradi*2/SC1056)-B-4-1-1","65438","sgh1LxGUX2cTm","NO_ISSUES_IDENTIFIED","Introgression_confirmed","ADVANCE BC1F5 IN PV2627","ADVANCE BC1F5 IN PV2627","BC1F5","65438","sgh1LxGUX2cTm"
"25ALM_BC1F3s1_0987","(Mota Maradi*2/SC1056)-B-4","FAOZ","25ALM_BC1F3s1_2111","GMS_MN2024_MIN_14077_04","(Mota Maradi*2/SC1056)-B-4",44163,"sgh1LUDsQ2CCO","GMS_PGF2025_MIN_2111","(Mota Maradi*2/SC1056)-B-4-1","55055","sgh1LX698IiLx","GMS_MN2025_114037","(Mota Maradi*2/SC1056)-B-4-1-1","65438","sgh1LUxstYmFW","NO_ISSUES_IDENTIFIED","Introgression_confirmed","ADVANCE BC1F5 IN PV2627","ADVANCE BC1F5 IN PV2627","BC1F5","65438","sgh1LUxstYmFW"
"25ALM_BC1F3s1_1041","(Mota Maradi*2/SC1056)-B-4","FFUP","25ALM_BC1F3s1_2150","GMS_MN2024_MIN_14079_04","(Mota Maradi*2/SC1056)-B-4",44163,"sgh1LAm2Sssbf","GMS_PGF2025_MIN_2150","(Mota Maradi*2/SC1056)-B-4-1","55055","sgh1LuoJLMxPe","GMS_MN2025_106016","(Mota Maradi*2/SC1056)-B-4-1-1","65438","sgh1LuRu7GM36","NO_ISSUES_IDENTIFIED","Introgression_confirmed","ADVANCE BC1F5 IN PV2627","ADVANCE BC1F5 IN PV2627","BC1F5","65438","sgh1LuRu7GM36"
"25ALM_BC1F3s1_1080","(Mota Maradi*2/SC1056)-B-4","FBKM","25ALM_BC1F3s1_2093","GMS_MN2024_MIN_14076_04","(Mota Maradi*2/SC1056)-B-4",44163,"sgh1L0Q00R5AH","GMS_PGF2025_MIN_2093","(Mota Maradi*2/SC1056)-B-4-1","55055","sgh1LcmsHBgzF","GMS_MN2025_117037","(Mota Maradi*2/SC1056)-B-4-1-1","65438","sgh1LK09EB43T","NO_ISSUES_IDENTIFIED","Introgression_confirmed","ADVANCE BC1F5 IN PV2627","ADVANCE BC1F5 IN PV2627","BC1F5","65438","sgh1LK09EB43T"
"25ALM_BC1F3s1_1557","(Mota Maradi*2/SC1056)-B-4","FXKY","25ALM_BC1F3s1_2169","GMS_MN2024_MIN_14080_04","(Mota Maradi*2/SC1056)-B-4",44163,"sgh1LqoZrCfqJ","GMS_PGF2025_MIN_2169","(Mota Maradi*2/SC1056)-B-4-1","55055","sgh1LWumktRFO","GMS_MN2025_212103","(Mota Maradi*2/SC1056)-B-4-1-1","65438","sgh1LxHHetYf6","NO_ISSUES_IDENTIFIED","Introgression_confirmed","ADVANCE BC1F5 IN PV2627","ADVANCE BC1F5 IN PV2627","BC1F5","65438","sgh1LxHHetYf6"
"25ALM_BC1F3s1_2769","(Mota Maradi*2/SC1056)-B-4","FZSQ","25ALM_BC1F3s1_2134","GMS_MN2024_MIN_14078_04","(Mota Maradi*2/SC1056)-B-4",44163,"sgh1L8hNj5xxw","GMS_PGF2025_MIN_2134","(Mota Maradi*2/SC1056)-B-4-1","55055","sgh1Lj27JKkta",NA,NA,NA,NA,"NO_ISSUES_IDENTIFIED","Introgression_confirmed","ADVANCE BC1F4 IN PGF","ADVANCE BC1F4 IN PGF","BC1F4","55055","sgh1Lj27JKkta"
"25ALM_BC1F3s1_0268","(Mota Maradi*2/SC1056)-B-3","FIMQ","25ALM_BC1F3s1_2133","GMS_MN2024_MIN_14078_03","(Mota Maradi*2/SC1056)-B-3",44162,"sgh1LAfXRoKRs","GMS_PGF2025_MIN_2133","(Mota Maradi*2/SC1056)-B-3-1","55054","sgh1LLDj9rclb","GMS_MN2025_214103","(Mota Maradi*2/SC1056)-B-3-1-1","65486","sgh1L9dDO1OCA","NO_ISSUES_IDENTIFIED","Introgression_confirmed","ADVANCE BC1F5 IN PV2627","ADVANCE BC1F5 IN PV2627","BC1F5","65486","sgh1L9dDO1OCA"
"25ALM_BC1F3s1_0592","(Mota Maradi*2/SC1056)-B-3","FEQY","25ALM_BC1F3s1_1042","GMS_PV2324_MIN_16017_03","(Mota Maradi*2/SC1056)-B-3",44162,"sgh1LNE7tnETF","GMS_PGF2025_MIN_1042","(Mota Maradi*2/SC1056)-B-3-1","55054","sgh1LTUcv822w","GMS_MN2025_118035","(Mota Maradi*2/SC1056)-B-3-1-1","65486","sgh1L4HCyKNoM","NO_ISSUES_IDENTIFIED","Introgression_confirmed","ADVANCE BC1F5 IN PV2627","ADVANCE BC1F5 IN PV2627","BC1F5","65486","sgh1L4HCyKNoM"
"25ALM_BC1F3s1_0669","(Mota Maradi*2/SC1056)-B-3","FCKM","25ALM_BC1F3s1_2110","GMS_MN2024_MIN_14077_03","(Mota Maradi*2/SC1056)-B-3",44162,"sgh1LciEfyBeB","GMS_PGF2025_MIN_2110","(Mota Maradi*2/SC1056)-B-3-1","55054","sgh1L1edVjngY","GMS_MN2025_226092","(Mota Maradi*2/SC1056)-B-3-1-1","65486","sgh1L6LSML1tz","NO_ISSUES_IDENTIFIED","Introgression_confirmed","ADVANCE BC1F5 IN PV2627","ADVANCE BC1F5 IN PV2627","BC1F5","65486","sgh1L6LSML1tz"
"25ALM_BC1F3s1_0698","(Mota Maradi*2/SC1056)-B-3","FGFK","25ALM_BC1F3s1_2168","GMS_MN2024_MIN_14080_03","(Mota Maradi*2/SC1056)-B-3",44162,"sgh1LNRa4hDo6","GMS_PGF2025_MIN_2168","(Mota Maradi*2/SC1056)-B-3-1","55054","sgh1LJxvoVcBk","GMS_MN2025_132016","(Mota Maradi*2/SC1056)-B-3-1-1","65486","sgh1L8ZrUP7rp","NO_ISSUES_IDENTIFIED","Introgression_confirmed","ADVANCE BC1F5 IN PV2627","ADVANCE BC1F5 IN PV2627","BC1F5","65486","sgh1L8ZrUP7rp"
"25ALM_BC1F3s1_2353","(Mota Maradi*2/SC1056)-B-3","FEDC","25ALM_BC1F3s1_2149","GMS_MN2024_MIN_14079_03","(Mota Maradi*2/SC1056)-B-3",44162,"sgh1LHmt0i71i","GMS_PGF2025_MIN_2149","(Mota Maradi*2/SC1056)-B-3-1","55054","sgh1LeZHBxhPV","GMS_MN2025_111037","(Mota Maradi*2/SC1056)-B-3-1-1","65486","sgh1LHdo6OZFl","NO_ISSUES_IDENTIFIED","Introgression_confirmed","ADVANCE BC1F5 IN PV2627","ADVANCE BC1F5 IN PV2627","BC1F5","65486","sgh1LHdo6OZFl"
"25ALM_BC1F3s1_2526","(Mota Maradi*2/SC1056)-B-3","FMTE","25ALM_BC1F3s1_2092","GMS_MN2024_MIN_14076_03","(Mota Maradi*2/SC1056)-B-3",44162,"sgh1LqRzDYVJU","GMS_PGF2025_MIN_2092","(Mota Maradi*2/SC1056)-B-3-1","55054","sgh1LYamPzwvH","GMS_MN2025_229089","(Mota Maradi*2/SC1056)-B-3-1-1","65486","sgh1LUMaBTlFx","NO_ISSUES_IDENTIFIED","Introgression_confirmed","ADVANCE BC1F5 IN PV2627","ADVANCE BC1F5 IN PV2627","BC1F5","65486","sgh1LUMaBTlFx"
"25ALM_BC1F3s1_0584","(Mota Maradi*2/SC1056)-B-24","FECW","25ALM_BC1F3s1_2089","GMS_MN2024_MIN_14075_24","(Mota Maradi*2/SC1056)-B-24",48519,"sgh1LBE0icf1l","GMS_PGF2025_MIN_2089","(Mota Maradi*2/SC1056)-B-24-1","55758","sgh1LL02LhLDv","GMS_MN2025_124030","(Mota Maradi*2/SC1056)-B-24-1-1","67510","sgh1LJnsps61j","NO_ISSUES_IDENTIFIED","Introgression_confirmed","ADVANCE BC1F5 IN PV2627","ADVANCE BC1F5 IN PV2627","BC1F5","67510","sgh1LJnsps61j"
"25ALM_BC1F3s1_0377","(Mota Maradi*2/SC1056)-B-23","FENK","25ALM_BC1F3s1_2088","GMS_MN2024_MIN_14075_23","(Mota Maradi*2/SC1056)-B-23",48518,"sgh1L4WE7CG2e","GMS_PGF2025_MIN_2088","(Mota Maradi*2/SC1056)-B-23-1","55757","sgh1L2zUBbO2l",NA,NA,NA,NA,"NOT_HARVESTED_MN2025","Introgression_confirmed","ADVANCE BC1F4 IN PV2627","ADVANCE BC1F4 IN PV2627","BC1F4","55757","sgh1L2zUBbO2l"
"25ALM_BC1F3s1_1715","(Mota Maradi*2/SC1056)-B-23","FGUN","25ALM_BC1F3s1_2130","GMS_MN2024_MIN_14077_23","(Mota Maradi*2/SC1056)-B-23",48518,"sgh1L4UH3XoxK","GMS_PGF2025_MIN_2130","(Mota Maradi*2/SC1056)-B-23-1","55757","sgh1LGlGou8E0","GMS_MN2025_218082","(Mota Maradi*2/SC1056)-B-23-1-1","65554","sgh1LwU5R2K9F","NO_ISSUES_IDENTIFIED","Introgression_confirmed","ADVANCE BC1F5 IN PV2627","ADVANCE BC1F5 IN PV2627","BC1F5","65554","sgh1LwU5R2K9F"
"25ALM_BC1F3s1_1733","(Mota Maradi*2/SC1056)-B-22","FWOZ","25ALM_BC1F3s1_2129","GMS_MN2024_MIN_14077_22","(Mota Maradi*2/SC1056)-B-22",48517,"sgh1LJu1wgIy5","GMS_PGF2025_MIN_2129","(Mota Maradi*2/SC1056)-B-22-1","55756","sgh1LwfDGKBAR","GMS_MN2025_122010","(Mota Maradi*2/SC1056)-B-22-1-1","67437","sgh1LDyC3VRet","NO_ISSUES_IDENTIFIED","Introgression_confirmed","ADVANCE BC1F5 IN PV2627","ADVANCE BC1F5 IN PV2627","BC1F5","67437","sgh1LDyC3VRet"
"25ALM_BC1F3s1_0741","(Mota Maradi*2/SC1056)-B-21","FGEJ","25ALM_BC1F3s1_2086","GMS_MN2024_MIN_14075_21","(Mota Maradi*2/SC1056)-B-21",48516,"sgh1LBzUUEFKz","GMS_PGF2025_MIN_2086","(Mota Maradi*2/SC1056)-B-21-1","55755","sgh1LNVmwcTkK","GMS_MN2025_129010","(Mota Maradi*2/SC1056)-B-21-1-1","65759","sgh1LmKvNXTGi","NO_ISSUES_IDENTIFIED","Introgression_confirmed","ADVANCE BC1F5 IN PV2627","ADVANCE BC1F5 IN PV2627","BC1F5","65759","sgh1LmKvNXTGi"
"25ALM_BC1F3s1_1027","(Mota Maradi*2/SC1056)-B-21","FTPC","25ALM_BC1F3s1_2128","GMS_MN2024_MIN_14077_21","(Mota Maradi*2/SC1056)-B-21",48516,"sgh1LoWOaPciH","GMS_PGF2025_MIN_2128","(Mota Maradi*2/SC1056)-B-21-1","55755","sgh1LriJewPpU","GMS_MN2025_228089","(Mota Maradi*2/SC1056)-B-21-1-1","65759","sgh1LiETp89Xj","NO_ISSUES_IDENTIFIED","Introgression_confirmed","ADVANCE BC1F5 IN PV2627","ADVANCE BC1F5 IN PV2627","BC1F5","65759","sgh1LiETp89Xj"
"25ALM_BC1F3s1_0504","(Mota Maradi*2/SC1056)-B-20","FCNX","25ALM_BC1F3s1_2127","GMS_MN2024_MIN_14077_20","(Mota Maradi*2/SC1056)-B-20",48515,"sgh1Lw3rsFQ0W","GMS_PGF2025_MIN_2127","(Mota Maradi*2/SC1056)-B-20-1","55754","sgh1LABJjyl07","GMS_MN2025_216097","(Mota Maradi*2/SC1056)-B-20-1-1","65527","sgh1LNPG56inP","NO_ISSUES_IDENTIFIED","Introgression_confirmed","ADVANCE BC1F5 IN PV2627","ADVANCE BC1F5 IN PV2627","BC1F5","65527","sgh1LNPG56inP"
"25ALM_BC1F3s1_0516","(Mota Maradi*2/SC1056)-B-20","FBEC","25ALM_BC1F3s1_2085","GMS_MN2024_MIN_14075_20","(Mota Maradi*2/SC1056)-B-20",48515,"sgh1LF8JVdVq1","GMS_PGF2025_MIN_2085","(Mota Maradi*2/SC1056)-B-20-1","55754","sgh1LruNT1Pjb",NA,NA,NA,NA,"NO_ISSUES_IDENTIFIED","Introgression_confirmed","ADVANCE BC1F4 IN PGF","ADVANCE BC1F4 IN PGF","BC1F4","55754","sgh1LruNT1Pjb"
"25ALM_BC1F3s1_1593","(Mota Maradi*2/SC1056)-B-20","FEOG","25ALM_BC1F3s1_2165","GMS_MN2024_MIN_14079_20","(Mota Maradi*2/SC1056)-B-20",48515,"sgh1LEZeiITYA","GMS_PGF2025_MIN_2165","(Mota Maradi*2/SC1056)-B-20-1","55754","sgh1LyhRixP91","GMS_MN2025_137011","(Mota Maradi*2/SC1056)-B-20-1-1","65527","sgh1LTVsTULRo","NO_ISSUES_IDENTIFIED","Introgression_confirmed","ADVANCE BC1F5 IN PV2627","ADVANCE BC1F5 IN PV2627","BC1F5","65527","sgh1LTVsTULRo"
"25ALM_BC1F3s1_2580","(Mota Maradi*2/SC1056)-B-20","FHPM","25ALM_BC1F3s1_2185","GMS_MN2024_MIN_14080_20","(Mota Maradi*2/SC1056)-B-20",48515,"sgh1LnAcFyQYh","GMS_PGF2025_MIN_2185","(Mota Maradi*2/SC1056)-B-20-1","55754","sgh1LvvplWZPX","GMS_MN2025_127029","(Mota Maradi*2/SC1056)-B-20-1-1","65527","sgh1Lbft4LrAs","NO_ISSUES_IDENTIFIED","Introgression_confirmed","ADVANCE BC1F5 IN PV2627","ADVANCE BC1F5 IN PV2627","BC1F5","65527","sgh1Lbft4LrAs"
"25ALM_BC1F3s1_0249","(Mota Maradi*2/SC1056)-B-2","FFOR","25ALM_BC1F3s1_2132","GMS_MN2024_MIN_14078_02","(Mota Maradi*2/SC1056)-B-2",44161,"sgh1LxiyKhgsu","GMS_PGF2025_MIN_2132","(Mota Maradi*2/SC1056)-B-2-1","55053","sgh1LWBIPkDmP","GMS_MN2025_230082","(Mota Maradi*2/SC1056)-B-2-1-1","65541","sgh1L7qlme3W8","NO_ISSUES_IDENTIFIED","Introgression_confirmed","ADVANCE BC1F5 IN PV2627","ADVANCE BC1F5 IN PV2627","BC1F5","65541","sgh1L7qlme3W8"
"25ALM_BC1F3s1_0276","(Mota Maradi*2/SC1056)-B-2","FREV","25ALM_BC1F3s1_2167","GMS_MN2024_MIN_14080_02","(Mota Maradi*2/SC1056)-B-2",44161,"sgh1LyyOvoFOF","GMS_PGF2025_MIN_2167","(Mota Maradi*2/SC1056)-B-2-1","55053","sgh1L0q6nyPqq","GMS_MN2025_225093","(Mota Maradi*2/SC1056)-B-2-1-1","65541","sgh1LQUuvjNf5","NO_ISSUES_IDENTIFIED","Introgression_confirmed","ADVANCE BC1F5 IN PV2627","ADVANCE BC1F5 IN PV2627","BC1F5","65541","sgh1LQUuvjNf5"
"25ALM_BC1F3s1_0513","(Mota Maradi*2/SC1056)-B-2","FCOQ","25ALM_BC1F3s1_2109","GMS_MN2024_MIN_14077_02","(Mota Maradi*2/SC1056)-B-2",44161,"sgh1LLwcmIqJ6","GMS_PGF2025_MIN_2109","(Mota Maradi*2/SC1056)-B-2-1","55053","sgh1LDJrzbW0w","GMS_MN2025_128006","(Mota Maradi*2/SC1056)-B-2-1-1","65541","sgh1LwwCDNlpS","NO_ISSUES_IDENTIFIED","Introgression_confirmed","ADVANCE BC1F5 IN PV2627","ADVANCE BC1F5 IN PV2627","BC1F5","65541","sgh1LwwCDNlpS"
"25ALM_BC1F3s1_1308","(Mota Maradi*2/SC1056)-B-2","FFTT","25ALM_BC1F3s1_1041","GMS_PV2324_MIN_16017_02","(Mota Maradi*2/SC1056)-B-2",44161,"sgh1LNY43JiOR","GMS_PGF2025_MIN_1041","(Mota Maradi*2/SC1056)-B-2-1","55053","sgh1LlEpar3fk","GMS_MN2025_108020","(Mota Maradi*2/SC1056)-B-2-1-1","65541","sgh1LQQScBHlL","NO_ISSUES_IDENTIFIED","Introgression_confirmed","ADVANCE BC1F5 IN PV2627","ADVANCE BC1F5 IN PV2627","BC1F5","65541","sgh1LQQScBHlL"
"25ALM_BC1F3s1_2057","(Mota Maradi*2/SC1056)-B-2","FDKV","25ALM_BC1F3s1_2067","GMS_MN2024_MIN_14075_02","(Mota Maradi*2/SC1056)-B-2",44161,"sgh1LyvGXzIuI","GMS_PGF2025_MIN_2067","(Mota Maradi*2/SC1056)-B-2-1","55053","sgh1LRJWPanKr","GMS_MN2025_217088","(Mota Maradi*2/SC1056)-B-2-1-1","65541","sgh1L3XbXVZ5m","NO_ISSUES_IDENTIFIED","Introgression_confirmed","ADVANCE BC1F5 IN PV2627","ADVANCE BC1F5 IN PV2627","BC1F5","65541","sgh1L3XbXVZ5m"
"25ALM_BC1F3s1_0414","(Mota Maradi*2/SC1056)-B-19","FUJC","25ALM_BC1F3s1_2164","GMS_MN2024_MIN_14079_19","(Mota Maradi*2/SC1056)-B-19",48514,"sgh1L8GeA1wb6","GMS_PGF2025_MIN_2164","(Mota Maradi*2/SC1056)-B-19-1","55759","sgh1LgmlEPDvC","GMS_MN2025_124011","(Mota Maradi*2/SC1056)-B-19-1-1","67544","sgh1Laz9KiHz4","NO_ISSUES_IDENTIFIED","Introgression_confirmed","ADVANCE BC1F5 IN PV2627","ADVANCE BC1F5 IN PV2627","BC1F5","67544","sgh1Laz9KiHz4"
"25ALM_BC1F3s1_1698","(Mota Maradi*2/SC1056)-B-19","FBNU","25ALM_BC1F3s1_2184","GMS_MN2024_MIN_14080_19","(Mota Maradi*2/SC1056)-B-19",48514,"sgh1LFOEXgsxa","GMS_PGF2025_MIN_2184","(Mota Maradi*2/SC1056)-B-19-1","55759","sgh1LvKMXcoKj",NA,NA,NA,NA,"NO_ISSUES_IDENTIFIED","Introgression_confirmed","ADVANCE BC1F4 IN PGF","ADVANCE BC1F4 IN PGF","BC1F4","55759","sgh1LvKMXcoKj"
"25ALM_BC1F3s1_2282","(Mota Maradi*2/SC1056)-B-19","FOSP","25ALM_BC1F3s1_2126","GMS_MN2024_MIN_14077_19","(Mota Maradi*2/SC1056)-B-19",48514,"sgh1Lgqr2q2mv","GMS_PGF2025_MIN_2126","(Mota Maradi*2/SC1056)-B-19-1","55759","sgh1LyI687sot","GMS_MN2025_104040","(Mota Maradi*2/SC1056)-B-19-1-1","67544","sgh1L5uQwpRqf","NO_ISSUES_IDENTIFIED","Introgression_confirmed","ADVANCE BC1F5 IN PV2627","ADVANCE BC1F5 IN PV2627","BC1F5","67544","sgh1L5uQwpRqf"
"25ALM_BC1F3s1_0027","(Mota Maradi*2/SC1056)-B-18","FYJC","25ALM_BC1F3s1_2083","GMS_MN2024_MIN_14075_18","(Mota Maradi*2/SC1056)-B-18",48513,"sgh1Lhy8keZdV","GMS_PGF2025_MIN_2083","(Mota Maradi*2/SC1056)-B-18-1","55753","sgh1LZw7hnx1f","GMS_MN2025_128026","(Mota Maradi*2/SC1056)-B-18-1-1","65694","sgh1LAmqOVquH","NO_ISSUES_IDENTIFIED","Introgression_confirmed","ADVANCE BC1F5 IN PV2627","ADVANCE BC1F5 IN PV2627","BC1F5","65694","sgh1LAmqOVquH"
"25ALM_BC1F3s1_0461","(Mota Maradi*2/SC1056)-B-18","FIIC","25ALM_BC1F3s1_2125","GMS_MN2024_MIN_14077_18","(Mota Maradi*2/SC1056)-B-18",48513,"sgh1LwscOCVLy","GMS_PGF2025_MIN_2125","(Mota Maradi*2/SC1056)-B-18-1","55753","sgh1LO47vTpyZ","GMS_MN2025_224087","(Mota Maradi*2/SC1056)-B-18-1-1","65694","sgh1LqTdVFXGt","NO_ISSUES_IDENTIFIED","Introgression_confirmed","ADVANCE BC1F5 IN PV2627","ADVANCE BC1F5 IN PV2627","BC1F5","65694","sgh1LqTdVFXGt"
"25ALM_BC1F3s1_1624","(Mota Maradi*2/SC1056)-B-18","FTYP","25ALM_BC1F3s1_2107","GMS_MN2024_MIN_14076_18","(Mota Maradi*2/SC1056)-B-18",48513,"sgh1LSJt97kmJ","GMS_PGF2025_MIN_2107","(Mota Maradi*2/SC1056)-B-18-1","55753","sgh1LD0xf9qi6","GMS_MN2025_109008","(Mota Maradi*2/SC1056)-B-18-1-1","65694","sgh1L5LCMO13s","NO_ISSUES_IDENTIFIED","Introgression_confirmed","ADVANCE BC1F5 IN PV2627","ADVANCE BC1F5 IN PV2627","BC1F5","65694","sgh1L5LCMO13s"
"25ALM_BC1F3s1_2026","(Mota Maradi*2/SC1056)-B-18","FYJN","25ALM_BC1F3s1_2183","GMS_MN2024_MIN_14080_18","(Mota Maradi*2/SC1056)-B-18",48513,"sgh1LGnkFauK9","GMS_PGF2025_MIN_2183","(Mota Maradi*2/SC1056)-B-18-1","55753","sgh1LnvCqtlUy","GMS_MN2025_138009","(Mota Maradi*2/SC1056)-B-18-1-1","65694","sgh1LGQRM684w","NO_ISSUES_IDENTIFIED","Introgression_confirmed","ADVANCE BC1F5 IN PV2627","ADVANCE BC1F5 IN PV2627","BC1F5","65694","sgh1LGQRM684w"
"25ALM_BC1F3s1_2159","(Mota Maradi*2/SC1056)-B-18","FKNO","25ALM_BC1F3s1_2163","GMS_MN2024_MIN_14079_18","(Mota Maradi*2/SC1056)-B-18",48513,"sgh1LVQPc93Cs","GMS_PGF2025_MIN_2163","(Mota Maradi*2/SC1056)-B-18-1","55753","sgh1LZb1VbHrW","GMS_MN2025_226088","(Mota Maradi*2/SC1056)-B-18-1-1","65694","sgh1LeevqbKAL","NO_ISSUES_IDENTIFIED","Introgression_confirmed","ADVANCE BC1F5 IN PV2627","ADVANCE BC1F5 IN PV2627","BC1F5","65694","sgh1LeevqbKAL"
"25ALM_BC1F3s1_0360","(Mota Maradi*2/SC1056)-B-17","FOAG","25ALM_BC1F3s1_2162","GMS_MN2024_MIN_14079_17","(Mota Maradi*2/SC1056)-B-17",48512,"sgh1L7UThjtWk","GMS_PGF2025_MIN_2162","(Mota Maradi*2/SC1056)-B-17-1","55752","sgh1LkIxxdV1Z","GMS_MN2025_119029","(Mota Maradi*2/SC1056)-B-17-1-1","65443","sgh1LK9Hji8Ir","NO_ISSUES_IDENTIFIED","Introgression_confirmed","ADVANCE BC1F5 IN PV2627","ADVANCE BC1F5 IN PV2627","BC1F5","65443","sgh1LK9Hji8Ir"
"25ALM_BC1F3s1_1283","(Mota Maradi*2/SC1056)-B-17","FVMB","25ALM_BC1F3s1_2182","GMS_MN2024_MIN_14080_17","(Mota Maradi*2/SC1056)-B-17",48512,"sgh1LcEQ3K9mP","GMS_PGF2025_MIN_2182","(Mota Maradi*2/SC1056)-B-17-1","55752","sgh1LO8g4Y02S","GMS_MN2025_136025","(Mota Maradi*2/SC1056)-B-17-1-1","65443","sgh1L5v99b2ui","NO_ISSUES_IDENTIFIED","Introgression_confirmed","ADVANCE BC1F5 IN PV2627","ADVANCE BC1F5 IN PV2627","BC1F5","65443","sgh1L5v99b2ui"
"25ALM_BC1F3s1_2668","(Mota Maradi*2/SC1056)-B-17","FNTT","25ALM_BC1F3s1_2124","GMS_MN2024_MIN_14077_17","(Mota Maradi*2/SC1056)-B-17",48512,"sgh1LUxCMX6mK","GMS_PGF2025_MIN_2124","(Mota Maradi*2/SC1056)-B-17-1","55752","sgh1LSNccaI7w","GMS_MN2025_105020","(Mota Maradi*2/SC1056)-B-17-1-1","65443","sgh1LTEhhUkSY","NO_ISSUES_IDENTIFIED","Introgression_confirmed","ADVANCE BC1F5 IN PV2627","ADVANCE BC1F5 IN PV2627","BC1F5","65443","sgh1LTEhhUkSY"
"25ALM_BC1F3s1_2706","(Mota Maradi*2/SC1056)-B-17","FYNR","25ALM_BC1F3s1_2082","GMS_MN2024_MIN_14075_17","(Mota Maradi*2/SC1056)-B-17",48512,"sgh1LsKwzvVnH","GMS_PGF2025_MIN_2082","(Mota Maradi*2/SC1056)-B-17-1","55752","sgh1LsOJ8ietg","GMS_MN2025_213098","(Mota Maradi*2/SC1056)-B-17-1-1","65443","sgh1LNTVgVAhA","NO_ISSUES_IDENTIFIED","Introgression_confirmed","ADVANCE BC1F5 IN PV2627","ADVANCE BC1F5 IN PV2627","BC1F5","65443","sgh1LNTVgVAhA"
"25ALM_BC1F3s1_2715","(Mota Maradi*2/SC1056)-B-17","FUVE","25ALM_BC1F3s1_2147","GMS_MN2024_MIN_14078_17","(Mota Maradi*2/SC1056)-B-17",48512,"sgh1Loof1tMe9","GMS_PGF2025_MIN_2147","(Mota Maradi*2/SC1056)-B-17-1","55752","sgh1LyK89HYQ6","GMS_MN2025_137021","(Mota Maradi*2/SC1056)-B-17-1-1","65443","sgh1LQYEBvm1N","NO_ISSUES_IDENTIFIED","Introgression_confirmed","ADVANCE BC1F5 IN PV2627","ADVANCE BC1F5 IN PV2627","BC1F5","65443","sgh1LQYEBvm1N"
"25ALM_BC1F3s1_0239","(Mota Maradi*2/SC1056)-B-16","FNUO","25ALM_BC1F3s1_2081","GMS_MN2024_MIN_14075_16","(Mota Maradi*2/SC1056)-B-16",48511,"sgh1LeJIacP5r","GMS_PGF2025_MIN_2081","(Mota Maradi*2/SC1056)-B-16-1","55751","sgh1LsGqznU3L","GMS_MN2025_113013","(Mota Maradi*2/SC1056)-B-16-1-1","65601","sgh1LsuLdpKTH","NO_ISSUES_IDENTIFIED","Introgression_confirmed","ADVANCE BC1F5 IN PV2627","ADVANCE BC1F5 IN PV2627","BC1F5","65601","sgh1LsuLdpKTH"
"25ALM_BC1F3s1_1713","(Mota Maradi*2/SC1056)-B-16","FEAN","25ALM_BC1F3s1_2161","GMS_MN2024_MIN_14079_16","(Mota Maradi*2/SC1056)-B-16",48511,"sgh1LzkdgxOzz","GMS_PGF2025_MIN_2161","(Mota Maradi*2/SC1056)-B-16-1","55751","sgh1LUljXuX02","GMS_MN2025_120079","(Mota Maradi*2/SC1056)-B-16-1-1","65601","sgh1LQf3WD0ag","NO_ISSUES_IDENTIFIED","Introgression_confirmed","ADVANCE BC1F5 IN PV2627","ADVANCE BC1F5 IN PV2627","BC1F5","65601","sgh1LQf3WD0ag"
"25ALM_BC1F3s1_2432","(Mota Maradi*2/SC1056)-B-16","FYBU","25ALM_BC1F3s1_2146","GMS_MN2024_MIN_14078_16","(Mota Maradi*2/SC1056)-B-16",48511,"sgh1LWFzWH533","GMS_PGF2025_MIN_2146","(Mota Maradi*2/SC1056)-B-16-1","55751","sgh1LQrr2yQjM","GMS_MN2025_222101","(Mota Maradi*2/SC1056)-B-16-1-1","65601","sgh1LZNRs6Mxi","NO_ISSUES_IDENTIFIED","Introgression_confirmed","ADVANCE BC1F5 IN PV2627","ADVANCE BC1F5 IN PV2627","BC1F5","65601","sgh1LZNRs6Mxi"
"25ALM_BC1F3s1_2553","(Mota Maradi*2/SC1056)-B-16","FEBT","25ALM_BC1F3s1_2123","GMS_MN2024_MIN_14077_16","(Mota Maradi*2/SC1056)-B-16",48511,"sgh1LIINuBjiH","GMS_PGF2025_MIN_2123","(Mota Maradi*2/SC1056)-B-16-1","55751","sgh1L6HQBC13M","GMS_MN2025_109020","(Mota Maradi*2/SC1056)-B-16-1-1","65601","sgh1L0U8rpHih","NO_ISSUES_IDENTIFIED","Introgression_confirmed","ADVANCE BC1F5 IN PV2627","ADVANCE BC1F5 IN PV2627","BC1F5","65601","sgh1L0U8rpHih"
"25ALM_BC1F3s1_1058","(Mota Maradi*2/SC1056)-B-15","FAQP","25ALM_BC1F3s1_2080","GMS_MN2024_MIN_14075_15","(Mota Maradi*2/SC1056)-B-15",44174,"sgh1LuUa5DUK7","GMS_PGF2025_MIN_2080","(Mota Maradi*2/SC1056)-B-15-1","55066","sgh1LkOYBqqLX","GMS_MN2025_116078","(Mota Maradi*2/SC1056)-B-15-1-1","65407","sgh1LZMOhkBvl","NO_ISSUES_IDENTIFIED","Introgression_confirmed","ADVANCE BC1F5 IN PV2627","ADVANCE BC1F5 IN PV2627","BC1F5","65407","sgh1LZMOhkBvl"
"25ALM_BC1F3s1_1201","(Mota Maradi*2/SC1056)-B-15","FDOW","25ALM_BC1F3s1_2180","GMS_MN2024_MIN_14080_15","(Mota Maradi*2/SC1056)-B-15",44174,"sgh1LZdq7DYhS","GMS_PGF2025_MIN_2180","(Mota Maradi*2/SC1056)-B-15-1","55066","sgh1LiFGjNXQ6","GMS_MN2025_106017","(Mota Maradi*2/SC1056)-B-15-1-1","65407","sgh1Ls6ekcdRS","NO_ISSUES_IDENTIFIED","Introgression_confirmed","ADVANCE BC1F5 IN PV2627","ADVANCE BC1F5 IN PV2627","BC1F5","65407","sgh1Ls6ekcdRS"
"25ALM_BC1F3s1_1478","(Mota Maradi*2/SC1056)-B-15","FJFZ","25ALM_BC1F3s1_2160","GMS_MN2024_MIN_14079_15","(Mota Maradi*2/SC1056)-B-15",44174,"sgh1LNqqxWAyP","GMS_PGF2025_MIN_2160","(Mota Maradi*2/SC1056)-B-15-1","55066","sgh1L4yumYrK8","GMS_MN2025_126036","(Mota Maradi*2/SC1056)-B-15-1-1","65407","sgh1LyMLghP0O","NO_ISSUES_IDENTIFIED","Introgression_confirmed","ADVANCE BC1F5 IN PV2627","ADVANCE BC1F5 IN PV2627","BC1F5","65407","sgh1LyMLghP0O"
"25ALM_BC1F3s1_1511","(Mota Maradi*2/SC1056)-B-15","FWTT","25ALM_BC1F3s1_2145","GMS_MN2024_MIN_14078_15","(Mota Maradi*2/SC1056)-B-15",44174,"sgh1LtdhePcoP","GMS_PGF2025_MIN_2145","(Mota Maradi*2/SC1056)-B-15-1","55066","sgh1LTcWUq1bH","GMS_MN2025_211087","(Mota Maradi*2/SC1056)-B-15-1-1","65407","sgh1LEVYh1bn0","NO_ISSUES_IDENTIFIED","Introgression_confirmed","ADVANCE BC1F5 IN PV2627","ADVANCE BC1F5 IN PV2627","BC1F5","65407","sgh1LEVYh1bn0"
"25ALM_BC1F3s1_1584","(Mota Maradi*2/SC1056)-B-15","FNSZ","25ALM_BC1F3s1_1054","GMS_PV2324_MIN_16017_15","(Mota Maradi*2/SC1056)-B-15",44174,"sgh1L2kdfZMfQ","GMS_PGF2025_MIN_1054","(Mota Maradi*2/SC1056)-B-15-1","55066","sgh1LQtk3j7Dz",NA,NA,NA,NA,"NOT_HARVESTED_MN2025","Introgression_confirmed","ADVANCE BC1F4 IN PGF","ADVANCE BC1F4 IN PGF","BC1F4","55066","sgh1LQtk3j7Dz"
"25ALM_BC1F3s1_2218","(Mota Maradi*2/SC1056)-B-15","FHKE","25ALM_BC1F3s1_2104","GMS_MN2024_MIN_14076_15","(Mota Maradi*2/SC1056)-B-15",44174,"sgh1LioxsTcBn","GMS_PGF2025_MIN_2104","(Mota Maradi*2/SC1056)-B-15-1","55066","sgh1L5sMGM73P","GMS_MN2025_228091","(Mota Maradi*2/SC1056)-B-15-1-1","65407","sgh1LRV08y9qs","NO_ISSUES_IDENTIFIED","Introgression_confirmed","ADVANCE BC1F5 IN PV2627","ADVANCE BC1F5 IN PV2627","BC1F5","65407","sgh1LRV08y9qs"
"25ALM_BC1F3s1_0004","(Mota Maradi*2/SC1056)-B-14","FIUX","25ALM_BC1F3s1_2179","GMS_MN2024_MIN_14080_14","(Mota Maradi*2/SC1056)-B-14",44173,"sgh1LFwl6otll","GMS_PGF2025_MIN_2179","(Mota Maradi*2/SC1056)-B-14-1","55065","sgh1LWE1TYk5F","GMS_MN2025_112026","(Mota Maradi*2/SC1056)-B-14-1-1","65487","sgh1L35Gd1ryR","NO_ISSUES_IDENTIFIED","Introgression_confirmed","ADVANCE BC1F5 IN PV2627","ADVANCE BC1F5 IN PV2627","BC1F5","65487","sgh1L35Gd1ryR"
"25ALM_BC1F3s1_0066","(Mota Maradi*2/SC1056)-B-14","FRVO","25ALM_BC1F3s1_2121","GMS_MN2024_MIN_14077_14","(Mota Maradi*2/SC1056)-B-14",44173,"sgh1LN0e0Lz2i","GMS_PGF2025_MIN_2121","(Mota Maradi*2/SC1056)-B-14-1","55065","sgh1LgNpAC5iE","GMS_MN2025_120031","(Mota Maradi*2/SC1056)-B-14-1-1","65487","sgh1LM9lMpWFt","NO_ISSUES_IDENTIFIED","Introgression_confirmed","ADVANCE BC1F5 IN PV2627","ADVANCE BC1F5 IN PV2627","BC1F5","65487","sgh1LM9lMpWFt"
"25ALM_BC1F3s1_0996","(Mota Maradi*2/SC1056)-B-14","FBQZ","25ALM_BC1F3s1_2079","GMS_MN2024_MIN_14075_14","(Mota Maradi*2/SC1056)-B-14",44173,"sgh1LxPO5g1zh","GMS_PGF2025_MIN_2079","(Mota Maradi*2/SC1056)-B-14-1","55065","sgh1LjVehxLyR","GMS_MN2025_123035","(Mota Maradi*2/SC1056)-B-14-1-1","65487","sgh1LkJyINP6R","NO_ISSUES_IDENTIFIED","Introgression_confirmed","ADVANCE BC1F5 IN PV2627","ADVANCE BC1F5 IN PV2627","BC1F5","65487","sgh1LkJyINP6R"
"25ALM_BC1F3s1_1850","(Mota Maradi*2/SC1056)-B-14","FZWE","25ALM_BC1F3s1_2144","GMS_MN2024_MIN_14078_14","(Mota Maradi*2/SC1056)-B-14",44173,"sgh1LQxifjcOg","GMS_PGF2025_MIN_2144","(Mota Maradi*2/SC1056)-B-14-1","55065","sgh1L1asAOiWu",NA,NA,NA,NA,"NOT_HARVESTED_MN2025","Introgression_confirmed","ADVANCE BC1F4 IN PV2627","ADVANCE BC1F4 IN PV2627","BC1F4","55065","sgh1L1asAOiWu"
"25ALM_BC1F3s1_2076","(Mota Maradi*2/SC1056)-B-14","FQPY","25ALM_BC1F3s1_2103","GMS_MN2024_MIN_14076_14","(Mota Maradi*2/SC1056)-B-14",44173,"sgh1L74YE39fV","GMS_PGF2025_MIN_2103","(Mota Maradi*2/SC1056)-B-14-1","55065","sgh1LGuHf0mLC","GMS_MN2025_132036","(Mota Maradi*2/SC1056)-B-14-1-1","65487","sgh1LWitpu1UB","NO_ISSUES_IDENTIFIED","Introgression_confirmed","ADVANCE BC1F5 IN PV2627","ADVANCE BC1F5 IN PV2627","BC1F5","65487","sgh1LWitpu1UB"
"25ALM_BC1F3s1_2266","(Mota Maradi*2/SC1056)-B-14","FQPP","25ALM_BC1F3s1_1053","GMS_PV2324_MIN_16017_14","(Mota Maradi*2/SC1056)-B-14",44173,"sgh1LXBIomar4","GMS_PGF2025_MIN_1053","(Mota Maradi*2/SC1056)-B-14-1","55065","sgh1Lsyc9ZGRh","GMS_MN2025_215102","(Mota Maradi*2/SC1056)-B-14-1-1","65487","sgh1LLpnO9F4R","NO_ISSUES_IDENTIFIED","Introgression_confirmed","ADVANCE BC1F5 IN PV2627","ADVANCE BC1F5 IN PV2627","BC1F5","65487","sgh1LLpnO9F4R"
"25ALM_BC1F3s1_0112","(Mota Maradi*2/SC1056)-B-13","FZVA","25ALM_BC1F3s1_2159","GMS_MN2024_MIN_14079_13","(Mota Maradi*2/SC1056)-B-13",44172,"sgh1LO75rhJCG","GMS_PGF2025_MIN_2159","(Mota Maradi*2/SC1056)-B-13-1","55064","sgh1LhiM0TILQ",NA,NA,NA,NA,"NOT_HARVESTED_MN2025","Introgression_confirmed","ADVANCE BC1F4 IN PV2627","ADVANCE BC1F4 IN PV2627","BC1F4","55064","sgh1LhiM0TILQ"
"25ALM_BC1F3s1_0259","(Mota Maradi*2/SC1056)-B-13","FAAV","25ALM_BC1F3s1_2143","GMS_MN2024_MIN_14078_13","(Mota Maradi*2/SC1056)-B-13",44172,"sgh1L0QipaEZM","GMS_PGF2025_MIN_2143","(Mota Maradi*2/SC1056)-B-13-1","55064","sgh1LPmbU8hp5","GMS_MN2025_136027","(Mota Maradi*2/SC1056)-B-13-1-1","65425","sgh1LtQisXjmv","NO_ISSUES_IDENTIFIED","Introgression_confirmed","ADVANCE BC1F5 IN PV2627","ADVANCE BC1F5 IN PV2627","BC1F5","65425","sgh1LtQisXjmv"
"25ALM_BC1F3s1_1154","(Mota Maradi*2/SC1056)-B-13","FDXX","25ALM_BC1F3s1_2120","GMS_MN2024_MIN_14077_13","(Mota Maradi*2/SC1056)-B-13",44172,"sgh1L8YggIWip","GMS_PGF2025_MIN_2120","(Mota Maradi*2/SC1056)-B-13-1","55064","sgh1L3MGz0saV","GMS_MN2025_221086","(Mota Maradi*2/SC1056)-B-13-1-1","65425","sgh1Ly18AQYQ8","NO_ISSUES_IDENTIFIED","Introgression_confirmed","ADVANCE BC1F5 IN PV2627","ADVANCE BC1F5 IN PV2627","BC1F5","65425","sgh1Ly18AQYQ8"
"25ALM_BC1F3s1_2068","(Mota Maradi*2/SC1056)-B-13","FWVX","25ALM_BC1F3s1_2102","GMS_MN2024_MIN_14076_13","(Mota Maradi*2/SC1056)-B-13",44172,"sgh1LKgMRAovS","GMS_PGF2025_MIN_2102","(Mota Maradi*2/SC1056)-B-13-1","55064","sgh1LFtFzPff1","GMS_MN2025_112034","(Mota Maradi*2/SC1056)-B-13-1-1","65425","sgh1LECrGqCE1","NO_ISSUES_IDENTIFIED","Introgression_confirmed","ADVANCE BC1F5 IN PV2627","ADVANCE BC1F5 IN PV2627","BC1F5","65425","sgh1LECrGqCE1"
"25ALM_BC1F3s1_2732","(Mota Maradi*2/SC1056)-B-13","FRRQ","25ALM_BC1F3s1_1052","GMS_PV2324_MIN_16017_13","(Mota Maradi*2/SC1056)-B-13",44172,"sgh1LkmKiUZOZ","GMS_PGF2025_MIN_1052","(Mota Maradi*2/SC1056)-B-13-1","55064","sgh1LVWGSvfyW","GMS_MN2025_212088","(Mota Maradi*2/SC1056)-B-13-1-1","65425","sgh1LWm78OAQn","NO_ISSUES_IDENTIFIED","Introgression_confirmed","ADVANCE BC1F5 IN PV2627","ADVANCE BC1F5 IN PV2627","BC1F5","65425","sgh1LWm78OAQn"
"25ALM_BC1F3s1_0100","(Mota Maradi*2/SC1056)-B-12","FULQ","25ALM_BC1F3s1_2119","GMS_MN2024_MIN_14077_12","(Mota Maradi*2/SC1056)-B-12",44171,"sgh1LgZVozP9F","GMS_PGF2025_MIN_2119","(Mota Maradi*2/SC1056)-B-12-1","55063","sgh1LqxpeaptV",NA,NA,NA,NA,"NOT_HARVESTED_MN2025","Introgression_confirmed","ADVANCE BC1F4 IN PGF","ADVANCE BC1F4 IN PGF","BC1F4","55063","sgh1LqxpeaptV"
"25ALM_BC1F3s1_0282","(Mota Maradi*2/SC1056)-B-12","FLAS","25ALM_BC1F3s1_2101","GMS_MN2024_MIN_14076_12","(Mota Maradi*2/SC1056)-B-12",44171,"sgh1LAHDeMDjY","GMS_PGF2025_MIN_2101","(Mota Maradi*2/SC1056)-B-12-1","55063","sgh1LBFU6ZuV1","GMS_MN2025_134007","(Mota Maradi*2/SC1056)-B-12-1-1","67318","sgh1LDf78MqG9","NO_ISSUES_IDENTIFIED","Introgression_confirmed","ADVANCE BC1F5 IN PV2627","ADVANCE BC1F5 IN PV2627","BC1F5","67318","sgh1LDf78MqG9"
"25ALM_BC1F3s1_0934","(Mota Maradi*2/SC1056)-B-12","FHWI","25ALM_BC1F3s1_2158","GMS_MN2024_MIN_14079_12","(Mota Maradi*2/SC1056)-B-12",44171,"sgh1LkRIrTbmZ","GMS_PGF2025_MIN_2158","(Mota Maradi*2/SC1056)-B-12-1","55063","sgh1LX8zBQwEN","GMS_MN2025_134033","(Mota Maradi*2/SC1056)-B-12-1-1","67318","sgh1Lr9C5WTnF","NO_ISSUES_IDENTIFIED","Introgression_confirmed","ADVANCE BC1F5 IN PV2627","ADVANCE BC1F5 IN PV2627","BC1F5","67318","sgh1Lr9C5WTnF"
"25ALM_BC1F3s1_0948","(Mota Maradi*2/SC1056)-B-12","FNLM","25ALM_BC1F3s1_2142","GMS_MN2024_MIN_14078_12","(Mota Maradi*2/SC1056)-B-12",44171,"sgh1LknIXRnTw","GMS_PGF2025_MIN_2142","(Mota Maradi*2/SC1056)-B-12-1","55063","sgh1L3fWCjHFC","GMS_MN2025_123012","(Mota Maradi*2/SC1056)-B-12-1-1","67318","sgh1LTgaebXgF","NO_ISSUES_IDENTIFIED","Introgression_confirmed","ADVANCE BC1F5 IN PV2627","ADVANCE BC1F5 IN PV2627","BC1F5","67318","sgh1LTgaebXgF"
"25ALM_BC1F3s1_1105","(Mota Maradi*2/SC1056)-B-12","FGAV","25ALM_BC1F3s1_2177","GMS_MN2024_MIN_14080_12","(Mota Maradi*2/SC1056)-B-12",44171,"sgh1LQu6U04KO","GMS_PGF2025_MIN_2177","(Mota Maradi*2/SC1056)-B-12-1","55063","sgh1LqP2ppgvy","GMS_MN2025_124015","(Mota Maradi*2/SC1056)-B-12-1-1","67318","sgh1LKuQFrhzS","NO_ISSUES_IDENTIFIED","Introgression_confirmed","ADVANCE BC1F5 IN PV2627","ADVANCE BC1F5 IN PV2627","BC1F5","67318","sgh1LKuQFrhzS"
"25ALM_BC1F3s1_2029","(Mota Maradi*2/SC1056)-B-12","FEUB","25ALM_BC1F3s1_2077","GMS_MN2024_MIN_14075_12","(Mota Maradi*2/SC1056)-B-12",44171,"sgh1LVsSHfE1u","GMS_PGF2025_MIN_2077","(Mota Maradi*2/SC1056)-B-12-1","55063","sgh1LYXY7Tglk","GMS_MN2025_117035","(Mota Maradi*2/SC1056)-B-12-1-1","67318","sgh1Lzs2sOwHA","NO_ISSUES_IDENTIFIED","Introgression_confirmed","ADVANCE BC1F5 IN PV2627","ADVANCE BC1F5 IN PV2627","BC1F5","67318","sgh1Lzs2sOwHA"
"25ALM_BC1F3s1_0278","(Mota Maradi*2/SC1056)-B-11","FROJ","25ALM_BC1F3s1_2176","GMS_MN2024_MIN_14080_11","(Mota Maradi*2/SC1056)-B-11",44170,"sgh1LSRMDs521","GMS_PGF2025_MIN_2176","(Mota Maradi*2/SC1056)-B-11-1","55062","sgh1LRPiImfHp","GMS_MN2025_106036","(Mota Maradi*2/SC1056)-B-11-1-1","65816","sgh1LWUDyoRZe","NO_ISSUES_IDENTIFIED","Introgression_confirmed","ADVANCE BC1F5 IN PV2627","ADVANCE BC1F5 IN PV2627","BC1F5","65816","sgh1LWUDyoRZe"
"25ALM_BC1F3s1_0557","(Mota Maradi*2/SC1056)-B-11","FGVH","25ALM_BC1F3s1_2118","GMS_MN2024_MIN_14077_11","(Mota Maradi*2/SC1056)-B-11",44170,"sgh1LIML9bqE0","GMS_PGF2025_MIN_2118","(Mota Maradi*2/SC1056)-B-11-1","55062","sgh1LK4KLhctI","GMS_MN2025_116028","(Mota Maradi*2/SC1056)-B-11-1-1","65816","sgh1LsPI57lW3","NO_ISSUES_IDENTIFIED","Introgression_confirmed","ADVANCE BC1F5 IN PV2627","ADVANCE BC1F5 IN PV2627","BC1F5","65816","sgh1LsPI57lW3"
"25ALM_BC1F3s1_1014","(Mota Maradi*2/SC1056)-B-11","FOCU","25ALM_BC1F3s1_2141","GMS_MN2024_MIN_14078_11","(Mota Maradi*2/SC1056)-B-11",44170,"sgh1LGbGhoHld","GMS_PGF2025_MIN_2141","(Mota Maradi*2/SC1056)-B-11-1","55062","sgh1LYN5iILUg","GMS_MN2025_231095","(Mota Maradi*2/SC1056)-B-11-1-1","65816","sgh1LPAruEExt","NO_ISSUES_IDENTIFIED","Introgression_confirmed","ADVANCE BC1F5 IN PV2627","ADVANCE BC1F5 IN PV2627","BC1F5","65816","sgh1LPAruEExt"
"25ALM_BC1F3s1_1565","(Mota Maradi*2/SC1056)-B-11","FMEG","25ALM_BC1F3s1_2100","GMS_MN2024_MIN_14076_11","(Mota Maradi*2/SC1056)-B-11",44170,"sgh1LG4ISjNAM","GMS_PGF2025_MIN_2100","(Mota Maradi*2/SC1056)-B-11-1","55062","sgh1L3aktdgqH","GMS_MN2025_114029","(Mota Maradi*2/SC1056)-B-11-1-1","65816","sgh1LpPxDkBYq","NO_ISSUES_IDENTIFIED","Introgression_confirmed","ADVANCE BC1F5 IN PV2627","ADVANCE BC1F5 IN PV2627","BC1F5","65816","sgh1LpPxDkBYq"
"25ALM_BC1F3s1_2317","(Mota Maradi*2/SC1056)-B-11","FUSP","25ALM_BC1F3s1_2157","GMS_MN2024_MIN_14079_11","(Mota Maradi*2/SC1056)-B-11",44170,"sgh1Lj6N8H9ph","GMS_PGF2025_MIN_2157","(Mota Maradi*2/SC1056)-B-11-1","55062","sgh1LFHzyUz3l","GMS_MN2025_109033","(Mota Maradi*2/SC1056)-B-11-1-1","65816","sgh1LAXcb3T5R","NO_ISSUES_IDENTIFIED","Introgression_confirmed","ADVANCE BC1F5 IN PV2627","ADVANCE BC1F5 IN PV2627","BC1F5","65816","sgh1LAXcb3T5R"
"25ALM_BC1F3s1_0113","(Mota Maradi*2/SC1056)-B-10","FMNK","25ALM_BC1F3s1_2175","GMS_MN2024_MIN_14080_10","(Mota Maradi*2/SC1056)-B-10",44169,"sgh1LztXjqkdF","GMS_PGF2025_MIN_2175","(Mota Maradi*2/SC1056)-B-10-1","55061","sgh1Lwc4mlzpi","GMS_MN2025_111028","(Mota Maradi*2/SC1056)-B-10-1-1","65359","sgh1LGIbf946h","NO_ISSUES_IDENTIFIED","Introgression_confirmed","ADVANCE BC1F5 IN PV2627","ADVANCE BC1F5 IN PV2627","BC1F5","65359","sgh1LGIbf946h"
"25ALM_BC1F3s1_0371","(Mota Maradi*2/SC1056)-B-10","FDAK","25ALM_BC1F3s1_2140","GMS_MN2024_MIN_14078_10","(Mota Maradi*2/SC1056)-B-10",44169,"sgh1LweTSQEud","GMS_PGF2025_MIN_2140","(Mota Maradi*2/SC1056)-B-10-1","55061","sgh1Lv7agQWWz","GMS_MN2025_215086","(Mota Maradi*2/SC1056)-B-10-1-1","65359","sgh1LdTjogbIM","NO_ISSUES_IDENTIFIED","Introgression_confirmed","ADVANCE BC1F5 IN PV2627","ADVANCE BC1F5 IN PV2627","BC1F5","65359","sgh1LdTjogbIM"
"25ALM_BC1F3s1_0653","(Mota Maradi*2/SC1056)-B-10","FMBJ","25ALM_BC1F3s1_2099","GMS_MN2024_MIN_14076_10","(Mota Maradi*2/SC1056)-B-10",44169,"sgh1LLHjJqz3Y","GMS_PGF2025_MIN_2099","(Mota Maradi*2/SC1056)-B-10-1","55061","sgh1LZbmLCoSt","GMS_MN2025_118019","(Mota Maradi*2/SC1056)-B-10-1-1","65359","sgh1LSzaQ2pxN","NO_ISSUES_IDENTIFIED","Introgression_confirmed","ADVANCE BC1F5 IN PV2627","ADVANCE BC1F5 IN PV2627","BC1F5","65359","sgh1LSzaQ2pxN"
"25ALM_BC1F3s1_0902","(Mota Maradi*2/SC1056)-B-10","FSON","25ALM_BC1F3s1_2075","GMS_MN2024_MIN_14075_10","(Mota Maradi*2/SC1056)-B-10",44169,"sgh1LjKcI80MH","GMS_PGF2025_MIN_2075","(Mota Maradi*2/SC1056)-B-10-1","55061","sgh1L2SDk8p2D","GMS_MN2025_131010","(Mota Maradi*2/SC1056)-B-10-1-1","65359","sgh1L6LHrQjC2","NO_ISSUES_IDENTIFIED","Introgression_confirmed","ADVANCE BC1F5 IN PV2627","ADVANCE BC1F5 IN PV2627","BC1F5","65359","sgh1L6LHrQjC2"
"25ALM_BC1F3s1_1351","(Mota Maradi*2/SC1056)-B-10","FLFG","25ALM_BC1F3s1_2117","GMS_MN2024_MIN_14077_10","(Mota Maradi*2/SC1056)-B-10",44169,"sgh1LKwUN5Y8Z","GMS_PGF2025_MIN_2117","(Mota Maradi*2/SC1056)-B-10-1","55061","sgh1Lf4oChbgM","GMS_MN2025_124078","(Mota Maradi*2/SC1056)-B-10-1-1","65359","sgh1L2Yfb4GR2","NO_ISSUES_IDENTIFIED","Introgression_confirmed","ADVANCE BC1F5 IN PV2627","ADVANCE BC1F5 IN PV2627","BC1F5","65359","sgh1L2Yfb4GR2"
"25ALM_BC1F3s1_1507","(Mota Maradi*2/SC1056)-B-10","FZVM","25ALM_BC1F3s1_1049","GMS_PV2324_MIN_16017_10","(Mota Maradi*2/SC1056)-B-10",44169,"sgh1LlQP5N3e5","GMS_PGF2025_MIN_1049","(Mota Maradi*2/SC1056)-B-10-1","55061","sgh1LSnueMYWC","GMS_MN2025_209090","(Mota Maradi*2/SC1056)-B-10-1-1","65359","sgh1L5qyF8jh6","NO_ISSUES_IDENTIFIED","Introgression_confirmed","ADVANCE BC1F5 IN PV2627","ADVANCE BC1F5 IN PV2627","BC1F5","65359","sgh1L5qyF8jh6"
"25ALM_BC1F3s1_1686","(Mota Maradi*2/SC1056)-B-1","FHLR","25ALM_BC1F3s1_1040","GMS_PV2324_MIN_16017_01","(Mota Maradi*2/SC1056)-B-1",44160,"sgh1L0eWc8Jvw","GMS_PGF2025_MIN_1040","(Mota Maradi*2/SC1056)-B-1-1","55052","sgh1LLm26x8dS",NA,NA,NA,NA,"NOT_HARVESTED_MN2025","Introgression_confirmed","ADVANCE BC1F4 IN PGF","ADVANCE BC1F4 IN PGF","BC1F4","55052","sgh1LLm26x8dS"
"25ALM_BC1F3s1_1826","(Mota Maradi*2/SC1056)-B-1","FSWR","25ALM_BC1F3s1_2131","GMS_MN2024_MIN_14078_01","(Mota Maradi*2/SC1056)-B-1",44160,"BC1F3:UNKNOWN_MULTIPLE_LOTS","GMS_PGF2025_MIN_2131","(Mota Maradi*2/SC1056)-B-1-1","55052","sgh1LsOlgX1pi","GMS_MN2025_231090","(Mota Maradi*2/SC1056)-B-1-1-1","65615","sgh1LgTirjDX7","BC1F3:UNKNOWN_MULTIPLE_LOTS","Introgression_confirmed","ADVANCE BC1F5 IN PV2627","ADVANCE BC1F5 IN PV2627","BC1F5","65615","sgh1LgTirjDX7"
"25ALM_BC1F3s1_2088","(Mota Maradi*2/SC1056)-B-1","FOJO","25ALM_BC1F3s1_2090","GMS_MN2024_MIN_14076_01","(Mota Maradi*2/SC1056)-B-1",44160,"sgh1LdbSPNcD8","GMS_PGF2025_MIN_2090","(Mota Maradi*2/SC1056)-B-1-1","55052","sgh1LU8if6g4P","GMS_MN2025_220098","(Mota Maradi*2/SC1056)-B-1-1-1","65615","sgh1LYUwVqqOC","NO_ISSUES_IDENTIFIED","Introgression_confirmed","ADVANCE BC1F5 IN PV2627","ADVANCE BC1F5 IN PV2627","BC1F5","65615","sgh1LYUwVqqOC"
"25ALM_BC1F3s1_2127","(Mota Maradi*2/SC1056)-B-1","FSUX","25ALM_BC1F3s1_2148","GMS_MN2024_MIN_14079_01","(Mota Maradi*2/SC1056)-B-1",44160,"sgh1L4BBBkpHJ","GMS_PGF2025_MIN_2148","(Mota Maradi*2/SC1056)-B-1-1","55052","sgh1LklBrz5O0",NA,NA,NA,NA,"NOT_HARVESTED_MN2025","Introgression_confirmed","ADVANCE BC1F4 IN PV2627","ADVANCE BC1F4 IN PV2627","BC1F4","55052","sgh1LklBrz5O0"
"25ALM_BC1F3s1_2190","(Mota Maradi*2/SC1056)-B-1","FPEC","25ALM_BC1F3s1_2166","GMS_MN2024_MIN_14080_01","(Mota Maradi*2/SC1056)-B-1",44160,"sgh1LGT8giS58","GMS_PGF2025_MIN_2166","(Mota Maradi*2/SC1056)-B-1-1","55052","sgh1L2uzHMOxi","GMS_MN2025_119041","(Mota Maradi*2/SC1056)-B-1-1-1","65615","sgh1LtQNqEoVe","NO_ISSUES_IDENTIFIED","Introgression_confirmed","ADVANCE BC1F5 IN PV2627","ADVANCE BC1F5 IN PV2627","BC1F5","65615","sgh1LtQNqEoVe"
"25ALM_BC1F3s1_2547","(Mota Maradi*2/SC1056)-B-1","FLYO","25ALM_BC1F3s1_2108","GMS_MN2024_MIN_14077_01","(Mota Maradi*2/SC1056)-B-1",44160,"sgh1LiuwxE35E","GMS_PGF2025_MIN_2108","(Mota Maradi*2/SC1056)-B-1-1","55052","sgh1LKtDpZS5d","GMS_MN2025_116034","(Mota Maradi*2/SC1056)-B-1-1-1","65615","sgh1LgR7mVYwR","NO_ISSUES_IDENTIFIED","Introgression_confirmed","ADVANCE BC1F5 IN PV2627","ADVANCE BC1F5 IN PV2627","BC1F5","65615","sgh1LgR7mVYwR"
"25ALM_BC1F3s1_0591","(Mota Maradi*2/SC941)-B-12","FKVE","25ALM_BC1F3s1_1150","GMS_PV2324_MIN_16024_12","(Mota Maradi*2/SC941)-B-12",44276,"sgh1Lg5r7WrwM","GMS_PGF2025_MIN_1150","(Mota Maradi*2/SC941)-B-12-1","55159","sgh1LHGfWpruG",NA,NA,NA,NA,"NOT_HARVESTED_MN2025","Introgression_confirmed","ADVANCE BC1F4 IN PGF","ADVANCE BC1F4 IN PGF","BC1F4","55159","sgh1LHGfWpruG"
"25ALM_BC1F3s1_2372","(Mota Maradi*2/RTx436)-B-9","FMZA","25ALM_BC1F3s1_0395","GMS_PV2324_MIN_16001_09","(Mota Maradi*2/RTx436)-B-9",43103,"sgh1Lk6xwDsB3","GMS_PGF2025_MIN_0395","(Mota Maradi*2/RTx436)-B-9-1","54451","sgh1LpD74D09u","GMS_MN2025_125028","(Mota Maradi*2/RTx436)-B-9-1-1","67056","sgh1Lw5KkFXey","NO_ISSUES_IDENTIFIED","Introgression_confirmed","ADVANCE BC1F5 IN PV2627","ADVANCE BC1F5 IN PV2627","BC1F5","67056","sgh1Lw5KkFXey"
"25ALM_BC1F3s1_1127","(Mota Maradi*2/RTx436)-B-8","FALV","25ALM_BC1F3s1_0394","GMS_PV2324_MIN_16001_08","(Mota Maradi*2/RTx436)-B-8",43102,"sgh1LS5cHJrN1","GMS_PGF2025_MIN_0394","(Mota Maradi*2/RTx436)-B-8-1","54450","sgh1Lh9S9G48m","GMS_MN2025_116077","(Mota Maradi*2/RTx436)-B-8-1-1","65509","sgh1LLo6gKVFI","NO_ISSUES_IDENTIFIED","Introgression_confirmed","ADVANCE BC1F5 IN PV2627","ADVANCE BC1F5 IN PV2627","BC1F5","65509","sgh1LLo6gKVFI"
"25ALM_BC1F3s1_2669","(Mota Maradi*2/RTx436)-B-6","FOQK","25ALM_BC1F3s1_0392","GMS_PV2324_MIN_16001_06","(Mota Maradi*2/RTx436)-B-6",43100,"sgh1L4nNSKpto","GMS_PGF2025_MIN_0392","(Mota Maradi*2/RTx436)-B-6-1","54449","sgh1Luj2wpPky","GMS_MN2025_136038","(Mota Maradi*2/RTx436)-B-6-1-1","67094","sgh1LimCNIRyF","NO_ISSUES_IDENTIFIED","Introgression_confirmed","ADVANCE BC1F5 IN PV2627","ADVANCE BC1F5 IN PV2627","BC1F5","67094","sgh1LimCNIRyF"
"25ALM_BC1F3s1_0432","(Mota Maradi*2/RTx436)-B-5","FIBG","25ALM_BC1F3s1_0391","GMS_PV2324_MIN_16001_05","(Mota Maradi*2/RTx436)-B-5",43099,"sgh1LL63RzXD4","GMS_PGF2025_MIN_0391","(Mota Maradi*2/RTx436)-B-5-1","54448","sgh1L9Tmc5TeH","GMS_MN2025_108078","(Mota Maradi*2/RTx436)-B-5-1-1","65342","sgh1LCGGAWNGK","NO_ISSUES_IDENTIFIED","Introgression_confirmed","ADVANCE BC1F5 IN PV2627","ADVANCE BC1F5 IN PV2627","BC1F5","65342","sgh1LCGGAWNGK"
"25ALM_BC1F3s1_0098","(Mota Maradi*2/RTx436)-B-4","FEWU","25ALM_BC1F3s1_0390","GMS_PV2324_MIN_16001_04","(Mota Maradi*2/RTx436)-B-4",43098,"sgh1LES9BBsSF","GMS_PGF2025_MIN_0390","(Mota Maradi*2/RTx436)-B-4-1","54447","sgh1LFnCOzgDG","GMS_MN2025_125042","(Mota Maradi*2/RTx436)-B-4-1-1","67539","sgh1LTt0jaP1C","NO_ISSUES_IDENTIFIED","Introgression_confirmed","ADVANCE BC1F5 IN PV2627","ADVANCE BC1F5 IN PV2627","BC1F5","67539","sgh1LTt0jaP1C"
"25ALM_BC1F3s1_0821","(Mota Maradi*2/RTx436)-B-3","FZQP","25ALM_BC1F3s1_0389","GMS_PV2324_MIN_16001_03","(Mota Maradi*2/RTx436)-B-3",43097,"sgh1LulBWZc92","GMS_PGF2025_MIN_0389","(Mota Maradi*2/RTx436)-B-3-1","54446","sgh1LOa2sgJqw","GMS_MN2025_119007","(Mota Maradi*2/RTx436)-B-3-1-1","67233","sgh1LrnPKQLPu","NO_ISSUES_IDENTIFIED","Introgression_confirmed","ADVANCE BC1F5 IN PV2627","ADVANCE BC1F5 IN PV2627","BC1F5","67233","sgh1LrnPKQLPu"
"25ALM_BC1F3s1_1198","(Mota Maradi*2/RTx436)-B-2","FWAG","25ALM_BC1F3s1_0388","GMS_PV2324_MIN_16001_02","(Mota Maradi*2/RTx436)-B-2",43096,"sgh1LJCP69zgJ","GMS_PGF2025_MIN_0388","(Mota Maradi*2/RTx436)-B-2-1","54445","sgh1LnCEloz36","GMS_MN2025_214098","(Mota Maradi*2/RTx436)-B-2-1-1","65482","sgh1LR3BqrJIz","NO_ISSUES_IDENTIFIED","Introgression_confirmed","ADVANCE BC1F5 IN PV2627","ADVANCE BC1F5 IN PV2627","BC1F5","65482","sgh1LR3BqrJIz"
"25ALM_BC1F3s1_1899","(Mota Maradi*2/RTx436)-B-10","FKVX","25ALM_BC1F3s1_0396","GMS_PV2324_MIN_16001_10","(Mota Maradi*2/RTx436)-B-10",43104,"sgh1LTZalQU6T","GMS_PGF2025_MIN_0396","(Mota Maradi*2/RTx436)-B-10-1","54452","sgh1LdSvPzsqm","GMS_MN2025_128031","(Mota Maradi*2/RTx436)-B-10-1-1","67050","sgh1L0aUrM7uK","NO_ISSUES_IDENTIFIED","Introgression_confirmed","ADVANCE BC1F5 IN PV2627","ADVANCE BC1F5 IN PV2627","BC1F5","67050","sgh1L0aUrM7uK"
"25ALM_BC1F3s1_0638","(Mota Maradi*2/RTx436)-B-1","FRZS","25ALM_BC1F3s1_0387","GMS_PV2324_MIN_16001_01","(Mota Maradi*2/RTx436)-B-1",43095,"sgh1LuZqJydqi","GMS_PGF2025_MIN_0387","(Mota Maradi*2/RTx436)-B-1-1","54444","sgh1LiChLV9ng","GMS_MN2025_231103","(Mota Maradi*2/RTx436)-B-1-1-1","65812","sgh1L5atBM7o3","NO_ISSUES_IDENTIFIED","Introgression_confirmed","ADVANCE BC1F5 IN PV2627","ADVANCE BC1F5 IN PV2627","BC1F5","65812","sgh1L5atBM7o3"
"25ALM_BC1F3s1_2345","(Mota Maradi*2/SC334)-B-6","FKSO","25ALM_BC1F3s1_0447","GMS_PV2324_MIN_16005_06","(Mota Maradi*2/SC334)-B-6",43160,"sgh1Ltm3OPqZL","GMS_PGF2025_MIN_0447","(Mota Maradi*2/SC334)-B-6-1","54501","sgh1LmjksF0yc","GMS_MN2025_212090","(Mota Maradi*2/SC334)-B-6-1-1","65426","sgh1LAbNLbrgW","NO_ISSUES_IDENTIFIED","Introgression_confirmed","ADVANCE BC1F5 IN PV2627","ADVANCE BC1F5 IN PV2627","BC1F5","65426","sgh1LAbNLbrgW"
"25ALM_BC1F3s1_1548","(Mota Maradi*2/SC334)-B-3","FDBN","25ALM_BC1F3s1_0444","GMS_PV2324_MIN_16005_03","(Mota Maradi*2/SC334)-B-3",43157,"sgh1LtOIaSrSx","GMS_PGF2025_MIN_0444","(Mota Maradi*2/SC334)-B-3-1","54498","sgh1LT8o5wtVW","GMS_MN2025_220091","(Mota Maradi*2/SC334)-B-3-1-1","65611","sgh1LOcFFgpIg","NO_ISSUES_IDENTIFIED","Introgression_confirmed","ADVANCE BC1F5 IN PV2627","ADVANCE BC1F5 IN PV2627","BC1F5","65611","sgh1LOcFFgpIg"
"25ALM_BC1F3s1_0903","(Mota Maradi*2/SC760)-B-9","FYAN","25ALM_BC1F3s1_1367","GMS_PV2324_MIN_15027_09","(Mota Maradi*2/SC760)-B-9",44513,"sgh1LKHA72zhz","GMS_PGF2025_MIN_1367","(Mota Maradi*2/SC760)-B-9-1","55363","sgh1LgwJL8Abt","GMS_MN2025_230091","(Mota Maradi*2/SC760)-B-9-1-1","65802","sgh1LGo7iSDyd","NO_ISSUES_IDENTIFIED","Introgression_confirmed","ADVANCE BC1F5 IN PV2627","ADVANCE BC1F5 IN PV2627","BC1F5","65802","sgh1LGo7iSDyd"
"25ALM_BC1F3s1_0806","(Mota Maradi*2/SC760)-B-8","FZIM","25ALM_BC1F3s1_1366","GMS_PV2324_MIN_15027_08","(Mota Maradi*2/SC760)-B-8",44512,"sgh1L0XTLeJ20","GMS_PGF2025_MIN_1366","(Mota Maradi*2/SC760)-B-8-1","55362","sgh1LD9EsRCnj","GMS_MN2025_218084","(Mota Maradi*2/SC760)-B-8-1-1","65556","sgh1L2LaaMjZh","NO_ISSUES_IDENTIFIED","Introgression_confirmed","ADVANCE BC1F5 IN PV2627","ADVANCE BC1F5 IN PV2627","BC1F5","65556","sgh1L2LaaMjZh"
"25ALM_BC1F3s1_1267","(Mota Maradi*2/SC760)-B-7","FEYI","25ALM_BC1F3s1_1365","GMS_PV2324_MIN_15027_07","(Mota Maradi*2/SC760)-B-7",44511,"sgh1LkEWk1T1H","GMS_PGF2025_MIN_1365","(Mota Maradi*2/SC760)-B-7-1","55361","sgh1L6EIoczZh","GMS_MN2025_223081","(Mota Maradi*2/SC760)-B-7-1-1","65680","sgh1LZL82Jpli","NO_ISSUES_IDENTIFIED","Introgression_confirmed","ADVANCE BC1F5 IN PV2627","ADVANCE BC1F5 IN PV2627","BC1F5","65680","sgh1LZL82Jpli"
"25ALM_BC1F3s1_2795","(Mota Maradi*2/SC760)-B-6","FAVZ","25ALM_BC1F3s1_1364","GMS_PV2324_MIN_15027_06","(Mota Maradi*2/SC760)-B-6",44510,"sgh1Lm7mFkzN1","GMS_PGF2025_MIN_1364","(Mota Maradi*2/SC760)-B-6-1","55360","sgh1LSaVHX8kN","GMS_MN2025_224082","(Mota Maradi*2/SC760)-B-6-1-1","65689","sgh1LPzuJ50KI","NO_ISSUES_IDENTIFIED","Introgression_confirmed","ADVANCE BC1F5 IN PV2627","ADVANCE BC1F5 IN PV2627","BC1F5","65689","sgh1LPzuJ50KI"
"25ALM_BC1F3s1_0117","(Mota Maradi*2/SC760)-B-5","FGAM","25ALM_BC1F3s1_1363","GMS_PV2324_MIN_15027_05","(Mota Maradi*2/SC760)-B-5",44509,"sgh1LSjTkzCUm","GMS_PGF2025_MIN_1363","(Mota Maradi*2/SC760)-B-5-1","55359","sgh1LZmGIYzj6","GMS_MN2025_216088","(Mota Maradi*2/SC760)-B-5-1-1","65519","sgh1LbljxMt9T","NO_ISSUES_IDENTIFIED","Introgression_confirmed","ADVANCE BC1F5 IN PV2627","ADVANCE BC1F5 IN PV2627","BC1F5","65519","sgh1LbljxMt9T"
"25ALM_BC1F3s1_0317","(Mota Maradi*2/SC760)-B-4","FALN","25ALM_BC1F3s1_1362","GMS_PV2324_MIN_15027_04","(Mota Maradi*2/SC760)-B-4",44508,"sgh1LEX0F9jOV","GMS_PGF2025_MIN_1362","(Mota Maradi*2/SC760)-B-4-1","55358","sgh1LIJENoG48","GMS_MN2025_119027","(Mota Maradi*2/SC760)-B-4-1-1","67365","sgh1Lb9b7AGYg","NO_ISSUES_IDENTIFIED","Introgression_confirmed","ADVANCE BC1F5 IN PV2627","ADVANCE BC1F5 IN PV2627","BC1F5","67365","sgh1Lb9b7AGYg"
"25ALM_BC1F3s1_0939","(Mota Maradi*2/SC760)-B-3","FIEB","25ALM_BC1F3s1_1361","GMS_PV2324_MIN_15027_03","(Mota Maradi*2/SC760)-B-3",44507,"sgh1LzusiCcbp","GMS_PGF2025_MIN_1361","(Mota Maradi*2/SC760)-B-3-1","55357","sgh1LehGRlkUp","GMS_MN2025_127008","(Mota Maradi*2/SC760)-B-3-1-1","67459","sgh1LQbJKKVhu","NO_ISSUES_IDENTIFIED","Introgression_confirmed","ADVANCE BC1F5 IN PV2627","ADVANCE BC1F5 IN PV2627","BC1F5","67459","sgh1LQbJKKVhu"
"25ALM_BC1F3s1_2278","(Mota Maradi*2/SC760)-B-2","FWTO","25ALM_BC1F3s1_1360","GMS_PV2324_MIN_15027_02","(Mota Maradi*2/SC760)-B-2",44506,"sgh1L8fHGEY1u","GMS_PGF2025_MIN_1360","(Mota Maradi*2/SC760)-B-2-1","55356","sgh1LSO4s5R5T","GMS_MN2025_215087","(Mota Maradi*2/SC760)-B-2-1-1","65500","sgh1L8KxnsQKU","NO_ISSUES_IDENTIFIED","Introgression_confirmed","ADVANCE BC1F5 IN PV2627","ADVANCE BC1F5 IN PV2627","BC1F5","65500","sgh1L8KxnsQKU"
"25ALM_BC1F3s1_0541","(Mota Maradi*2/SC760)-B-11","FBOP","25ALM_BC1F3s1_1369","GMS_PV2324_MIN_15027_11","(Mota Maradi*2/SC760)-B-11",44515,"sgh1Ljfx4i9Ic","GMS_PGF2025_MIN_1369","(Mota Maradi*2/SC760)-B-11-1","55365","sgh1Lehqyz4nz","GMS_MN2025_127079","(Mota Maradi*2/SC760)-B-11-1-1","65748","sgh1LKYShZd46","NO_ISSUES_IDENTIFIED","Introgression_confirmed","ADVANCE BC1F5 IN PV2627","ADVANCE BC1F5 IN PV2627","BC1F5","65748","sgh1LKYShZd46"
"25ALM_BC1F3s1_2617","(Mota Maradi*2/SC760)-B-1","FMZV","25ALM_BC1F3s1_1359","GMS_PV2324_MIN_15027_01","(Mota Maradi*2/SC760)-B-1",44505,"sgh1LJkUmySBR","GMS_PGF2025_MIN_1359","(Mota Maradi*2/SC760)-B-1-1","55355","sgh1LoN8sHNsd",NA,NA,NA,NA,"NO_ISSUES_IDENTIFIED","Introgression_confirmed","ADVANCE BC1F4 IN PGF","ADVANCE BC1F4 IN PGF","BC1F4","55355","sgh1LoN8sHNsd"
"25ALM_BC1F3s1_2614","(Mota Maradi*2/SC630)-B-8","FKLQ","25ALM_BC1F3s1_2024","GMS_MN2024_MIN_14071_08","(Mota Maradi*2/SC630)-B-8",48483,"sgh1LGzs0xsdI","GMS_PGF2025_MIN_2024","(Mota Maradi*2/SC630)-B-8-1","55725","sgh1LOErhv6DB","GMS_MN2025_120042","(Mota Maradi*2/SC630)-B-8-1-1","67407","sgh1L2uBiM9c1","NO_ISSUES_IDENTIFIED","Introgression_confirmed","ADVANCE BC1F5 IN PV2627","ADVANCE BC1F5 IN PV2627","BC1F5","67407","sgh1L2uBiM9c1"
"25ALM_BC1F3s1_0760","(Mota Maradi*2/SC630)-B-7","FWAV","25ALM_BC1F3s1_2023","GMS_MN2024_MIN_14071_07","(Mota Maradi*2/SC630)-B-7",48482,"sgh1LZSoWgbom","GMS_PGF2025_MIN_2023","(Mota Maradi*2/SC630)-B-7-1","55724","sgh1LOTzits8A","GMS_MN2025_118027","(Mota Maradi*2/SC630)-B-7-1-1","67339","sgh1LHlWhw6q9","NO_ISSUES_IDENTIFIED","Introgression_confirmed","ADVANCE BC1F5 IN PV2627","ADVANCE BC1F5 IN PV2627","BC1F5","67339","sgh1LHlWhw6q9"
"25ALM_BC1F3s1_0703","(Mota Maradi*2/SC630)-B-6","FQHE","25ALM_BC1F3s1_2022","GMS_MN2024_MIN_14071_06","(Mota Maradi*2/SC630)-B-6",48481,"sgh1L7TVA3sqc","GMS_PGF2025_MIN_2022","(Mota Maradi*2/SC630)-B-6-1","55723","sgh1LCKTCa8XT","GMS_MN2025_109030","(Mota Maradi*2/SC630)-B-6-1-1","67089","sgh1Lp1n9tjqq","NO_ISSUES_IDENTIFIED","Introgression_confirmed","ADVANCE BC1F5 IN PV2627","ADVANCE BC1F5 IN PV2627","BC1F5","67089","sgh1Lp1n9tjqq"
"25ALM_BC1F3s1_1146","(Mota Maradi*2/SC630)-B-4","FRQN","25ALM_BC1F3s1_2020","GMS_MN2024_MIN_14071_04","(Mota Maradi*2/SC630)-B-4",48479,"sgh1L8tGPq3Ah","GMS_PGF2025_MIN_2020","(Mota Maradi*2/SC630)-B-4-1","55721","sgh1LnwWCy7lg","GMS_MN2025_129041","(Mota Maradi*2/SC630)-B-4-1-1","67640","sgh1LJ5fFZ0X5","NO_ISSUES_IDENTIFIED","Introgression_confirmed","ADVANCE BC1F5 IN PV2627","ADVANCE BC1F5 IN PV2627","BC1F5","67640","sgh1LJ5fFZ0X5"
"25ALM_BC1F3s1_1222","(Mota Maradi*2/SC630)-B-3","FKXS","25ALM_BC1F3s1_2036","GMS_MN2024_MIN_14072_03","(Mota Maradi*2/SC630)-B-3",48478,"sgh1LMhPaYRVL","GMS_PGF2025_MIN_2036","(Mota Maradi*2/SC630)-B-3-1","55720","sgh1LuwKQrQ5M","GMS_MN2025_116042","(Mota Maradi*2/SC630)-B-3-1-1","67250","sgh1Lh5AkypfN","NO_ISSUES_IDENTIFIED","Introgression_confirmed","ADVANCE BC1F5 IN PV2627","ADVANCE BC1F5 IN PV2627","BC1F5","67250","sgh1Lh5AkypfN"
"25ALM_BC1F3s1_1621","(Mota Maradi*2/SC630)-B-2","FDMV","25ALM_BC1F3s1_2035","GMS_MN2024_MIN_14072_02","(Mota Maradi*2/SC630)-B-2",48477,"sgh1Ls1n66Yem","GMS_PGF2025_MIN_2035","(Mota Maradi*2/SC630)-B-2-1","55719","sgh1LN3GqGis9","GMS_MN2025_228086","(Mota Maradi*2/SC630)-B-2-1-1","65757","sgh1Lx4A3N9su","NO_ISSUES_IDENTIFIED","Introgression_confirmed","ADVANCE BC1F5 IN PV2627","ADVANCE BC1F5 IN PV2627","BC1F5","65757","sgh1Lx4A3N9su"
"25ALM_BC1F3s1_2024","(Mota Maradi*2/SC630)-B-17","FSDZ","25ALM_BC1F3s1_2032","GMS_MN2024_MIN_14071_17","(Mota Maradi*2/SC630)-B-17",48491,"sgh1LAysZZEJn","GMS_PGF2025_MIN_2032","(Mota Maradi*2/SC630)-B-17-1","55731","sgh1L1QbCFawj","GMS_MN2025_131027","(Mota Maradi*2/SC630)-B-17-1-1","67685","sgh1LAPfUJMLB","NO_ISSUES_IDENTIFIED","Introgression_confirmed","ADVANCE BC1F5 IN PV2627","ADVANCE BC1F5 IN PV2627","BC1F5","67685","sgh1LAPfUJMLB"
"25ALM_BC1F3s1_0830","(Mota Maradi*2/SC630)-B-14","FUBF","25ALM_BC1F3s1_2030","GMS_MN2024_MIN_14071_14","(Mota Maradi*2/SC630)-B-14",48489,"sgh1LyGlWuEIa","GMS_PGF2025_MIN_2030","(Mota Maradi*2/SC630)-B-14-1","55730","sgh1LWBWjSVMT","GMS_MN2025_211092","(Mota Maradi*2/SC630)-B-14-1-1","65403","sgh1LKyr7ClLc","NO_ISSUES_IDENTIFIED","Introgression_confirmed","ADVANCE BC1F5 IN PV2627","ADVANCE BC1F5 IN PV2627","BC1F5","65403","sgh1LKyr7ClLc"
"25ALM_BC1F3s1_0964","(Mota Maradi*2/SC630)-B-13","FCRM","25ALM_BC1F3s1_2029","GMS_MN2024_MIN_14071_13","(Mota Maradi*2/SC630)-B-13",48488,"sgh1L8oQvSEkI","GMS_PGF2025_MIN_2029","(Mota Maradi*2/SC630)-B-13-1","55729","sgh1LWVWNnmoA","GMS_MN2025_218094","(Mota Maradi*2/SC630)-B-13-1-1","65564","sgh1LgUzC6qlK","NO_ISSUES_IDENTIFIED","Introgression_confirmed","ADVANCE BC1F5 IN PV2627","ADVANCE BC1F5 IN PV2627","BC1F5","65564","sgh1LgUzC6qlK"
"25ALM_BC1F3s1_2504","(Mota Maradi*2/SC630)-B-11","FOCB","25ALM_BC1F3s1_2027","GMS_MN2024_MIN_14071_11","(Mota Maradi*2/SC630)-B-11",48486,"sgh1LuiSEVUkv","GMS_PGF2025_MIN_2027","(Mota Maradi*2/SC630)-B-11-1","55727","sgh1LPPNpxeVg","GMS_MN2025_110012","(Mota Maradi*2/SC630)-B-11-1-1","67103","sgh1LwKeBu0MW","NO_ISSUES_IDENTIFIED","Introgression_confirmed","ADVANCE BC1F5 IN PV2627","ADVANCE BC1F5 IN PV2627","BC1F5","67103","sgh1LwKeBu0MW"
"25ALM_BC1F3s1_1332","(Mota Maradi*2/SC630)-B-1","FFJZ","25ALM_BC1F3s1_2017","GMS_MN2024_MIN_14071_01","(Mota Maradi*2/SC630)-B-1",48476,"BC1F3:UNKNOWN_MULTIPLE_LOTS","GMS_PGF2025_MIN_2017","(Mota Maradi*2/SC630)-B-1-1","55718","sgh1LSvb8vGlr","GMS_MN2025_211093","(Mota Maradi*2/SC630)-B-1-1-1","65402","sgh1LhrDBeaHJ","BC1F3:UNKNOWN_MULTIPLE_LOTS","Introgression_confirmed","ADVANCE BC1F5 IN PV2627","ADVANCE BC1F5 IN PV2627","BC1F5","65402","sgh1LhrDBeaHJ"
"25ALM_BC1F3s1_1474","(Mota Maradi*2/SC53)-B-9","FSEV","25ALM_BC1F3s1_1962","GMS_MN2024_MIN_14068_09","(Mota Maradi*2/SC53)-B-9",48437,"sgh1LjisBm1sE","GMS_PGF2025_MIN_1962","(Mota Maradi*2/SC53)-B-9-1","55679","sgh1LpUagDEus","GMS_MN2025_222103","(Mota Maradi*2/SC53)-B-9-1-1","65663","sgh1LenN6pbeb","NO_ISSUES_IDENTIFIED","Introgression_confirmed","ADVANCE BC1F5 IN PV2627","ADVANCE BC1F5 IN PV2627","BC1F5","65663","sgh1LenN6pbeb"
"25ALM_BC1F3s1_2440","(Mota Maradi*2/SC53)-B-9","FZMH","25ALM_BC1F3s1_1938","GMS_MN2024_MIN_14067_09","(Mota Maradi*2/SC53)-B-9",48437,"sgh1LmRoTAilx","GMS_PGF2025_MIN_1938","(Mota Maradi*2/SC53)-B-9-1","55679","sgh1LFUVEkict",NA,NA,NA,NA,"NOT_HARVESTED_MN2025","Introgression_confirmed","ADVANCE BC1F4 IN PGF","ADVANCE BC1F4 IN PGF","BC1F4","55679","sgh1LFUVEkict"
"25ALM_BC1F3s1_1310","(Mota Maradi*2/SC53)-B-8","FGRM","25ALM_BC1F3s1_1937","GMS_MN2024_MIN_14067_08","(Mota Maradi*2/SC53)-B-8",48436,"sgh1LwMoqfvBQ","GMS_PGF2025_MIN_1937","(Mota Maradi*2/SC53)-B-8-1","55678","sgh1LZeDCupTD","GMS_MN2025_119010","(Mota Maradi*2/SC53)-B-8-1-1","67351","sgh1LlRICEx0L","NO_ISSUES_IDENTIFIED","Introgression_confirmed","ADVANCE BC1F5 IN PV2627","ADVANCE BC1F5 IN PV2627","BC1F5","67351","sgh1LlRICEx0L"
"25ALM_BC1F3s1_1803","(Mota Maradi*2/SC53)-B-8","FYHE","25ALM_BC1F3s1_1961","GMS_MN2024_MIN_14068_08","(Mota Maradi*2/SC53)-B-8",48436,"sgh1LA5JdY0AB","GMS_PGF2025_MIN_1961","(Mota Maradi*2/SC53)-B-8-1","55678","sgh1LoVG9L41o",NA,NA,NA,NA,"NO_ISSUES_IDENTIFIED","Introgression_confirmed","ADVANCE BC1F4 IN PGF","ADVANCE BC1F4 IN PGF","BC1F4","55678","sgh1LoVG9L41o"
"25ALM_BC1F3s1_1928","(Mota Maradi*2/SC53)-B-7","FMCX","25ALM_BC1F3s1_1960","GMS_MN2024_MIN_14068_07","(Mota Maradi*2/SC53)-B-7",48435,"sgh1LXnW7eZwO","GMS_PGF2025_MIN_1960","(Mota Maradi*2/SC53)-B-7-1","55677","sgh1L66zT3IuC","GMS_MN2025_222096","(Mota Maradi*2/SC53)-B-7-1-1","65568","sgh1L4rD7JY3q","NO_ISSUES_IDENTIFIED","Introgression_confirmed","ADVANCE BC1F5 IN PV2627","ADVANCE BC1F5 IN PV2627","BC1F5","65568","sgh1L4rD7JY3q"
"25ALM_BC1F3s1_0512","(Mota Maradi*2/SC53)-B-6","FZLU","25ALM_BC1F3s1_1935","GMS_MN2024_MIN_14067_06","(Mota Maradi*2/SC53)-B-6",48434,"sgh1LEwvVHbfA","GMS_PGF2025_MIN_1935","(Mota Maradi*2/SC53)-B-6-1","55676","sgh1LpyLUDCpU","GMS_MN2025_222085","(Mota Maradi*2/SC53)-B-6-1-1","65650","sgh1L4qPQvRdK","NO_ISSUES_IDENTIFIED","Introgression_confirmed","ADVANCE BC1F5 IN PV2627","ADVANCE BC1F5 IN PV2627","BC1F5","65650","sgh1L4qPQvRdK"
"25ALM_BC1F3s1_2725","(Mota Maradi*2/SC53)-B-6","FKNC","25ALM_BC1F3s1_1959","GMS_MN2024_MIN_14068_06","(Mota Maradi*2/SC53)-B-6",48434,"sgh1LJjKynLO5","GMS_PGF2025_MIN_1959","(Mota Maradi*2/SC53)-B-6-1","55676","sgh1LKbzBFszx","GMS_MN2025_112037","(Mota Maradi*2/SC53)-B-6-1-1","65650","sgh1LxNXeDfTN","NO_ISSUES_IDENTIFIED","Introgression_confirmed","ADVANCE BC1F5 IN PV2627","ADVANCE BC1F5 IN PV2627","BC1F5","65650","sgh1LxNXeDfTN"
"25ALM_BC1F3s1_0730","(Mota Maradi*2/SC53)-B-5","FBHN","25ALM_BC1F3s1_1958","GMS_MN2024_MIN_14068_05","(Mota Maradi*2/SC53)-B-5",48433,"sgh1LVLrupLWZ","GMS_PGF2025_MIN_1958","(Mota Maradi*2/SC53)-B-5-1","55675","sgh1Lr2xN0Rp1","GMS_MN2025_129079","(Mota Maradi*2/SC53)-B-5-1-1","65790","sgh1L6oZCZrXv","NO_ISSUES_IDENTIFIED","Introgression_confirmed","ADVANCE BC1F5 IN PV2627","ADVANCE BC1F5 IN PV2627","BC1F5","65790","sgh1L6oZCZrXv"
"25ALM_BC1F3s1_2812","(Mota Maradi*2/SC53)-B-5","FXEV","25ALM_BC1F3s1_1934","GMS_MN2024_MIN_14067_05","(Mota Maradi*2/SC53)-B-5",48433,"sgh1Lpauolptr","GMS_PGF2025_MIN_1934","(Mota Maradi*2/SC53)-B-5-1","55675","sgh1LLb2Luavb","GMS_MN2025_230084","(Mota Maradi*2/SC53)-B-5-1-1","65790","sgh1L95cmzAfb","NO_ISSUES_IDENTIFIED","Introgression_confirmed","ADVANCE BC1F5 IN PV2627","ADVANCE BC1F5 IN PV2627","BC1F5","65790","sgh1L95cmzAfb"
"25ALM_BC1F3s1_0520","(Mota Maradi*2/SC53)-B-4","FDQM","25ALM_BC1F3s1_1957","GMS_MN2024_MIN_14068_04","(Mota Maradi*2/SC53)-B-4",48432,"sgh1LoVcM4vaz","GMS_PGF2025_MIN_1957","(Mota Maradi*2/SC53)-B-4-1","55674","sgh1L0FZRhf2S","GMS_MN2025_230087","(Mota Maradi*2/SC53)-B-4-1-1","65427","sgh1L4avoU5Yk","NO_ISSUES_IDENTIFIED","Introgression_confirmed","ADVANCE BC1F5 IN PV2627","ADVANCE BC1F5 IN PV2627","BC1F5","65427","sgh1L4avoU5Yk"
"25ALM_BC1F3s1_2099","(Mota Maradi*2/SC53)-B-4","FKTL","25ALM_BC1F3s1_1933","GMS_MN2024_MIN_14067_04","(Mota Maradi*2/SC53)-B-4",48432,"sgh1LNITtqYWC","GMS_PGF2025_MIN_1933","(Mota Maradi*2/SC53)-B-4-1","55674","sgh1LOJ6G0vTd","GMS_MN2025_212091","(Mota Maradi*2/SC53)-B-4-1-1","65427","sgh1Ly6N9E5jo","NO_ISSUES_IDENTIFIED","Introgression_confirmed","ADVANCE BC1F5 IN PV2627","ADVANCE BC1F5 IN PV2627","BC1F5","65427","sgh1Ly6N9E5jo"
"25ALM_BC1F3s1_1098","(Mota Maradi*2/SC53)-B-3","FBJL","25ALM_BC1F3s1_1932","GMS_MN2024_MIN_14067_03","(Mota Maradi*2/SC53)-B-3",48431,"sgh1LV1CKDhIv","GMS_PGF2025_MIN_1932","(Mota Maradi*2/SC53)-B-3-1","55673","sgh1LXfZzMN6u","GMS_MN2025_225082","(Mota Maradi*2/SC53)-B-3-1-1","65715","sgh1LE7iy7czb","NO_ISSUES_IDENTIFIED","Introgression_confirmed","ADVANCE BC1F5 IN PV2627","ADVANCE BC1F5 IN PV2627","BC1F5","65715","sgh1LE7iy7czb"
"25ALM_BC1F3s1_2198","(Mota Maradi*2/SC53)-B-24","FLXU","25ALM_BC1F3s1_1953","GMS_MN2024_MIN_14067_24","(Mota Maradi*2/SC53)-B-24",48452,"sgh1Lfna5Vtmj","GMS_PGF2025_MIN_1953","(Mota Maradi*2/SC53)-B-24-1","55694","sgh1LG1z9iTVm","GMS_MN2025_113079","(Mota Maradi*2/SC53)-B-24-1-1","65460","sgh1LQZb02Vl2","NO_ISSUES_IDENTIFIED","Introgression_confirmed","ADVANCE BC1F5 IN PV2627","ADVANCE BC1F5 IN PV2627","BC1F5","65460","sgh1LQZb02Vl2"
"25ALM_BC1F3s1_0211","(Mota Maradi*2/SC53)-B-23","FHSL","25ALM_BC1F3s1_1952","GMS_MN2024_MIN_14067_23","(Mota Maradi*2/SC53)-B-23",48451,"sgh1LGV00tbOC","GMS_PGF2025_MIN_1952","(Mota Maradi*2/SC53)-B-23-1","55693","sgh1L3iMS6nCe","GMS_MN2025_214094","(Mota Maradi*2/SC53)-B-23-1-1","65479","sgh1L4axYLo7m","NO_ISSUES_IDENTIFIED","Introgression_confirmed","ADVANCE BC1F5 IN PV2627","ADVANCE BC1F5 IN PV2627","BC1F5","65479","sgh1L4axYLo7m"
"25ALM_BC1F3s1_0907","(Mota Maradi*2/SC53)-B-21","FYJM","25ALM_BC1F3s1_1974","GMS_MN2024_MIN_14068_21","(Mota Maradi*2/SC53)-B-21",48449,"sgh1LAZ3eNzTx","GMS_PGF2025_MIN_1974","(Mota Maradi*2/SC53)-B-21-1","55691","sgh1LKcyf3EeQ","GMS_MN2025_222095","(Mota Maradi*2/SC53)-B-21-1-1","65659","sgh1L7Ol3WXjr","NO_ISSUES_IDENTIFIED","Introgression_confirmed","ADVANCE BC1F5 IN PV2627","ADVANCE BC1F5 IN PV2627","BC1F5","65659","sgh1L7Ol3WXjr"
"25ALM_BC1F3s1_1186","(Mota Maradi*2/SC53)-B-21","FGCK","25ALM_BC1F3s1_1950","GMS_MN2024_MIN_14067_21","(Mota Maradi*2/SC53)-B-21",48449,"sgh1LmsiaEr2a","GMS_PGF2025_MIN_1950","(Mota Maradi*2/SC53)-B-21-1","55691","sgh1Lq4Xqjmip","GMS_MN2025_114014","(Mota Maradi*2/SC53)-B-21-1-1","65659","sgh1L6dFL1yZf","NO_ISSUES_IDENTIFIED","Introgression_confirmed","ADVANCE BC1F5 IN PV2627","ADVANCE BC1F5 IN PV2627","BC1F5","65659","sgh1L6dFL1yZf"
"25ALM_BC1F3s1_0616","(Mota Maradi*2/SC53)-B-20","FQGG","25ALM_BC1F3s1_1973","GMS_MN2024_MIN_14068_20","(Mota Maradi*2/SC53)-B-20",48448,"sgh1LyotMzAUy","GMS_PGF2025_MIN_1973","(Mota Maradi*2/SC53)-B-20-1","55690","sgh1LkcMjOX3h","GMS_MN2025_128012","(Mota Maradi*2/SC53)-B-20-1-1","65600","sgh1L3X6RLlTx","NO_ISSUES_IDENTIFIED","Introgression_confirmed","ADVANCE BC1F5 IN PV2627","ADVANCE BC1F5 IN PV2627","BC1F5","65600","sgh1L3X6RLlTx"
"25ALM_BC1F3s1_2681","(Mota Maradi*2/SC53)-B-20","FDWS","25ALM_BC1F3s1_1949","GMS_MN2024_MIN_14067_20","(Mota Maradi*2/SC53)-B-20",48448,"sgh1LdB8cfAnN","GMS_PGF2025_MIN_1949","(Mota Maradi*2/SC53)-B-20-1","55690","sgh1LG85ZcoVT","GMS_MN2025_120077","(Mota Maradi*2/SC53)-B-20-1-1","65600","sgh1LMWQV5Ugi","NO_ISSUES_IDENTIFIED","Introgression_confirmed","ADVANCE BC1F5 IN PV2627","ADVANCE BC1F5 IN PV2627","BC1F5","65600","sgh1LMWQV5Ugi"
"25ALM_BC1F3s1_1721","(Mota Maradi*2/SC53)-B-2","FRFG","25ALM_BC1F3s1_1931","GMS_MN2024_MIN_14067_02","(Mota Maradi*2/SC53)-B-2",48430,"BC1F3:UNKNOWN_MULTIPLE_LOTS","GMS_PGF2025_MIN_1931","(Mota Maradi*2/SC53)-B-2-1","55672","sgh1LxjqXerAx","GMS_MN2025_219089","(Mota Maradi*2/SC53)-B-2-1-1","65586","sgh1LqMVMC3Sk","BC1F3:UNKNOWN_MULTIPLE_LOTS","Introgression_confirmed","ADVANCE BC1F5 IN PV2627","ADVANCE BC1F5 IN PV2627","BC1F5","65586","sgh1LqMVMC3Sk"
"25ALM_BC1F3s1_0029","(Mota Maradi*2/SC53)-B-19","FKQL","25ALM_BC1F3s1_1972","GMS_MN2024_MIN_14068_19","(Mota Maradi*2/SC53)-B-19",48447,"sgh1LaULdPSVj","GMS_PGF2025_MIN_1972","(Mota Maradi*2/SC53)-B-19-1","55689","sgh1LQIB1HaLh","GMS_MN2025_113029","(Mota Maradi*2/SC53)-B-19-1-1","67071","sgh1LSha0WY8L","NO_ISSUES_IDENTIFIED","Introgression_confirmed","ADVANCE BC1F5 IN PV2627","ADVANCE BC1F5 IN PV2627","BC1F5","67071","sgh1LSha0WY8L"
"25ALM_BC1F3s1_0751","(Mota Maradi*2/SC53)-B-18","FVFB","25ALM_BC1F3s1_1947","GMS_MN2024_MIN_14067_18","(Mota Maradi*2/SC53)-B-18",48446,"sgh1LZ6Hst8r4","GMS_PGF2025_MIN_1947","(Mota Maradi*2/SC53)-B-18-1","55688","sgh1LKl7WAMAm","GMS_MN2025_223095","(Mota Maradi*2/SC53)-B-18-1-1","65671","sgh1Lxds0OJt9","NO_ISSUES_IDENTIFIED","Introgression_confirmed","ADVANCE BC1F5 IN PV2627","ADVANCE BC1F5 IN PV2627","BC1F5","65671","sgh1Lxds0OJt9"
"25ALM_BC1F3s1_0064","(Mota Maradi*2/SC53)-B-17","FWWY","25ALM_BC1F3s1_1946","GMS_MN2024_MIN_14067_17","(Mota Maradi*2/SC53)-B-17",48445,"sgh1LLHEdjveq","GMS_PGF2025_MIN_1946","(Mota Maradi*2/SC53)-B-17-1","55687","sgh1L6nM8Cglg","GMS_MN2025_218092","(Mota Maradi*2/SC53)-B-17-1-1","65562","sgh1LpfCk4dNt","NO_ISSUES_IDENTIFIED","Introgression_confirmed","ADVANCE BC1F5 IN PV2627","ADVANCE BC1F5 IN PV2627","BC1F5","65562","sgh1LpfCk4dNt"
"25ALM_BC1F3s1_1718","(Mota Maradi*2/SC53)-B-17","FRLS","25ALM_BC1F3s1_1970","GMS_MN2024_MIN_14068_17","(Mota Maradi*2/SC53)-B-17",48445,"sgh1LRi1ienWd","GMS_PGF2025_MIN_1970","(Mota Maradi*2/SC53)-B-17-1","55687","sgh1LAuGX0sw4","GMS_MN2025_227103","(Mota Maradi*2/SC53)-B-17-1-1","65562","sgh1LvrIajnEs","NO_ISSUES_IDENTIFIED","Introgression_confirmed","ADVANCE BC1F5 IN PV2627","ADVANCE BC1F5 IN PV2627","BC1F5","65562","sgh1LvrIajnEs"
"25ALM_BC1F3s1_1993","(Mota Maradi*2/SC53)-B-16","FZCP","25ALM_BC1F3s1_1945","GMS_MN2024_MIN_14067_16","(Mota Maradi*2/SC53)-B-16",48444,"sgh1L50yHP5wh","GMS_PGF2025_MIN_1945","(Mota Maradi*2/SC53)-B-16-1","55686","sgh1L9kkThftS","GMS_MN2025_129019","(Mota Maradi*2/SC53)-B-16-1-1","67625","sgh1LrgyG7gch","NO_ISSUES_IDENTIFIED","Introgression_confirmed","ADVANCE BC1F5 IN PV2627","ADVANCE BC1F5 IN PV2627","BC1F5","67625","sgh1LrgyG7gch"
"25ALM_BC1F3s1_2858","(Mota Maradi*2/SC53)-B-16","FJUJ","25ALM_BC1F3s1_1969","GMS_MN2024_MIN_14068_16","(Mota Maradi*2/SC53)-B-16",48444,"sgh1LEFDWvnco","GMS_PGF2025_MIN_1969","(Mota Maradi*2/SC53)-B-16-1","55686","sgh1L0NCpQkzQ",NA,NA,NA,NA,"NO_ISSUES_IDENTIFIED","Introgression_confirmed","ADVANCE BC1F4 IN PGF","ADVANCE BC1F4 IN PGF","BC1F4","55686","sgh1L0NCpQkzQ"
"25ALM_BC1F3s1_1341","(Mota Maradi*2/SC53)-B-15","FGAW","25ALM_BC1F3s1_1968","GMS_MN2024_MIN_14068_15","(Mota Maradi*2/SC53)-B-15",48443,"sgh1Lu7KHFdX7","GMS_PGF2025_MIN_1968","(Mota Maradi*2/SC53)-B-15-1","55685","sgh1L6g4TM3KH","GMS_MN2025_221092","(Mota Maradi*2/SC53)-B-15-1-1","65413","sgh1LxKQdp5eG","NO_ISSUES_IDENTIFIED","Introgression_confirmed","ADVANCE BC1F5 IN PV2627","ADVANCE BC1F5 IN PV2627","BC1F5","65413","sgh1LxKQdp5eG"
"25ALM_BC1F3s1_1844","(Mota Maradi*2/SC53)-B-15","FBEL","25ALM_BC1F3s1_1944","GMS_MN2024_MIN_14067_15","(Mota Maradi*2/SC53)-B-15",48443,"sgh1LWJPyXaqI","GMS_PGF2025_MIN_1944","(Mota Maradi*2/SC53)-B-15-1","55685","sgh1LNMhbo2hc","GMS_MN2025_211081","(Mota Maradi*2/SC53)-B-15-1-1","65413","sgh1L6rugKG2W","NO_ISSUES_IDENTIFIED","Introgression_confirmed","ADVANCE BC1F5 IN PV2627","ADVANCE BC1F5 IN PV2627","BC1F5","65413","sgh1L6rugKG2W"
"25ALM_BC1F3s1_1433","(Mota Maradi*2/SC53)-B-14","FDKT","25ALM_BC1F3s1_1967","GMS_MN2024_MIN_14068_14","(Mota Maradi*2/SC53)-B-14",48442,"sgh1LKksirHgd","GMS_PGF2025_MIN_1967","(Mota Maradi*2/SC53)-B-14-1","55684","sgh1LiAk1Egnt",NA,NA,NA,NA,"NOT_HARVESTED_MN2025","Introgression_confirmed","ADVANCE BC1F4 IN PGF","ADVANCE BC1F4 IN PGF","BC1F4","55684","sgh1LiAk1Egnt"
"25ALM_BC1F3s1_1789","(Mota Maradi*2/SC53)-B-14","FWDB","25ALM_BC1F3s1_1943","GMS_MN2024_MIN_14067_14","(Mota Maradi*2/SC53)-B-14",48442,"sgh1LwY1kaHx7","GMS_PGF2025_MIN_1943","(Mota Maradi*2/SC53)-B-14-1","55684","sgh1LC6njDgvV","GMS_MN2025_219103","(Mota Maradi*2/SC53)-B-14-1-1","65572","sgh1LV7Jf1znA","NO_ISSUES_IDENTIFIED","Introgression_confirmed","ADVANCE BC1F5 IN PV2627","ADVANCE BC1F5 IN PV2627","BC1F5","65572","sgh1LV7Jf1znA"
"25ALM_BC1F3s1_0598","(Mota Maradi*2/SC53)-B-13","FAOC","25ALM_BC1F3s1_1966","GMS_MN2024_MIN_14068_13","(Mota Maradi*2/SC53)-B-13",48441,"sgh1L8k0znamJ","GMS_PGF2025_MIN_1966","(Mota Maradi*2/SC53)-B-13-1","55683","sgh1LIy3Aq3IY","GMS_MN2025_218096","(Mota Maradi*2/SC53)-B-13-1-1","65566","sgh1LtZogjZFG","NO_ISSUES_IDENTIFIED","Introgression_confirmed","ADVANCE BC1F5 IN PV2627","ADVANCE BC1F5 IN PV2627","BC1F5","65566","sgh1LtZogjZFG"
"25ALM_BC1F3s1_1954","(Mota Maradi*2/SC53)-B-13","FUIT","25ALM_BC1F3s1_1942","GMS_MN2024_MIN_14067_13","(Mota Maradi*2/SC53)-B-13",48441,"sgh1LTgdOiCQJ","GMS_PGF2025_MIN_1942","(Mota Maradi*2/SC53)-B-13-1","55683","sgh1Lrk6zwBe2","GMS_MN2025_130035","(Mota Maradi*2/SC53)-B-13-1-1","65566","sgh1LkUhONisC","NO_ISSUES_IDENTIFIED","Introgression_confirmed","ADVANCE BC1F5 IN PV2627","ADVANCE BC1F5 IN PV2627","BC1F5","65566","sgh1LkUhONisC"
"25ALM_BC1F3s1_1196","(Mota Maradi*2/SC53)-B-12","FMSS","25ALM_BC1F3s1_1941","GMS_MN2024_MIN_14067_12","(Mota Maradi*2/SC53)-B-12",48440,"sgh1LRKo7McLY","GMS_PGF2025_MIN_1941","(Mota Maradi*2/SC53)-B-12-1","55682","sgh1L6cjFNQKX","GMS_MN2025_105038","(Mota Maradi*2/SC53)-B-12-1-1","67781","sgh1L36oPd6uM","NO_ISSUES_IDENTIFIED","Introgression_confirmed","ADVANCE BC1F5 IN PV2627","ADVANCE BC1F5 IN PV2627","BC1F5","67781","sgh1L36oPd6uM"
"25ALM_BC1F3s1_0045","(Mota Maradi*2/SC53)-B-11","FMOD","25ALM_BC1F3s1_1940","GMS_MN2024_MIN_14067_11","(Mota Maradi*2/SC53)-B-11",48439,"sgh1L3aQ38czL","GMS_PGF2025_MIN_1940","(Mota Maradi*2/SC53)-B-11-1","55681","sgh1LFu4m9buB","GMS_MN2025_117076","(Mota Maradi*2/SC53)-B-11-1-1","65548","sgh1LGk3ddO2J","NO_ISSUES_IDENTIFIED","Introgression_confirmed","ADVANCE BC1F5 IN PV2627","ADVANCE BC1F5 IN PV2627","BC1F5","65548","sgh1LGk3ddO2J"
"25ALM_BC1F3s1_2844","(Mota Maradi*2/SC53)-B-11","FKAF","25ALM_BC1F3s1_1964","GMS_MN2024_MIN_14068_11","(Mota Maradi*2/SC53)-B-11",48439,"sgh1LNQUIVBNU","GMS_PGF2025_MIN_1964","(Mota Maradi*2/SC53)-B-11-1","55681","sgh1LxLWdC5Cz",NA,NA,NA,NA,"NO_ISSUES_IDENTIFIED","Introgression_confirmed","ADVANCE BC1F4 IN PGF","ADVANCE BC1F4 IN PGF","BC1F4","55681","sgh1LxLWdC5Cz"
"25ALM_BC1F3s1_0462","(Mota Maradi*2/SC53)-B-10","FGBP","25ALM_BC1F3s1_1963","GMS_MN2024_MIN_14068_10","(Mota Maradi*2/SC53)-B-10",48438,"sgh1Lbb8zsxYg","GMS_PGF2025_MIN_1963","(Mota Maradi*2/SC53)-B-10-1","55680","sgh1LNNntzI4j","GMS_MN2025_214088","(Mota Maradi*2/SC53)-B-10-1-1","65475","sgh1LyeYRnYTo","NO_ISSUES_IDENTIFIED","Introgression_confirmed","ADVANCE BC1F5 IN PV2627","ADVANCE BC1F5 IN PV2627","BC1F5","65475","sgh1LyeYRnYTo"
"25ALM_BC1F3s1_2238","(Mota Maradi*2/SC53)-B-10","FQJU","25ALM_BC1F3s1_1939","GMS_MN2024_MIN_14067_10","(Mota Maradi*2/SC53)-B-10",48438,"sgh1LfofK2Syf","GMS_PGF2025_MIN_1939","(Mota Maradi*2/SC53)-B-10-1","55680","sgh1LnPGYliU9","GMS_MN2025_118018","(Mota Maradi*2/SC53)-B-10-1-1","65475","sgh1LB7UKAN1p","NO_ISSUES_IDENTIFIED","Introgression_confirmed","ADVANCE BC1F5 IN PV2627","ADVANCE BC1F5 IN PV2627","BC1F5","65475","sgh1LB7UKAN1p"
"25ALM_BC1F3s1_0190","(Mota Maradi*2/SC53)-B-1","FPOR","25ALM_BC1F3s1_1930","GMS_MN2024_MIN_14067_01","(Mota Maradi*2/SC53)-B-1",48429,"BC1F3:UNKNOWN_MULTIPLE_LOTS","GMS_PGF2025_MIN_1930","(Mota Maradi*2/SC53)-B-1-1","55671","sgh1LlsE4bQ1f","GMS_MN2025_210085","(Mota Maradi*2/SC53)-B-1-1-1","65381","sgh1L6iawrUi6","BC1F3:UNKNOWN_MULTIPLE_LOTS","Introgression_confirmed","ADVANCE BC1F5 IN PV2627","ADVANCE BC1F5 IN PV2627","BC1F5","65381","sgh1L6iawrUi6"
"25ALM_BC1F3s1_0825","(Mota Maradi*2/SC53)-B-1","FPON","25ALM_BC1F3s1_1954","GMS_MN2024_MIN_14068_01","(Mota Maradi*2/SC53)-B-1",48429,"BC1F3:UNKNOWN_MULTIPLE_LOTS","GMS_PGF2025_MIN_1954","(Mota Maradi*2/SC53)-B-1-1","55671","sgh1L1aUctSQo","GMS_MN2025_117077","(Mota Maradi*2/SC53)-B-1-1-1","65381","sgh1Leobcz0gJ","BC1F3:UNKNOWN_MULTIPLE_LOTS","Introgression_confirmed","ADVANCE BC1F5 IN PV2627","ADVANCE BC1F5 IN PV2627","BC1F5","65381","sgh1Leobcz0gJ"
"25ALM_BC1F3s1_1768","(Mota Maradi*2/SC425)-B-9","FKNU","25ALM_BC1F3s1_1207","GMS_PV2324_MIN_16028_09","(Mota Maradi*2/SC425)-B-9",44333,"sgh1LnN3P1fzM","GMS_PGF2025_MIN_1207","(Mota Maradi*2/SC425)-B-9-1","55207","sgh1L7ZLSB9iO","GMS_MN2025_126029","(Mota Maradi*2/SC425)-B-9-1-1","67556","sgh1Lc8Y9L9iY","NO_ISSUES_IDENTIFIED","Introgression_confirmed","ADVANCE BC1F5 IN PV2627","ADVANCE BC1F5 IN PV2627","BC1F5","67556","sgh1Lc8Y9L9iY"
"25ALM_BC1F3s1_1207","(Mota Maradi*2/SC425)-B-8","FMGE","25ALM_BC1F3s1_1206","GMS_PV2324_MIN_16028_08","(Mota Maradi*2/SC425)-B-8",44332,"sgh1LXIM12RsV","GMS_PGF2025_MIN_1206","(Mota Maradi*2/SC425)-B-8-1","55206","sgh1LntNWGt5q",NA,NA,NA,NA,"NO_ISSUES_IDENTIFIED","Introgression_confirmed","ADVANCE BC1F4 IN PGF","ADVANCE BC1F4 IN PGF","BC1F4","55206","sgh1LntNWGt5q"
"25ALM_BC1F3s1_2301","(Mota Maradi*2/SC425)-B-6","FYYJ","25ALM_BC1F3s1_1204","GMS_PV2324_MIN_16028_06","(Mota Maradi*2/SC425)-B-6",44330,"sgh1LtUaSmrCr","GMS_PGF2025_MIN_1204","(Mota Maradi*2/SC425)-B-6-1","55204","sgh1LLcOOGzOG","GMS_MN2025_131007","(Mota Maradi*2/SC425)-B-6-1-1","67672","sgh1LBxZ31h9q","NO_ISSUES_IDENTIFIED","Introgression_confirmed","ADVANCE BC1F5 IN PV2627","ADVANCE BC1F5 IN PV2627","BC1F5","67672","sgh1LBxZ31h9q"
"25ALM_BC1F3s1_2710","(IRAT204*2/SC702)-B-9","FORX","25ALM_BC1F3s1_0636","GMS_PV2324_MIN_15016_09","(IRAT204*2/SC702)-B-9",43388,"sgh1L0R3C3hAo","GMS_PGF2025_MIN_0636","(IRAT204*2/SC702)-B-9-1","54677","sgh1LnCAC5kI0","GMS_MN2025_128076","(IRAT204*2/SC702)-B-9-1-1","65751","sgh1LeyUbLkz0","NO_ISSUES_IDENTIFIED","Introgression_confirmed","ADVANCE BC1F5 IN PV2627","ADVANCE BC1F5 IN PV2627","BC1F5","65751","sgh1LeyUbLkz0"
"25ALM_BC1F3s1_1851","(IRAT204*2/SC702)-B-8","FTAA","25ALM_BC1F3s1_0635","GMS_PV2324_MIN_15016_08","(IRAT204*2/SC702)-B-8",43387,"sgh1LVO1abJCl","GMS_PGF2025_MIN_0635","(IRAT204*2/SC702)-B-8-1","54676","sgh1L9Hs99cCt","GMS_MN2025_211094","(IRAT204*2/SC702)-B-8-1-1","65401","sgh1LP0dk09iB","NO_ISSUES_IDENTIFIED","Introgression_confirmed","ADVANCE BC1F5 IN PV2627","ADVANCE BC1F5 IN PV2627","BC1F5","65401","sgh1LP0dk09iB"
"25ALM_BC1F3s1_1752","(IRAT204*2/SC702)-B-7","FJYW","25ALM_BC1F3s1_0634","GMS_PV2324_MIN_15016_07","(IRAT204*2/SC702)-B-7",43386,"sgh1LOmBswdlU","GMS_PGF2025_MIN_0634","(IRAT204*2/SC702)-B-7-1","54675","sgh1LD1UADlwP","GMS_MN2025_134022","(IRAT204*2/SC702)-B-7-1-1","67762","sgh1LZiWfFosa","NO_ISSUES_IDENTIFIED","Introgression_confirmed","ADVANCE BC1F5 IN PV2627","ADVANCE BC1F5 IN PV2627","BC1F5","67762","sgh1LZiWfFosa"
"25ALM_BC1F3s1_0395","(IRAT204*2/SC702)-B-5","FGKY","25ALM_BC1F3s1_0633","GMS_PV2324_MIN_15016_05","(IRAT204*2/SC702)-B-5",43384,"sgh1LrbFNyBF6","GMS_PGF2025_MIN_0633","(IRAT204*2/SC702)-B-5-1","54674","sgh1LvPrrqAA5","GMS_MN2025_124029","(IRAT204*2/SC702)-B-5-1-1","67509","sgh1LPev8ertt","NO_ISSUES_IDENTIFIED","Introgression_confirmed","ADVANCE BC1F5 IN PV2627","ADVANCE BC1F5 IN PV2627","BC1F5","67509","sgh1LPev8ertt"
"25ALM_BC1F3s1_2466","(IRAT204*2/SC702)-B-15","FKZM","25ALM_BC1F3s1_0642","GMS_PV2324_MIN_15016_15","(IRAT204*2/SC702)-B-15",43394,"sgh1LgtrLFUSp","GMS_PGF2025_MIN_0642","(IRAT204*2/SC702)-B-15-1","54683","sgh1LLywx17eo","GMS_MN2025_124041","(IRAT204*2/SC702)-B-15-1-1","67518","sgh1LoQAQ9lMz","NO_ISSUES_IDENTIFIED","Introgression_confirmed","ADVANCE BC1F5 IN PV2627","ADVANCE BC1F5 IN PV2627","BC1F5","67518","sgh1LoQAQ9lMz"
"25ALM_BC1F3s1_1949","(IRAT204*2/SC702)-B-14","FLMS","25ALM_BC1F3s1_0641","GMS_PV2324_MIN_15016_14","(IRAT204*2/SC702)-B-14",43393,"sgh1LuGiaDByP","GMS_PGF2025_MIN_0641","(IRAT204*2/SC702)-B-14-1","54682","sgh1Lzk5nFeRb","GMS_MN2025_108076","(IRAT204*2/SC702)-B-14-1-1","65340","sgh1Lnt2vCa9G","NO_ISSUES_IDENTIFIED","Introgression_confirmed","ADVANCE BC1F5 IN PV2627","ADVANCE BC1F5 IN PV2627","BC1F5","65340","sgh1Lnt2vCa9G"
"25ALM_BC1F3s1_0501","(IRAT204*2/SC702)-B-13","FCYU","25ALM_BC1F3s1_0640","GMS_PV2324_MIN_15016_13","(IRAT204*2/SC702)-B-13",43392,"sgh1LEmpTBzfP","GMS_PGF2025_MIN_0640","(IRAT204*2/SC702)-B-13-1","54681","sgh1LMlllqkiB","GMS_MN2025_224099","(IRAT204*2/SC702)-B-13-1-1","65700","sgh1LL2yNfACQ","NO_ISSUES_IDENTIFIED","Introgression_confirmed","ADVANCE BC1F5 IN PV2627","ADVANCE BC1F5 IN PV2627","BC1F5","65700","sgh1LL2yNfACQ"
"25ALM_BC1F3s1_1463","(IRAT204*2/SC702)-B-12","FFWR","25ALM_BC1F3s1_0639","GMS_PV2324_MIN_15016_12","(IRAT204*2/SC702)-B-12",43391,"sgh1LTjLe3k3r","GMS_PGF2025_MIN_0639","(IRAT204*2/SC702)-B-12-1","54680","sgh1LQ6mV34o3","GMS_MN2025_212081","(IRAT204*2/SC702)-B-12-1-1","65420","sgh1LVcwZvWA0","NO_ISSUES_IDENTIFIED","Introgression_confirmed","ADVANCE BC1F5 IN PV2627","ADVANCE BC1F5 IN PV2627","BC1F5","65420","sgh1LVcwZvWA0"
"25ALM_BC1F3s1_0490","(IRAT204*2/SC702)-B-11","FZDX","25ALM_BC1F3s1_0638","GMS_PV2324_MIN_15016_11","(IRAT204*2/SC702)-B-11",43390,"sgh1LQrjRyRk7","GMS_PGF2025_MIN_0638","(IRAT204*2/SC702)-B-11-1","54679","sgh1LxRWCOePT",NA,NA,NA,NA,"NOT_HARVESTED_MN2025","Introgression_confirmed","ADVANCE BC1F4 IN PV2627","ADVANCE BC1F4 IN PV2627","BC1F4","54679","sgh1LxRWCOePT"
"25ALM_BC1F3s1_2676","(IRAT204*2/SC702)-B-10","FHVF","25ALM_BC1F3s1_0637","GMS_PV2324_MIN_15016_10","(IRAT204*2/SC702)-B-10",43389,"sgh1LeyUet90C","GMS_PGF2025_MIN_0637","(IRAT204*2/SC702)-B-10-1","54678","sgh1LG6sLsBxB","GMS_MN2025_219091","(IRAT204*2/SC702)-B-10-1-1","65584","sgh1LY3KkJ2Vi","NO_ISSUES_IDENTIFIED","Introgression_confirmed","ADVANCE BC1F5 IN PV2627","ADVANCE BC1F5 IN PV2627","BC1F5","65584","sgh1LY3KkJ2Vi"
"25ALM_BC1F3s1_2200","(IRAT204*2/SC702)-B-1","FUPP","25ALM_BC1F3s1_0629","GMS_PV2324_MIN_15016_01","(IRAT204*2/SC702)-B-1",43380,"sgh1Lj1wzfy8W","GMS_PGF2025_MIN_0629","(IRAT204*2/SC702)-B-1-1","54670","sgh1LPgUpVVNd","GMS_MN2025_214085","(IRAT204*2/SC702)-B-1-1-1","65472","sgh1L3fKndRi6","NO_ISSUES_IDENTIFIED","Introgression_confirmed","ADVANCE BC1F5 IN PV2627","ADVANCE BC1F5 IN PV2627","BC1F5","65472","sgh1L3fKndRi6"
"25ALM_BC1F3s1_1847","(IRAT204*2/SC621)-B-8","FZKJ","25ALM_BC1F3s1_1294","GMS_PV2324_MIN_15022_08","(IRAT204*2/SC621)-B-8",44437,"sgh1LOcD25D06","GMS_PGF2025_MIN_1294","(IRAT204*2/SC621)-B-8-1","55292","sgh1LZWEFMC9y",NA,NA,NA,NA,"NOT_HARVESTED_MN2025","Introgression_confirmed","ADVANCE BC1F4 IN PV2627","ADVANCE BC1F4 IN PV2627","BC1F4","55292","sgh1LZWEFMC9y"
"25ALM_BC1F3s1_1841","(IRAT204*2/SC621)-B-7","FKNG","25ALM_BC1F3s1_1293","GMS_PV2324_MIN_15022_07","(IRAT204*2/SC621)-B-7",44436,"sgh1L2gu6nWWw","GMS_PGF2025_MIN_1293","(IRAT204*2/SC621)-B-7-1","55291","sgh1LoxtNSccd","GMS_MN2025_124042","(IRAT204*2/SC621)-B-7-1-1","67519","sgh1LQd06aRCd","NO_ISSUES_IDENTIFIED","Introgression_confirmed","ADVANCE BC1F5 IN PV2627","ADVANCE BC1F5 IN PV2627","BC1F5","67519","sgh1LQd06aRCd"
"25ALM_BC1F3s1_1126","(IRAT204*2/SC621)-B-6","FVCP","25ALM_BC1F3s1_1292","GMS_PV2324_MIN_15022_06","(IRAT204*2/SC621)-B-6",44435,"sgh1LhFlaalaI","GMS_PGF2025_MIN_1292","(IRAT204*2/SC621)-B-6-1","55290","sgh1LIXbyIlhT","GMS_MN2025_119006","(IRAT204*2/SC621)-B-6-1-1","67350","sgh1LeU95ZnXW","NO_ISSUES_IDENTIFIED","Introgression_confirmed","ADVANCE BC1F5 IN PV2627","ADVANCE BC1F5 IN PV2627","BC1F5","67350","sgh1LeU95ZnXW"
"25ALM_BC1F3s1_0473","(IRAT204*2/SC621)-B-2","FQZM","25ALM_BC1F3s1_1288","GMS_PV2324_MIN_15022_02","(IRAT204*2/SC621)-B-2",44431,"sgh1LDGyNbH4H","GMS_PGF2025_MIN_1288","(IRAT204*2/SC621)-B-2-1","55286","sgh1LK6WhDIhd","GMS_MN2025_104018","(IRAT204*2/SC621)-B-2-1-1","67337","sgh1LC4sWEUsB","NO_ISSUES_IDENTIFIED","Introgression_confirmed","ADVANCE BC1F5 IN PV2627","ADVANCE BC1F5 IN PV2627","BC1F5","67337","sgh1LC4sWEUsB"
"25ALM_BC1F3s1_1574","(IRAT204*2/SC621)-B-14","FMUT","25ALM_BC1F3s1_1300","GMS_PV2324_MIN_15022_14","(IRAT204*2/SC621)-B-14",44443,"sgh1LJNVVnHCc","GMS_PGF2025_MIN_1300","(IRAT204*2/SC621)-B-14-1","55298","sgh1LaJ24gLp1","GMS_MN2025_119018","(IRAT204*2/SC621)-B-14-1-1","67358","sgh1Lw0aHoYSW","NO_ISSUES_IDENTIFIED","Introgression_confirmed","ADVANCE BC1F5 IN PV2627","ADVANCE BC1F5 IN PV2627","BC1F5","67358","sgh1Lw0aHoYSW"
"25ALM_BC1F3s1_2539","(IRAT204*2/SC621)-B-13","FMRQ","25ALM_BC1F3s1_1299","GMS_PV2324_MIN_15022_13","(IRAT204*2/SC621)-B-13",44442,"sgh1LaTrEFySV","GMS_PGF2025_MIN_1299","(IRAT204*2/SC621)-B-13-1","55297","sgh1LwVwFgyNW","GMS_MN2025_127007","(IRAT204*2/SC621)-B-13-1-1","67565","sgh1LRcaEUS4A","NO_ISSUES_IDENTIFIED","Introgression_confirmed","ADVANCE BC1F5 IN PV2627","ADVANCE BC1F5 IN PV2627","BC1F5","67565","sgh1LRcaEUS4A"
"25ALM_BC1F3s1_2574","(IRAT204*2/SC621)-B-12","FFSN","25ALM_BC1F3s1_1298","GMS_PV2324_MIN_15022_12","(IRAT204*2/SC621)-B-12",44441,"sgh1LE3cTNSGi","GMS_PGF2025_MIN_1298","(IRAT204*2/SC621)-B-12-1","55296","sgh1LqFDQt1w2","GMS_MN2025_216100","(IRAT204*2/SC621)-B-12-1-1","65530","sgh1LfWGit7uC","NO_ISSUES_IDENTIFIED","Introgression_confirmed","ADVANCE BC1F5 IN PV2627","ADVANCE BC1F5 IN PV2627","BC1F5","65530","sgh1LfWGit7uC"
"25ALM_BC1F3s1_2378","(IRAT204*2/SC621)-B-10","FECZ","25ALM_BC1F3s1_1296","GMS_PV2324_MIN_15022_10","(IRAT204*2/SC621)-B-10",44439,"sgh1LJMBewk5c","GMS_PGF2025_MIN_1296","(IRAT204*2/SC621)-B-10-1","55294","sgh1L4V1nUfY5","GMS_MN2025_108017","(IRAT204*2/SC621)-B-10-1-1","67055","sgh1LtKuL7CEa","NO_ISSUES_IDENTIFIED","Introgression_confirmed","ADVANCE BC1F5 IN PV2627","ADVANCE BC1F5 IN PV2627","BC1F5","67055","sgh1LtKuL7CEa"
"25ALM_BC1F3s1_0745","(IRAT204*2/SC59)-B-3","FEZH","25ALM_BC1F3s1_0308","GMS_PV2324_MIN_14008_03","(IRAT204*2/SC59)-B-3",43007,"sgh1LAkaOLTcR","GMS_PGF2025_MIN_0308","(IRAT204*2/SC59)-B-3-1","54393","sgh1LNGnMZKL1","GMS_MN2025_130028","(IRAT204*2/SC59)-B-3-1-1","67660","sgh1Le5H7LJ0E","NO_ISSUES_IDENTIFIED","Introgression_confirmed","ADVANCE BC1F5 IN PV2627","ADVANCE BC1F5 IN PV2627","BC1F5","67660","sgh1Le5H7LJ0E"
"25ALM_BC1F3s1_0291","(IRAT204*2/SC59)-B-2","FCES","25ALM_BC1F3s1_0307","GMS_PV2324_MIN_14008_02","(IRAT204*2/SC59)-B-2",43006,"sgh1LKZG9FNet","GMS_PGF2025_MIN_0307","(IRAT204*2/SC59)-B-2-1","54392","sgh1L4GEfBVA3","GMS_MN2025_111027","(IRAT204*2/SC59)-B-2-1-1","67145","sgh1L7AfmahG3","NO_ISSUES_IDENTIFIED","Introgression_confirmed","ADVANCE BC1F5 IN PV2627","ADVANCE BC1F5 IN PV2627","BC1F5","67145","sgh1L7AfmahG3"
"25ALM_BC1F3s1_1348","(IRAT204*2/SC59)-B-13","FUWI","25ALM_BC1F3s1_0318","GMS_PV2324_MIN_14008_13","(IRAT204*2/SC59)-B-13",43017,"sgh1L1dpWLEhN","GMS_PGF2025_MIN_0318","(IRAT204*2/SC59)-B-13-1","54398","sgh1LTLf48y0H","GMS_MN2025_120035","(IRAT204*2/SC59)-B-13-1-1","67400","sgh1LqrhMkAmr","NO_ISSUES_IDENTIFIED","Introgression_confirmed","ADVANCE BC1F5 IN PV2627","ADVANCE BC1F5 IN PV2627","BC1F5","67400","sgh1LqrhMkAmr"
"25ALM_BC1F3s1_1799","(IRAT204*2/SC59)-B-12","FTOQ","25ALM_BC1F3s1_0317","GMS_PV2324_MIN_14008_12","(IRAT204*2/SC59)-B-12",43016,"sgh1Lk7hLYUOH","GMS_PGF2025_MIN_0317","(IRAT204*2/SC59)-B-12-1","54397","sgh1LQpS2DyEb","GMS_MN2025_113019","(IRAT204*2/SC59)-B-12-1-1","67198","sgh1L7eJcARVx","NO_ISSUES_IDENTIFIED","Introgression_confirmed","ADVANCE BC1F5 IN PV2627","ADVANCE BC1F5 IN PV2627","BC1F5","67198","sgh1L7eJcARVx"
"25ALM_BC1F3s1_1591","(IRAT204*2/SC525)-B-9","FTLU","25ALM_BC1F3s1_0329","GMS_PV2324_MIN_14010_09","(IRAT204*2/SC525)-B-9",43028,"sgh1Lp1K82NCJ","GMS_PGF2025_MIN_0329","(IRAT204*2/SC525)-B-9-1","54400","sgh1LfyJGsqpc","GMS_MN2025_219094","(IRAT204*2/SC525)-B-9-1-1","65581","sgh1LJgErxgpM","NO_ISSUES_IDENTIFIED","Introgression_confirmed","ADVANCE BC1F5 IN PV2627","ADVANCE BC1F5 IN PV2627","BC1F5","65581","sgh1LJgErxgpM"
"25ALM_BC1F3s1_2712","(IRAT204*2/SC525)-B-8","FRNM","25ALM_BC1F3s1_0328","GMS_PV2324_MIN_14010_08","(IRAT204*2/SC525)-B-8",43027,"sgh1LjsH4Mfnn","GMS_PGF2025_MIN_0328","(IRAT204*2/SC525)-B-8-1","54217","sgh1LZxt2ZTef",NA,NA,NA,NA,"NO_ISSUES_IDENTIFIED","Introgression_confirmed","ADVANCE BC1F4 IN PGF","ADVANCE BC1F4 IN PGF","BC1F4","54217","sgh1LZxt2ZTef"
"25ALM_BC1F3s1_1514","(IRAT204*2/SC525)-B-6","FWHF","25ALM_BC1F3s1_0326","GMS_PV2324_MIN_14010_06","(IRAT204*2/SC525)-B-6",43025,"sgh1L0e2U9SB2","GMS_PGF2025_MIN_0326","(IRAT204*2/SC525)-B-6-1","54215","sgh1LlkmOjmki",NA,NA,NA,NA,"NOT_HARVESTED_MN2025","Introgression_confirmed","ADVANCE BC1F4 IN PGF","ADVANCE BC1F4 IN PGF","BC1F4","54215","sgh1LlkmOjmki"
"25ALM_BC1F3s1_1992","(IRAT204*2/SC525)-B-4","FBRB","25ALM_BC1F3s1_0324","GMS_PV2324_MIN_14010_04","(IRAT204*2/SC525)-B-4",43023,"sgh1LgqC4WkUM","GMS_PGF2025_MIN_0324","(IRAT204*2/SC525)-B-4-1","54213","sgh1Lc30bbrpK","GMS_MN2025_126076","(IRAT204*2/SC525)-B-4-1-1","65718","sgh1LoLWYnyoD","NO_ISSUES_IDENTIFIED","Introgression_confirmed","ADVANCE BC1F5 IN PV2627","ADVANCE BC1F5 IN PV2627","BC1F5","65718","sgh1LoLWYnyoD"
"25ALM_BC1F3s1_0270","(IRAT204*2/SC525)-B-3","FSEJ","25ALM_BC1F3s1_0323","GMS_PV2324_MIN_14010_03","(IRAT204*2/SC525)-B-3",43022,"sgh1LdRl8cTrA","GMS_PGF2025_MIN_0323","(IRAT204*2/SC525)-B-3-1","54212","sgh1L8mdQ9G3C","GMS_MN2025_122033","(IRAT204*2/SC525)-B-3-1-1","67456","sgh1LJH6qZEhy","NO_ISSUES_IDENTIFIED","Introgression_confirmed","ADVANCE BC1F5 IN PV2627","ADVANCE BC1F5 IN PV2627","BC1F5","67456","sgh1LJH6qZEhy"
"25ALM_BC1F3s1_0402","(IRAT204*2/SC525)-B-15","FLNO","25ALM_BC1F3s1_0335","GMS_PV2324_MIN_14010_15","(IRAT204*2/SC525)-B-15",43034,"sgh1L7fP4Dt3x","GMS_PGF2025_MIN_0335","(IRAT204*2/SC525)-B-15-1","54223","sgh1L3iikEV1q","GMS_MN2025_131042","(IRAT204*2/SC525)-B-15-1-1","67699","sgh1LRCqb9ZHW","NO_ISSUES_IDENTIFIED","Introgression_confirmed","ADVANCE BC1F5 IN PV2627","ADVANCE BC1F5 IN PV2627","BC1F5","67699","sgh1LRCqb9ZHW"
"25ALM_BC1F3s1_2347","(IRAT204*2/SC525)-B-14","FWVH","25ALM_BC1F3s1_0334","GMS_PV2324_MIN_14010_14","(IRAT204*2/SC525)-B-14",43033,"sgh1LULqRWtZD","GMS_PGF2025_MIN_0334","(IRAT204*2/SC525)-B-14-1","54222","sgh1LeXYC2THv","GMS_MN2025_223083","(IRAT204*2/SC525)-B-14-1-1","65679","sgh1LGedL9SL2","NO_ISSUES_IDENTIFIED","Introgression_confirmed","ADVANCE BC1F5 IN PV2627","ADVANCE BC1F5 IN PV2627","BC1F5","65679","sgh1LGedL9SL2"
"25ALM_BC1F3s1_1461","(IRAT204*2/SC525)-B-13","FHWW","25ALM_BC1F3s1_0333","GMS_PV2324_MIN_14010_13","(IRAT204*2/SC525)-B-13",43032,"sgh1LEENgahqh","GMS_PGF2025_MIN_0333","(IRAT204*2/SC525)-B-13-1","54221","sgh1LJUMWJoW3","GMS_MN2025_117028","(IRAT204*2/SC525)-B-13-1-1","65678","sgh1LVT42IZ6U","NO_ISSUES_IDENTIFIED","Introgression_confirmed","ADVANCE BC1F5 IN PV2627","ADVANCE BC1F5 IN PV2627","BC1F5","65678","sgh1LVT42IZ6U"
"25ALM_BC1F3s1_1365","(IRAT204*2/SC525)-B-12","FJQR","25ALM_BC1F3s1_0332","GMS_PV2324_MIN_14010_12","(IRAT204*2/SC525)-B-12",43031,"sgh1L5vADA1HJ","GMS_PGF2025_MIN_0332","(IRAT204*2/SC525)-B-12-1","54220","sgh1LonIg7aKG","GMS_MN2025_131012","(IRAT204*2/SC525)-B-12-1-1","67008","sgh1LIbiAykVJ","NO_ISSUES_IDENTIFIED","Introgression_confirmed","ADVANCE BC1F5 IN PV2627","ADVANCE BC1F5 IN PV2627","BC1F5","67008","sgh1LIbiAykVJ"
"25ALM_BC1F3s1_0950","(IRAT204*2/SC525)-B-11","FWXF","25ALM_BC1F3s1_0331","GMS_PV2324_MIN_14010_11","(IRAT204*2/SC525)-B-11",43030,"sgh1LK4P06F7s","GMS_PGF2025_MIN_0331","(IRAT204*2/SC525)-B-11-1","54219","sgh1LTIcAZFxj",NA,NA,NA,NA,"NOT_HARVESTED_MN2025","Introgression_confirmed","ADVANCE BC1F4 IN PGF","ADVANCE BC1F4 IN PGF","BC1F4","54219","sgh1LTIcAZFxj"
"25ALM_BC1F3s1_2276","(IRAT204*2/SC525)-B-10","FIEF","25ALM_BC1F3s1_0330","GMS_PV2324_MIN_14010_10","(IRAT204*2/SC525)-B-10",43029,"sgh1LQpma7Jns","GMS_PGF2025_MIN_0330","(IRAT204*2/SC525)-B-10-1","54218","sgh1LiERxdagB","GMS_MN2025_224088","(IRAT204*2/SC525)-B-10-1-1","65695","sgh1LB2ohd46K","NO_ISSUES_IDENTIFIED","Introgression_confirmed","ADVANCE BC1F5 IN PV2627","ADVANCE BC1F5 IN PV2627","BC1F5","65695","sgh1LB2ohd46K"
"25ALM_BC1F3s1_1489","(IRAT204*2/SC525)-B-1","FLMW","25ALM_BC1F3s1_0321","GMS_PV2324_MIN_14010_01","(IRAT204*2/SC525)-B-1",43020,"sgh1Lefm0pJbe","GMS_PGF2025_MIN_0321","(IRAT204*2/SC525)-B-1-1","54210","sgh1LGRM7q0OJ","GMS_MN2025_137027","(IRAT204*2/SC525)-B-1-1-1","67839","sgh1LzDfbJPTv","NO_ISSUES_IDENTIFIED","Introgression_confirmed","ADVANCE BC1F5 IN PV2627","ADVANCE BC1F5 IN PV2627","BC1F5","67839","sgh1LzDfbJPTv"
"25ALM_BC1F3s1_2894","(IRAT204*2/SC49)-B-9","FKOO","25ALM_BC1F3s1_0224","GMS_PV2324_MIN_15002_09","(IRAT204*2/SC49)-B-9",42857,"sgh1LJ4SEjJdk","GMS_PGF2025_MIN_0224","(IRAT204*2/SC49)-B-9-1","54322","sgh1LDtO31D4W","GMS_MN2025_128017","(IRAT204*2/SC49)-B-9-1-1","67596","sgh1L6rqGQ6ZD","NO_ISSUES_IDENTIFIED","Introgression_confirmed","ADVANCE BC1F5 IN PV2627","ADVANCE BC1F5 IN PV2627","BC1F5","67596","sgh1L6rqGQ6ZD"
"25ALM_BC1F3s1_1510","(IRAT204*2/SC49)-B-7","FTHM","25ALM_BC1F3s1_0222","GMS_PV2324_MIN_15002_07","(IRAT204*2/SC49)-B-7",42855,"sgh1Lo1CFQtW6","GMS_PGF2025_MIN_0222","(IRAT204*2/SC49)-B-7-1","54321","sgh1Lce16Gh56",NA,NA,NA,NA,"NO_ISSUES_IDENTIFIED","Introgression_confirmed","ADVANCE BC1F4 IN PGF","ADVANCE BC1F4 IN PGF","BC1F4","54321","sgh1Lce16Gh56"
"25ALM_BC1F3s1_2661","(IRAT204*2/SC49)-B-6","FQTG","25ALM_BC1F3s1_0221","GMS_PV2324_MIN_15002_06","(IRAT204*2/SC49)-B-6",42854,"sgh1LZ6Gp26zX","GMS_PGF2025_MIN_0221","(IRAT204*2/SC49)-B-6-1","54320","sgh1LRjiM8Iye","GMS_MN2025_112009","(IRAT204*2/SC49)-B-6-1-1","67160","sgh1LJnC5i7xJ","NO_ISSUES_IDENTIFIED","Introgression_confirmed","ADVANCE BC1F5 IN PV2627","ADVANCE BC1F5 IN PV2627","BC1F5","67160","sgh1LJnC5i7xJ"
"25ALM_BC1F3s1_0668","(IRAT204*2/SC49)-B-4","FHYP","25ALM_BC1F3s1_0219","GMS_PV2324_MIN_15002_04","(IRAT204*2/SC49)-B-4",42852,"sgh1LkmNPYWXt","GMS_PGF2025_MIN_0219","(IRAT204*2/SC49)-B-4-1","54319","sgh1Lf7sAk2P3","GMS_MN2025_113012","(IRAT204*2/SC49)-B-4-1-1","67192","sgh1L76ZdISm6","NO_ISSUES_IDENTIFIED","Introgression_confirmed","ADVANCE BC1F5 IN PV2627","ADVANCE BC1F5 IN PV2627","BC1F5","67192","sgh1L76ZdISm6"
"25ALM_BC1F3s1_1268","(IRAT204*2/SC49)-B-3","FFFR","25ALM_BC1F3s1_0218","GMS_PV2324_MIN_15002_03","(IRAT204*2/SC49)-B-3",42851,"sgh1L5ghUMstX","GMS_PGF2025_MIN_0218","(IRAT204*2/SC49)-B-3-1","54318","sgh1L2yyMYgCy",NA,NA,NA,NA,"NO_ISSUES_IDENTIFIED","Introgression_confirmed","ADVANCE BC1F4 IN PGF","ADVANCE BC1F4 IN PGF","BC1F4","54318","sgh1L2yyMYgCy"
"25ALM_BC1F3s1_0799","(IRAT204*2/SC49)-B-2","FDXM","25ALM_BC1F3s1_0217","GMS_PV2324_MIN_15002_02","(IRAT204*2/SC49)-B-2",42850,"sgh1L3AwHG1TF","GMS_PGF2025_MIN_0217","(IRAT204*2/SC49)-B-2-1","54317","sgh1LRmrCqu1w","GMS_MN2025_219095","(IRAT204*2/SC49)-B-2-1-1","65580","sgh1LCG1GWFZp","NO_ISSUES_IDENTIFIED","Introgression_confirmed","ADVANCE BC1F5 IN PV2627","ADVANCE BC1F5 IN PV2627","BC1F5","65580","sgh1LCG1GWFZp"
"25ALM_BC1F3s1_1775","(IRAT204*2/SC49)-B-15","FOGW","25ALM_BC1F3s1_0230","GMS_PV2324_MIN_15002_15","(IRAT204*2/SC49)-B-15",42863,"sgh1LtvVf059b","GMS_PGF2025_MIN_0230","(IRAT204*2/SC49)-B-15-1","54328","sgh1LfFFPiT7l","GMS_MN2025_218081","(IRAT204*2/SC49)-B-15-1-1","65553","sgh1LoAHhalYs","NO_ISSUES_IDENTIFIED","Introgression_confirmed","ADVANCE BC1F5 IN PV2627","ADVANCE BC1F5 IN PV2627","BC1F5","65553","sgh1LoAHhalYs"
"25ALM_BC1F3s1_2142","(IRAT204*2/SC49)-B-14","FOFO","25ALM_BC1F3s1_0229","GMS_PV2324_MIN_15002_14","(IRAT204*2/SC49)-B-14",42862,"sgh1LOdfuJ6gn","GMS_PGF2025_MIN_0229","(IRAT204*2/SC49)-B-14-1","54327","sgh1LiK7PFWFZ","GMS_MN2025_229097","(IRAT204*2/SC49)-B-14-1-1","65775","sgh1LHWaVkQV2","NO_ISSUES_IDENTIFIED","Introgression_confirmed","ADVANCE BC1F5 IN PV2627","ADVANCE BC1F5 IN PV2627","BC1F5","65775","sgh1LHWaVkQV2"
"25ALM_BC1F3s1_1391","(IRAT204*2/SC49)-B-13","FMPS","25ALM_BC1F3s1_0228","GMS_PV2324_MIN_15002_13","(IRAT204*2/SC49)-B-13",42861,"sgh1LQbg3mjQA","GMS_PGF2025_MIN_0228","(IRAT204*2/SC49)-B-13-1","54326","sgh1LJxHkAEQD","GMS_MN2025_214087","(IRAT204*2/SC49)-B-13-1-1","65474","sgh1LmFODkEKb","NO_ISSUES_IDENTIFIED","Introgression_confirmed","ADVANCE BC1F5 IN PV2627","ADVANCE BC1F5 IN PV2627","BC1F5","65474","sgh1LmFODkEKb"
"25ALM_BC1F3s1_0658","(IRAT204*2/SC49)-B-12","FALT","25ALM_BC1F3s1_0227","GMS_PV2324_MIN_15002_12","(IRAT204*2/SC49)-B-12",42860,"sgh1LmVYULp7o","GMS_PGF2025_MIN_0227","(IRAT204*2/SC49)-B-12-1","54325","sgh1LPt44BBGa","GMS_MN2025_117080","(IRAT204*2/SC49)-B-12-1-1","65547","sgh1LVmWgc046","NO_ISSUES_IDENTIFIED","Introgression_confirmed","ADVANCE BC1F5 IN PV2627","ADVANCE BC1F5 IN PV2627","BC1F5","65547","sgh1LVmWgc046"
"25ALM_BC1F3s1_1402","(IRAT204*2/SC49)-B-11","FIPG","25ALM_BC1F3s1_0226","GMS_PV2324_MIN_15002_11","(IRAT204*2/SC49)-B-11",42859,"sgh1LaBJtO9nO","GMS_PGF2025_MIN_0226","(IRAT204*2/SC49)-B-11-1","54324","sgh1LEnsvwyXc","GMS_MN2025_108033","(IRAT204*2/SC49)-B-11-1-1","67068","sgh1LQhqJHJH9","NO_ISSUES_IDENTIFIED","Introgression_confirmed","ADVANCE BC1F5 IN PV2627","ADVANCE BC1F5 IN PV2627","BC1F5","67068","sgh1LQhqJHJH9"
"25ALM_BC1F3s1_2595","(IRAT204*2/SC49)-B-10","FBVI","25ALM_BC1F3s1_0225","GMS_PV2324_MIN_15002_10","(IRAT204*2/SC49)-B-10",42858,"sgh1LIZkvXdEY","GMS_PGF2025_MIN_0225","(IRAT204*2/SC49)-B-10-1","54323","sgh1LZqbSLivO","GMS_MN2025_103022","(IRAT204*2/SC49)-B-10-1-1","67046","sgh1L4oplRu9H","NO_ISSUES_IDENTIFIED","Introgression_confirmed","ADVANCE BC1F5 IN PV2627","ADVANCE BC1F5 IN PV2627","BC1F5","67046","sgh1L4oplRu9H"
"25ALM_BC1F3s1_2587","(IRAT204*2/SC391)-B-9","FIQQ","25ALM_BC1F3s1_0269","GMS_PV2324_MIN_15005_09","(IRAT204*2/SC391)-B-9",42902,"sgh1Lph8WUHIw","GMS_PGF2025_MIN_0269","(IRAT204*2/SC391)-B-9-1","54362","sgh1LW3iMouQy",NA,NA,NA,NA,"NOT_HARVESTED_MN2025","Introgression_confirmed","ADVANCE BC1F4 IN PGF","ADVANCE BC1F4 IN PGF","BC1F4","54362","sgh1LW3iMouQy"
"25ALM_BC1F3s1_1012","(IRAT204*2/SC391)-B-8","FSMB","25ALM_BC1F3s1_0268","GMS_PV2324_MIN_15005_08","(IRAT204*2/SC391)-B-8",42901,"sgh1LckIbFqwM","GMS_PGF2025_MIN_0268","(IRAT204*2/SC391)-B-8-1","54361","sgh1Lf6tBvu88","GMS_MN2025_110021","(IRAT204*2/SC391)-B-8-1-1","67111","sgh1LRySUZ0Td","NO_ISSUES_IDENTIFIED","Introgression_confirmed","ADVANCE BC1F5 IN PV2627","ADVANCE BC1F5 IN PV2627","BC1F5","67111","sgh1LRySUZ0Td"
"25ALM_BC1F3s1_2887","(IRAT204*2/SC391)-B-7","FDKN","25ALM_BC1F3s1_0267","GMS_PV2324_MIN_15005_07","(IRAT204*2/SC391)-B-7",42900,"sgh1Ll0OTLZF1","GMS_PGF2025_MIN_0267","(IRAT204*2/SC391)-B-7-1","54360","sgh1LKpY6pY6D","GMS_MN2025_110008","(IRAT204*2/SC391)-B-7-1-1","67100","sgh1LvWGk1Wsh","NO_ISSUES_IDENTIFIED","Introgression_confirmed","ADVANCE BC1F5 IN PV2627","ADVANCE BC1F5 IN PV2627","BC1F5","67100","sgh1LvWGk1Wsh"
"25ALM_BC1F3s1_0207","(IRAT204*2/SC391)-B-4","FWRU","25ALM_BC1F3s1_0264","GMS_PV2324_MIN_15005_04","(IRAT204*2/SC391)-B-4",42897,"sgh1L7ihNdbNW","GMS_PGF2025_MIN_0264","(IRAT204*2/SC391)-B-4-1","54359","sgh1LSLRbDd3l","GMS_MN2025_135010","(IRAT204*2/SC391)-B-4-1-1","67784","sgh1LYsYGetYU","NO_ISSUES_IDENTIFIED","Introgression_confirmed","ADVANCE BC1F5 IN PV2627","ADVANCE BC1F5 IN PV2627","BC1F5","67784","sgh1LYsYGetYU"
"25ALM_BC1F3s1_2475","(IRAT204*2/SC391)-B-3","FOMR","25ALM_BC1F3s1_0263","GMS_PV2324_MIN_15005_03","(IRAT204*2/SC391)-B-3",42896,"sgh1LbxuwhlpE","GMS_PGF2025_MIN_0263","(IRAT204*2/SC391)-B-3-1","54358","sgh1L2yhfhx2O",NA,NA,NA,NA,"NO_ISSUES_IDENTIFIED","Introgression_confirmed","ADVANCE BC1F4 IN PGF","ADVANCE BC1F4 IN PGF","BC1F4","54358","sgh1L2yhfhx2O"
"25ALM_BC1F3s1_0188","(IRAT204*2/SC391)-B-2","FAUG","25ALM_BC1F3s1_0262","GMS_PV2324_MIN_15005_02","(IRAT204*2/SC391)-B-2",42895,"sgh1LEn2xFkW6","GMS_PGF2025_MIN_0262","(IRAT204*2/SC391)-B-2-1","54357","sgh1LUAZYrOMG",NA,NA,NA,NA,"NO_ISSUES_IDENTIFIED","Introgression_confirmed","ADVANCE BC1F4 IN PGF","ADVANCE BC1F4 IN PGF","BC1F4","54357","sgh1LUAZYrOMG"
"25ALM_BC1F3s1_0059","(IRAT204*2/SC391)-B-14","FEDJ","25ALM_BC1F3s1_0274","GMS_PV2324_MIN_15005_14","(IRAT204*2/SC391)-B-14",42907,"sgh1Lw0SQmyIp","GMS_PGF2025_MIN_0274","(IRAT204*2/SC391)-B-14-1","54366","sgh1L4C7gSSO0","GMS_MN2025_230100","(IRAT204*2/SC391)-B-14-1-1","65810","sgh1LHJlR2dsH","NO_ISSUES_IDENTIFIED","Introgression_confirmed","ADVANCE BC1F5 IN PV2627","ADVANCE BC1F5 IN PV2627","BC1F5","65810","sgh1LHJlR2dsH"
"25ALM_BC1F3s1_0723","(IRAT204*2/SC391)-B-13","FORP","25ALM_BC1F3s1_0273","GMS_PV2324_MIN_15005_13","(IRAT204*2/SC391)-B-13",42906,"sgh1LOX9Q2xZ4","GMS_PGF2025_MIN_0273","(IRAT204*2/SC391)-B-13-1","54365","sgh1LdBmO66Uy","GMS_MN2025_121023","(IRAT204*2/SC391)-B-13-1-1","67418","sgh1Lh9R0JbFQ","NO_ISSUES_IDENTIFIED","Introgression_confirmed","ADVANCE BC1F5 IN PV2627","ADVANCE BC1F5 IN PV2627","BC1F5","67418","sgh1Lh9R0JbFQ"
"25ALM_BC1F3s1_0779","(IRAT204*2/SC391)-B-10","FKGY","25ALM_BC1F3s1_0270","GMS_PV2324_MIN_15005_10","(IRAT204*2/SC391)-B-10",42903,"sgh1LsBwT1S1X","GMS_PGF2025_MIN_0270","(IRAT204*2/SC391)-B-10-1","54363","sgh1LwqnVnn1t","GMS_MN2025_123019","(IRAT204*2/SC391)-B-10-1-1","67473","sgh1LyM6CGssB","NO_ISSUES_IDENTIFIED","Introgression_confirmed","ADVANCE BC1F5 IN PV2627","ADVANCE BC1F5 IN PV2627","BC1F5","67473","sgh1LyM6CGssB"
"25ALM_BC1F3s1_0500","(IRAT204*2/SC391)-B-1","FXOQ","25ALM_BC1F3s1_0261","GMS_PV2324_MIN_15005_01","(IRAT204*2/SC391)-B-1",42894,"sgh1LXaSEM8Sj","GMS_PGF2025_MIN_0261","(IRAT204*2/SC391)-B-1-1","54356","sgh1LcJUKE99r","GMS_MN2025_137023","(IRAT204*2/SC391)-B-1-1-1","67837","sgh1Lni6khIt2","NO_ISSUES_IDENTIFIED","Introgression_confirmed","ADVANCE BC1F5 IN PV2627","ADVANCE BC1F5 IN PV2627","BC1F5","67837","sgh1Lni6khIt2"
"25ALM_BC1F3s1_2563","(IRAT204*2/SC301)-B-8","FSAI","25ALM_BC1F3s1_0580","GMS_PV2324_MIN_15013_08","(IRAT204*2/SC301)-B-8",43312,"sgh1La0xFwT26","GMS_PGF2025_MIN_0580","(IRAT204*2/SC301)-B-8-1","54625","sgh1LmTnPNhBd","GMS_MN2025_219084","(IRAT204*2/SC301)-B-8-1-1","65591","sgh1LSL6uQbqQ","NO_ISSUES_IDENTIFIED","Introgression_confirmed","ADVANCE BC1F5 IN PV2627","ADVANCE BC1F5 IN PV2627","BC1F5","65591","sgh1LSL6uQbqQ"
"25ALM_BC1F3s1_2289","(IRAT204*2/SC301)-B-7","FRZV","25ALM_BC1F3s1_0579","GMS_PV2324_MIN_15013_07","(IRAT204*2/SC301)-B-7",43311,"sgh1L9UwWjLMv","GMS_PGF2025_MIN_0579","(IRAT204*2/SC301)-B-7-1","54624","sgh1LxZlZW931","GMS_MN2025_112036","(IRAT204*2/SC301)-B-7-1-1","67181","sgh1LHxG04YtR","NO_ISSUES_IDENTIFIED","Introgression_confirmed","ADVANCE BC1F5 IN PV2627","ADVANCE BC1F5 IN PV2627","BC1F5","67181","sgh1LHxG04YtR"
"25ALM_BC1F3s1_1759","(IRAT204*2/SC301)-B-4","FJMF","25ALM_BC1F3s1_0576","GMS_PV2324_MIN_15013_04","(IRAT204*2/SC301)-B-4",43308,"sgh1L55Ybl8ru","GMS_PGF2025_MIN_0576","(IRAT204*2/SC301)-B-4-1","54622","sgh1LplJWEvy0","GMS_MN2025_216086","(IRAT204*2/SC301)-B-4-1-1","65517","sgh1LQBJKZuLj","NO_ISSUES_IDENTIFIED","Introgression_confirmed","ADVANCE BC1F5 IN PV2627","ADVANCE BC1F5 IN PV2627","BC1F5","65517","sgh1LQBJKZuLj"
"25ALM_BC1F3s1_2662","(IRAT204*2/SC301)-B-3","FRDA","25ALM_BC1F3s1_0575","GMS_PV2324_MIN_15013_03","(IRAT204*2/SC301)-B-3",43307,"sgh1L7Zwr7vLw","GMS_PGF2025_MIN_0575","(IRAT204*2/SC301)-B-3-1","54621","sgh1LNAG9CXQ1","GMS_MN2025_123077","(IRAT204*2/SC301)-B-3-1-1","65684","sgh1L7qP5v7Ak","NO_ISSUES_IDENTIFIED","Introgression_confirmed","ADVANCE BC1F5 IN PV2627","ADVANCE BC1F5 IN PV2627","BC1F5","65684","sgh1L7qP5v7Ak"
"25ALM_BC1F3s1_2007","(IRAT204*2/SC301)-B-2","FQNI","25ALM_BC1F3s1_0574","GMS_PV2324_MIN_15013_02","(IRAT204*2/SC301)-B-2",43306,"sgh1LwkGQ8lXc","GMS_PGF2025_MIN_0574","(IRAT204*2/SC301)-B-2-1","54620","sgh1LUX0JYAyw",NA,NA,NA,NA,"NO_ISSUES_IDENTIFIED","Introgression_confirmed","ADVANCE BC1F4 IN PGF","ADVANCE BC1F4 IN PGF","BC1F4","54620","sgh1LUX0JYAyw"
"25ALM_BC1F3s1_1561","(IRAT204*2/SC301)-B-15","FWYH","25ALM_BC1F3s1_0587","GMS_PV2324_MIN_15013_15","(IRAT204*2/SC301)-B-15",43319,"sgh1LPHqzNIPf","GMS_PGF2025_MIN_0587","(IRAT204*2/SC301)-B-15-1","54630","sgh1Lvvxr8ftD","GMS_MN2025_125025","(IRAT204*2/SC301)-B-15-1-1","67532","sgh1LxBwU1C4Q","NO_ISSUES_IDENTIFIED","Introgression_confirmed","ADVANCE BC1F5 IN PV2627","ADVANCE BC1F5 IN PV2627","BC1F5","67532","sgh1LxBwU1C4Q"
"25ALM_BC1F3s1_1284","(IRAT204*2/SC301)-B-13","FPOW","25ALM_BC1F3s1_0585","GMS_PV2324_MIN_15013_13","(IRAT204*2/SC301)-B-13",43317,"sgh1LcJgkzhT6","GMS_PGF2025_MIN_0585","(IRAT204*2/SC301)-B-13-1","54629","sgh1LrtrgDBMd","GMS_MN2025_224101","(IRAT204*2/SC301)-B-13-1-1","65702","sgh1L4cSIloSf","NO_ISSUES_IDENTIFIED","Introgression_confirmed","ADVANCE BC1F5 IN PV2627","ADVANCE BC1F5 IN PV2627","BC1F5","65702","sgh1L4cSIloSf"
"25ALM_BC1F3s1_0338","(IRAT204*2/SC301)-B-12","FDCJ","25ALM_BC1F3s1_0584","GMS_PV2324_MIN_15013_12","(IRAT204*2/SC301)-B-12",43316,"sgh1LlztglpLR","GMS_PGF2025_MIN_0584","(IRAT204*2/SC301)-B-12-1","54628","sgh1LupU9IGyk","GMS_MN2025_115035","(IRAT204*2/SC301)-B-12-1-1","67267","sgh1LDq6lntny","NO_ISSUES_IDENTIFIED","Introgression_confirmed","ADVANCE BC1F5 IN PV2627","ADVANCE BC1F5 IN PV2627","BC1F5","67267","sgh1LDq6lntny"
"25ALM_BC1F3s1_2257","(IRAT204*2/SC301)-B-11","FOIF","25ALM_BC1F3s1_0583","GMS_PV2324_MIN_15013_11","(IRAT204*2/SC301)-B-11",43315,"sgh1LsNzCm2OH","GMS_PGF2025_MIN_0583","(IRAT204*2/SC301)-B-11-1","54627","sgh1LmUEtYpSt","GMS_MN2025_125038","(IRAT204*2/SC301)-B-11-1-1","67538","sgh1LyBOEdqOc","NO_ISSUES_IDENTIFIED","Introgression_confirmed","ADVANCE BC1F5 IN PV2627","ADVANCE BC1F5 IN PV2627","BC1F5","67538","sgh1LyBOEdqOc"
"25ALM_BC1F3s1_0362","(IRAT204*2/SC301)-B-10","FKDR","25ALM_BC1F3s1_0582","GMS_PV2324_MIN_15013_10","(IRAT204*2/SC301)-B-10",43314,"sgh1L0Zei5q5F","GMS_PGF2025_MIN_0582","(IRAT204*2/SC301)-B-10-1","54626","sgh1LABfAdNTz","GMS_MN2025_118079","(IRAT204*2/SC301)-B-10-1-1","65551","sgh1LLg5EgRVW","NO_ISSUES_IDENTIFIED","Introgression_confirmed","ADVANCE BC1F5 IN PV2627","ADVANCE BC1F5 IN PV2627","BC1F5","65551","sgh1LLg5EgRVW"
"25ALM_BC1F3s1_1704","(IRAT204*2/SC301)-B-1","FHBO","25ALM_BC1F3s1_0573","GMS_PV2324_MIN_15013_01","(IRAT204*2/SC301)-B-1",43305,"sgh1LJHAKwkM1","GMS_PGF2025_MIN_0573","(IRAT204*2/SC301)-B-1-1","54619","sgh1LLGRF4nk0","GMS_MN2025_209089","(IRAT204*2/SC301)-B-1-1-1","65360","sgh1L6zvY0SGH","NO_ISSUES_IDENTIFIED","Introgression_confirmed","ADVANCE BC1F5 IN PV2627","ADVANCE BC1F5 IN PV2627","BC1F5","65360","sgh1L6zvY0SGH"
"25ALM_BC1F3s1_2041","(IRAT204*2/SC295)-B-8","FWLH","25ALM_BC1F3s1_0595","GMS_PV2324_MIN_15014_08","(IRAT204*2/SC295)-B-8",43327,"sgh1LY3TZiNhG","GMS_PGF2025_MIN_0595","(IRAT204*2/SC295)-B-8-1","54638","sgh1LuITw4xKa","GMS_MN2025_230089","(IRAT204*2/SC295)-B-8-1-1","65801","sgh1LxfCfeSIy","NO_ISSUES_IDENTIFIED","Introgression_confirmed","ADVANCE BC1F5 IN PV2627","ADVANCE BC1F5 IN PV2627","BC1F5","65801","sgh1LxfCfeSIy"
"25ALM_BC1F3s1_2049","(IRAT204*2/SC295)-B-7","FDTC","25ALM_BC1F3s1_0594","GMS_PV2324_MIN_15014_07","(IRAT204*2/SC295)-B-7",43326,"sgh1LCh8q2bRD","GMS_PGF2025_MIN_0594","(IRAT204*2/SC295)-B-7-1","54637","sgh1L3gE4f0nD","GMS_MN2025_226100","(IRAT204*2/SC295)-B-7-1-1","65734","sgh1LEh9PlDZo","NO_ISSUES_IDENTIFIED","Introgression_confirmed","ADVANCE BC1F5 IN PV2627","ADVANCE BC1F5 IN PV2627","BC1F5","65734","sgh1LEh9PlDZo"
"25ALM_BC1F3s1_1254","(IRAT204*2/SC295)-B-6","FWMQ","25ALM_BC1F3s1_0593","GMS_PV2324_MIN_15014_06","(IRAT204*2/SC295)-B-6",43325,"sgh1L1d2uRJtK","GMS_PGF2025_MIN_0593","(IRAT204*2/SC295)-B-6-1","54636","sgh1L83izSvnY","GMS_MN2025_120038","(IRAT204*2/SC295)-B-6-1-1","67404","sgh1L2nZDDj9N","BC1F3:KNOWN_BMS_LOT_CLOSE","Introgression_confirmed","ADVANCE BC1F5 IN PV2627","ADVANCE BC1F5 IN PV2627","BC1F5","67404","sgh1L2nZDDj9N"
"25ALM_BC1F3s1_1257","(IRAT204*2/SC295)-B-5","FKTU","25ALM_BC1F3s1_0592","GMS_PV2324_MIN_15014_05","(IRAT204*2/SC295)-B-5",43324,"sgh1LIxxCDW3I","GMS_PGF2025_MIN_0592","(IRAT204*2/SC295)-B-5-1","54635","sgh1LPzCtMzT3","GMS_MN2025_210099","(IRAT204*2/SC295)-B-5-1-1","65392","sgh1LT6Jdhfkr","NO_ISSUES_IDENTIFIED","Introgression_confirmed","ADVANCE BC1F5 IN PV2627","ADVANCE BC1F5 IN PV2627","BC1F5","65392","sgh1LT6Jdhfkr"
"25ALM_BC1F3s1_0439","(IRAT204*2/SC295)-B-4","FEYZ","25ALM_BC1F3s1_0591","GMS_PV2324_MIN_15014_04","(IRAT204*2/SC295)-B-4",43323,"sgh1LAuuczHkh","GMS_PGF2025_MIN_0591","(IRAT204*2/SC295)-B-4-1","54634","sgh1LFQAqThDi","GMS_MN2025_113008","(IRAT204*2/SC295)-B-4-1-1","67186","sgh1L5ZxXgXkz","NO_ISSUES_IDENTIFIED","Introgression_confirmed","ADVANCE BC1F5 IN PV2627","ADVANCE BC1F5 IN PV2627","BC1F5","67186","sgh1L5ZxXgXkz"
"25ALM_BC1F3s1_1935","(IRAT204*2/SC295)-B-3","FQTD","25ALM_BC1F3s1_0590","GMS_PV2324_MIN_15014_03","(IRAT204*2/SC295)-B-3",43322,"sgh1L8H8Iaall","GMS_PGF2025_MIN_0590","(IRAT204*2/SC295)-B-3-1","54633","sgh1LDrW1aDWC","GMS_MN2025_212097","(IRAT204*2/SC295)-B-3-1-1","65433","sgh1LjYhaXY5a","NO_ISSUES_IDENTIFIED","Introgression_confirmed","ADVANCE BC1F5 IN PV2627","ADVANCE BC1F5 IN PV2627","BC1F5","65433","sgh1LjYhaXY5a"
"25ALM_BC1F3s1_2610","(IRAT204*2/SC295)-B-14","FYWE","25ALM_BC1F3s1_0601","GMS_PV2324_MIN_15014_14","(IRAT204*2/SC295)-B-14",43333,"sgh1LDvrlvrUt","GMS_PGF2025_MIN_0601","(IRAT204*2/SC295)-B-14-1","54644","sgh1LtibZQt4f","GMS_MN2025_220086","(IRAT204*2/SC295)-B-14-1-1","65607","sgh1L4f3qDsz6","NO_ISSUES_IDENTIFIED","Introgression_confirmed","ADVANCE BC1F5 IN PV2627","ADVANCE BC1F5 IN PV2627","BC1F5","65607","sgh1L4f3qDsz6"
"25ALM_BC1F3s1_1953","(IRAT204*2/SC295)-B-13","FOOB","25ALM_BC1F3s1_0600","GMS_PV2324_MIN_15014_13","(IRAT204*2/SC295)-B-13",43332,"sgh1LyYkJBkaj","GMS_PGF2025_MIN_0600","(IRAT204*2/SC295)-B-13-1","54643","sgh1LIJ9G7Trn","GMS_MN2025_104030","(IRAT204*2/SC295)-B-13-1-1","67453","sgh1L9WTCaZLh","NO_ISSUES_IDENTIFIED","Introgression_confirmed","ADVANCE BC1F5 IN PV2627","ADVANCE BC1F5 IN PV2627","BC1F5","67453","sgh1L9WTCaZLh"
"25ALM_BC1F3s1_1327","(IRAT204*2/SC295)-B-12","FINU","25ALM_BC1F3s1_0599","GMS_PV2324_MIN_15014_12","(IRAT204*2/SC295)-B-12",43331,"sgh1LMDX4nT7f","GMS_PGF2025_MIN_0599","(IRAT204*2/SC295)-B-12-1","54642","sgh1LswrXQ5OZ","GMS_MN2025_123039","(IRAT204*2/SC295)-B-12-1-1","67490","sgh1LUn46tvlh","NO_ISSUES_IDENTIFIED","Introgression_confirmed","ADVANCE BC1F5 IN PV2627","ADVANCE BC1F5 IN PV2627","BC1F5","67490","sgh1LUn46tvlh"
"25ALM_BC1F3s1_1455","(IRAT204*2/SC295)-B-11","FENI","25ALM_BC1F3s1_0598","GMS_PV2324_MIN_15014_11","(IRAT204*2/SC295)-B-11",43330,"sgh1L4lklomjv","GMS_PGF2025_MIN_0598","(IRAT204*2/SC295)-B-11-1","54641","sgh1L9X49CGgp","GMS_MN2025_128028","(IRAT204*2/SC295)-B-11-1-1","67605","sgh1LrMcafJSx","NO_ISSUES_IDENTIFIED","Introgression_confirmed","ADVANCE BC1F5 IN PV2627","ADVANCE BC1F5 IN PV2627","BC1F5","67605","sgh1LrMcafJSx"
"25ALM_BC1F3s1_0789","(IRAT204*2/SC295)-B-10","FUII","25ALM_BC1F3s1_0597","GMS_PV2324_MIN_15014_10","(IRAT204*2/SC295)-B-10",43329,"sgh1LD1WFkbf8","GMS_PGF2025_MIN_0597","(IRAT204*2/SC295)-B-10-1","54640","sgh1L2FOtMFRG","GMS_MN2025_220084","(IRAT204*2/SC295)-B-10-1-1","65605","sgh1LDaTtc7CB","NO_ISSUES_IDENTIFIED","Introgression_confirmed","ADVANCE BC1F5 IN PV2627","ADVANCE BC1F5 IN PV2627","BC1F5","65605","sgh1LDaTtc7CB"
"25ALM_BC1F3s1_1597","(IRAT204*2/SC295)-B-1","FJYZ","25ALM_BC1F3s1_0588","GMS_PV2324_MIN_15014_01","(IRAT204*2/SC295)-B-1",43320,"sgh1LZyWtV7fI","GMS_PGF2025_MIN_0588","(IRAT204*2/SC295)-B-1-1","54631","sgh1L5J5xbezE","GMS_MN2025_221083","(IRAT204*2/SC295)-B-1-1-1","65635","sgh1LuWfdJAbf","NO_ISSUES_IDENTIFIED","Introgression_confirmed","ADVANCE BC1F5 IN PV2627","ADVANCE BC1F5 IN PV2627","BC1F5","65635","sgh1LuWfdJAbf"
"25ALM_BC1F3s1_0701","(IRAT204*2/SC1465)-B-9","FNIX","25ALM_BC1F3s1_0827","GMS_PV2324_MIN_14025_09","(IRAT204*2/SC1465)-B-9",43838,"sgh1LXigVeLzJ","GMS_PGF2025_MIN_0827","(IRAT204*2/SC1465)-B-9-1","54860","sgh1L5sy6nHbK","GMS_MN2025_126016","(IRAT204*2/SC1465)-B-9-1-1","67547","sgh1LA01xCo39","NO_ISSUES_IDENTIFIED","Introgression_confirmed","ADVANCE BC1F5 IN PV2627","ADVANCE BC1F5 IN PV2627","BC1F5","67547","sgh1LA01xCo39"
"25ALM_BC1F3s1_0295","(IRAT204*2/SC1465)-B-6","FEZW","25ALM_BC1F3s1_0824","GMS_PV2324_MIN_14025_06","(IRAT204*2/SC1465)-B-6",43835,"sgh1LP2qdTlP8","GMS_PGF2025_MIN_0824","(IRAT204*2/SC1465)-B-6-1","54858","sgh1L8umfxLRA","GMS_MN2025_119037","(IRAT204*2/SC1465)-B-6-1-1","67372","sgh1LUaZDFzjO","NO_ISSUES_IDENTIFIED","Introgression_confirmed","ADVANCE BC1F5 IN PV2627","ADVANCE BC1F5 IN PV2627","BC1F5","67372","sgh1LUaZDFzjO"
"25ALM_BC1F3s1_2654","(IRAT204*2/SC1465)-B-4","FWII","25ALM_BC1F3s1_0822","GMS_PV2324_MIN_14025_04","(IRAT204*2/SC1465)-B-4",43833,"sgh1LnCbewFR2","GMS_PGF2025_MIN_0822","(IRAT204*2/SC1465)-B-4-1","54856","sgh1LmZdsJfLV",NA,NA,NA,NA,"NOT_HARVESTED_MN2025","Introgression_confirmed","ADVANCE BC1F4 IN PGF","ADVANCE BC1F4 IN PGF","BC1F4","54856","sgh1LmZdsJfLV"
"25ALM_BC1F3s1_0610","(IRAT204*2/SC1465)-B-3","FVTU","25ALM_BC1F3s1_0821","GMS_PV2324_MIN_14025_03","(IRAT204*2/SC1465)-B-3",43832,"sgh1LxJNx30QG","GMS_PGF2025_MIN_0821","(IRAT204*2/SC1465)-B-3-1","54855","sgh1LI6vV3j6v","GMS_MN2025_136041","(IRAT204*2/SC1465)-B-3-1-1","67826","sgh1LKMlAyktx","NO_ISSUES_IDENTIFIED","Introgression_confirmed","ADVANCE BC1F5 IN PV2627","ADVANCE BC1F5 IN PV2627","BC1F5","67826","sgh1LKMlAyktx"
"25ALM_BC1F3s1_2331","(IRAT204*2/SC1465)-B-2","FWXC","25ALM_BC1F3s1_0820","GMS_PV2324_MIN_14025_02","(IRAT204*2/SC1465)-B-2",43831,"sgh1LTmMvKY9Z","GMS_PGF2025_MIN_0820","(IRAT204*2/SC1465)-B-2-1","54854","sgh1LH7oUp873",NA,NA,NA,NA,"NO_ISSUES_IDENTIFIED","Introgression_confirmed","ADVANCE BC1F4 IN PGF","ADVANCE BC1F4 IN PGF","BC1F4","54854","sgh1LH7oUp873"
"25ALM_BC1F3s1_0845","(IRAT204*2/SC1465)-B-15","FFZX","25ALM_BC1F3s1_0833","GMS_PV2324_MIN_14025_15","(IRAT204*2/SC1465)-B-15",43844,"sgh1LCqofXyY3","GMS_PGF2025_MIN_0833","(IRAT204*2/SC1465)-B-15-1","54865","sgh1LI2IN9x1X","GMS_MN2025_115031","(IRAT204*2/SC1465)-B-15-1-1","67263","sgh1LgCsgT2tM","NO_ISSUES_IDENTIFIED","Introgression_confirmed","ADVANCE BC1F5 IN PV2627","ADVANCE BC1F5 IN PV2627","BC1F5","67263","sgh1LgCsgT2tM"
"25ALM_BC1F3s1_2481","(IRAT204*2/SC1465)-B-14","FOOE","25ALM_BC1F3s1_0832","GMS_PV2324_MIN_14025_14","(IRAT204*2/SC1465)-B-14",43843,"sgh1L0Ew9BMND","GMS_PGF2025_MIN_0832","(IRAT204*2/SC1465)-B-14-1","54864","sgh1LVVjdlPjr","GMS_MN2025_129014","(IRAT204*2/SC1465)-B-14-1-1","67621","sgh1LIdLCYJc6","NO_ISSUES_IDENTIFIED","Introgression_confirmed","ADVANCE BC1F5 IN PV2627","ADVANCE BC1F5 IN PV2627","BC1F5","67621","sgh1LIdLCYJc6"
"25ALM_BC1F3s1_1552","(IRAT204*2/SC1439)-B-9","FKPJ","25ALM_BC1F3s1_0355","GMS_PV2324_MIN_14012_09","(IRAT204*2/SC1439)-B-9",43058,"sgh1LAmZkqiwc","GMS_PGF2025_MIN_0355","(IRAT204*2/SC1439)-B-9-1","54417","sgh1LNQAYpcLt","GMS_MN2025_212099","(IRAT204*2/SC1439)-B-9-1-1","65435","sgh1LA9EfOgvd","NO_ISSUES_IDENTIFIED","Introgression_confirmed","ADVANCE BC1F5 IN PV2627","ADVANCE BC1F5 IN PV2627","BC1F5","65435","sgh1LA9EfOgvd"
"25ALM_BC1F3s1_2529","(IRAT204*2/SC1439)-B-8","FNRD","25ALM_BC1F3s1_0354","GMS_PV2324_MIN_14012_08","(IRAT204*2/SC1439)-B-8",43057,"sgh1LjDJFV5ig","GMS_PGF2025_MIN_0354","(IRAT204*2/SC1439)-B-8-1","54416","sgh1LmUA0TmDu","GMS_MN2025_215096","(IRAT204*2/SC1439)-B-8-1-1","65492","sgh1LbMK38qRM","NO_ISSUES_IDENTIFIED","Introgression_confirmed","ADVANCE BC1F5 IN PV2627","ADVANCE BC1F5 IN PV2627","BC1F5","65492","sgh1LbMK38qRM"
"25ALM_BC1F3s1_0095","(IRAT204*2/SC1439)-B-7","FQWY","25ALM_BC1F3s1_0353","GMS_PV2324_MIN_14012_07","(IRAT204*2/SC1439)-B-7",43056,"sgh1LQF5kwwMM","GMS_PGF2025_MIN_0353","(IRAT204*2/SC1439)-B-7-1","54415","sgh1L083AYDU6",NA,NA,NA,NA,"NOT_HARVESTED_MN2025","Introgression_confirmed","ADVANCE BC1F4 IN PV2627","ADVANCE BC1F4 IN PV2627","BC1F4","54415","sgh1L083AYDU6"
"25ALM_BC1F3s1_0633","(IRAT204*2/SC1439)-B-6","FQNQ","25ALM_BC1F3s1_0352","GMS_PV2324_MIN_14012_06","(IRAT204*2/SC1439)-B-6",43055,"sgh1LQ1TGeWlb","GMS_PGF2025_MIN_0352","(IRAT204*2/SC1439)-B-6-1","54414","sgh1LLtqKTbPJ","GMS_MN2025_135016","(IRAT204*2/SC1439)-B-6-1-1","67789","sgh1LD4ni0KiC","NO_ISSUES_IDENTIFIED","Introgression_confirmed","ADVANCE BC1F5 IN PV2627","ADVANCE BC1F5 IN PV2627","BC1F5","67789","sgh1LD4ni0KiC"
"25ALM_BC1F3s1_0534","(IRAT204*2/SC1439)-B-5","FTWB","25ALM_BC1F3s1_0351","GMS_PV2324_MIN_14012_05","(IRAT204*2/SC1439)-B-5",43054,"sgh1Lxxxc3jBJ","GMS_PGF2025_MIN_0351","(IRAT204*2/SC1439)-B-5-1","54413","sgh1LOyMUOxVM","GMS_MN2025_132024","(IRAT204*2/SC1439)-B-5-1-1","67709","sgh1LzaLylBZD","NO_ISSUES_IDENTIFIED","Introgression_confirmed","ADVANCE BC1F5 IN PV2627","ADVANCE BC1F5 IN PV2627","BC1F5","67709","sgh1LzaLylBZD"
"25ALM_BC1F3s1_2197","(IRAT204*2/SC1439)-B-3","FGSQ","25ALM_BC1F3s1_0349","GMS_PV2324_MIN_14012_03","(IRAT204*2/SC1439)-B-3",43052,"sgh1LlNYyitiZ","GMS_PGF2025_MIN_0349","(IRAT204*2/SC1439)-B-3-1","54412","sgh1LpqCr1qv6","GMS_MN2025_136031","(IRAT204*2/SC1439)-B-3-1-1","67822","sgh1LdtyoiDXL","NO_ISSUES_IDENTIFIED","Introgression_confirmed","ADVANCE BC1F5 IN PV2627","ADVANCE BC1F5 IN PV2627","BC1F5","67822","sgh1LdtyoiDXL"
"25ALM_BC1F3s1_0644","(IRAT204*2/SC1439)-B-2","FBUJ","25ALM_BC1F3s1_0348","GMS_PV2324_MIN_14012_02","(IRAT204*2/SC1439)-B-2",43051,"sgh1LTLsldZD0","GMS_PGF2025_MIN_0348","(IRAT204*2/SC1439)-B-2-1","54411","sgh1LOBZTqBgm","GMS_MN2025_111014","(IRAT204*2/SC1439)-B-2-1-1","67135","sgh1Lzss3NaGL","NO_ISSUES_IDENTIFIED","Introgression_confirmed","ADVANCE BC1F5 IN PV2627","ADVANCE BC1F5 IN PV2627","BC1F5","67135","sgh1Lzss3NaGL"
"25ALM_BC1F3s1_0057","(IRAT204*2/SC1439)-B-15","FZTW","25ALM_BC1F3s1_0361","GMS_PV2324_MIN_14012_15","(IRAT204*2/SC1439)-B-15",43064,"sgh1LwHQAUkmz","GMS_PGF2025_MIN_0361","(IRAT204*2/SC1439)-B-15-1","54423","sgh1LLZqYrIFe","GMS_MN2025_130036","(IRAT204*2/SC1439)-B-15-1-1","67665","sgh1LQENt8OL1","NO_ISSUES_IDENTIFIED","Introgression_confirmed","ADVANCE BC1F5 IN PV2627","ADVANCE BC1F5 IN PV2627","BC1F5","67665","sgh1LQENt8OL1"
"25ALM_BC1F3s1_2728","(IRAT204*2/SC1439)-B-14","FDMA","25ALM_BC1F3s1_0360","GMS_PV2324_MIN_14012_14","(IRAT204*2/SC1439)-B-14",43063,"sgh1Ls82og4OZ","GMS_PGF2025_MIN_0360","(IRAT204*2/SC1439)-B-14-1","54422","sgh1L2qDLaFB4","GMS_MN2025_111016","(IRAT204*2/SC1439)-B-14-1-1","67137","sgh1LXJTNjXcA","NO_ISSUES_IDENTIFIED","Introgression_confirmed","ADVANCE BC1F5 IN PV2627","ADVANCE BC1F5 IN PV2627","BC1F5","67137","sgh1LXJTNjXcA"
"25ALM_BC1F3s1_0573","(IRAT204*2/SC1439)-B-13","FLUQ","25ALM_BC1F3s1_0359","GMS_PV2324_MIN_14012_13","(IRAT204*2/SC1439)-B-13",43062,"sgh1LesKfg6xE","GMS_PGF2025_MIN_0359","(IRAT204*2/SC1439)-B-13-1","54421","sgh1LRt3IKO3I","GMS_MN2025_217091","(IRAT204*2/SC1439)-B-13-1-1","65538","sgh1LuWunQkXL","NO_ISSUES_IDENTIFIED","Introgression_confirmed","ADVANCE BC1F5 IN PV2627","ADVANCE BC1F5 IN PV2627","BC1F5","65538","sgh1LuWunQkXL"
"25ALM_BC1F3s1_1394","(IRAT204*2/SC1439)-B-12","FHXO","25ALM_BC1F3s1_0358","GMS_PV2324_MIN_14012_12","(IRAT204*2/SC1439)-B-12",43061,"sgh1Li4X8x6qx","GMS_PGF2025_MIN_0358","(IRAT204*2/SC1439)-B-12-1","54420","sgh1LgpWHdXMf","GMS_MN2025_133009","(IRAT204*2/SC1439)-B-12-1-1","67725","sgh1LKn4jEF3h","NO_ISSUES_IDENTIFIED","Introgression_confirmed","ADVANCE BC1F5 IN PV2627","ADVANCE BC1F5 IN PV2627","BC1F5","67725","sgh1LKn4jEF3h"
"25ALM_BC1F3s1_1364","(IRAT204*2/SC1439)-B-11","FDST","25ALM_BC1F3s1_0357","GMS_PV2324_MIN_14012_11","(IRAT204*2/SC1439)-B-11",43060,"sgh1LSEQRycfy","GMS_PGF2025_MIN_0357","(IRAT204*2/SC1439)-B-11-1","54419","sgh1LvxofGFEK","GMS_MN2025_136012","(IRAT204*2/SC1439)-B-11-1-1","67810","sgh1Ll1bqS6ED","NO_ISSUES_IDENTIFIED","Introgression_confirmed","ADVANCE BC1F5 IN PV2627","ADVANCE BC1F5 IN PV2627","BC1F5","67810","sgh1Ll1bqS6ED"
"25ALM_BC1F3s1_0664","(IRAT204*2/SC1439)-B-10","FSAN","25ALM_BC1F3s1_0356","GMS_PV2324_MIN_14012_10","(IRAT204*2/SC1439)-B-10",43059,"sgh1LnF4bVIZE","GMS_PGF2025_MIN_0356","(IRAT204*2/SC1439)-B-10-1","54418","sgh1LT0d8isaF",NA,NA,NA,NA,"NOT_HARVESTED_MN2025","Introgression_confirmed","ADVANCE BC1F4 IN PGF","ADVANCE BC1F4 IN PGF","BC1F4","54418","sgh1LT0d8isaF"
"25ALM_BC1F3s1_1946","(IRAT204*2/SC1429)-B-9","FFQA","25ALM_BC1F3s1_0135","GMS_PV2324_MIN_14032_09","(IRAT204*2/SC1429)-B-9",42767,"sgh1LTGJIbv5f","GMS_PGF2025_MIN_0135","(IRAT204*2/SC1429)-B-9-1","54242","sgh1L5i6ShgY0","GMS_MN2025_119038","(IRAT204*2/SC1429)-B-9-1-1","67373","sgh1Ln6uJR1BF","NO_ISSUES_IDENTIFIED","Introgression_confirmed","ADVANCE BC1F5 IN PV2627","ADVANCE BC1F5 IN PV2627","BC1F5","67373","sgh1Ln6uJR1BF"
"25ALM_BC1F3s1_1213","(IRAT204*2/SC1429)-B-8","FPTB","25ALM_BC1F3s1_0134","GMS_PV2324_MIN_14032_08","(IRAT204*2/SC1429)-B-8",42766,"sgh1LSXfJ5PDV","GMS_PGF2025_MIN_0134","(IRAT204*2/SC1429)-B-8-1","54241","sgh1Ley3nXjzY","GMS_MN2025_224103","(IRAT204*2/SC1429)-B-8-1-1","65704","sgh1LmixhdqhC","NO_ISSUES_IDENTIFIED","Introgression_confirmed","ADVANCE BC1F5 IN PV2627","ADVANCE BC1F5 IN PV2627","BC1F5","65704","sgh1LmixhdqhC"
"25ALM_BC1F3s1_1745","(IRAT204*2/SC1429)-B-6","FDLF","25ALM_BC1F3s1_0132","GMS_PV2324_MIN_14032_06","(IRAT204*2/SC1429)-B-6",42764,"sgh1LEG4DSLoU","GMS_PGF2025_MIN_0132","(IRAT204*2/SC1429)-B-6-1","54239","sgh1LpO9ICScS","GMS_MN2025_136023","(IRAT204*2/SC1429)-B-6-1-1","67817","sgh1LowR20nMc","NO_ISSUES_IDENTIFIED","Introgression_confirmed","ADVANCE BC1F5 IN PV2627","ADVANCE BC1F5 IN PV2627","BC1F5","67817","sgh1LowR20nMc"
"25ALM_BC1F3s1_2124","(IRAT204*2/SC1429)-B-3","FMJL","25ALM_BC1F3s1_0129","GMS_PV2324_MIN_14032_03","(IRAT204*2/SC1429)-B-3",42761,"sgh1LrxaHp4Gp","GMS_PGF2025_MIN_0129","(IRAT204*2/SC1429)-B-3-1","54237","sgh1LyKPaOyPg","GMS_MN2025_126080","(IRAT204*2/SC1429)-B-3-1-1","65721","sgh1LZuDfNsTq","NO_ISSUES_IDENTIFIED","Introgression_confirmed","ADVANCE BC1F5 IN PV2627","ADVANCE BC1F5 IN PV2627","BC1F5","65721","sgh1LZuDfNsTq"
"25ALM_BC1F3s1_0736","(IRAT204*2/SC1429)-B-2","FWJD","25ALM_BC1F3s1_0128","GMS_PV2324_MIN_14032_02","(IRAT204*2/SC1429)-B-2",42760,"sgh1LvT4IrKqJ","GMS_PGF2025_MIN_0128","(IRAT204*2/SC1429)-B-2-1","54236","sgh1LZbYf8yHG","GMS_MN2025_129025","(IRAT204*2/SC1429)-B-2-1-1","67630","sgh1LVLBkJPC8","NO_ISSUES_IDENTIFIED","Introgression_confirmed","ADVANCE BC1F5 IN PV2627","ADVANCE BC1F5 IN PV2627","BC1F5","67630","sgh1LVLBkJPC8"
"25ALM_BC1F3s1_0480","(IRAT204*2/SC1429)-B-15","FGVI","25ALM_BC1F3s1_0141","GMS_PV2324_MIN_14032_15","(IRAT204*2/SC1429)-B-15",42773,"sgh1L5R6B75xW","GMS_PGF2025_MIN_0141","(IRAT204*2/SC1429)-B-15-1","54247","sgh1LbwWsh0d2","GMS_MN2025_116027","(IRAT204*2/SC1429)-B-15-1-1","67290","sgh1LmVyzFkWn","NO_ISSUES_IDENTIFIED","Introgression_confirmed","ADVANCE BC1F5 IN PV2627","ADVANCE BC1F5 IN PV2627","BC1F5","67290","sgh1LmVyzFkWn"
"25ALM_BC1F3s1_1389","(IRAT204*2/SC1429)-B-13","FOGF","25ALM_BC1F3s1_0139","GMS_PV2324_MIN_14032_13","(IRAT204*2/SC1429)-B-13",42771,"sgh1LY76ZkfFy","GMS_PGF2025_MIN_0139","(IRAT204*2/SC1429)-B-13-1","54246","sgh1LbS9YDjxe","GMS_MN2025_129078","(IRAT204*2/SC1429)-B-13-1-1","65791","sgh1LI40NEIbo","NO_ISSUES_IDENTIFIED","Introgression_confirmed","ADVANCE BC1F5 IN PV2627","ADVANCE BC1F5 IN PV2627","BC1F5","65791","sgh1LI40NEIbo"
"25ALM_BC1F3s1_1622","(IRAT204*2/SC1429)-B-12","FZTX","25ALM_BC1F3s1_0138","GMS_PV2324_MIN_14032_12","(IRAT204*2/SC1429)-B-12",42770,"sgh1LaG0wPhXT","GMS_PGF2025_MIN_0138","(IRAT204*2/SC1429)-B-12-1","54245","sgh1L44S6SQhV","GMS_MN2025_127042","(IRAT204*2/SC1429)-B-12-1-1","67584","sgh1Lt71dsNHK","NO_ISSUES_IDENTIFIED","Introgression_confirmed","ADVANCE BC1F5 IN PV2627","ADVANCE BC1F5 IN PV2627","BC1F5","67584","sgh1Lt71dsNHK"
"25ALM_BC1F3s1_1369","(IRAT204*2/SC1429)-B-11","FQGD","25ALM_BC1F3s1_0137","GMS_PV2324_MIN_14032_11","(IRAT204*2/SC1429)-B-11",42769,"sgh1LuEVgBOQk","GMS_PGF2025_MIN_0137","(IRAT204*2/SC1429)-B-11-1","54244","sgh1L75hkhJgd","GMS_MN2025_222082","(IRAT204*2/SC1429)-B-11-1-1","65648","sgh1LKJQYr6K5","NO_ISSUES_IDENTIFIED","Introgression_confirmed","ADVANCE BC1F5 IN PV2627","ADVANCE BC1F5 IN PV2627","BC1F5","65648","sgh1LKJQYr6K5"
"25ALM_BC1F3s1_0280","(IRAT204*2/SC1429)-B-10","FBLL","25ALM_BC1F3s1_0136","GMS_PV2324_MIN_14032_10","(IRAT204*2/SC1429)-B-10",42768,"sgh1LrbIBykpZ","GMS_PGF2025_MIN_0136","(IRAT204*2/SC1429)-B-10-1","54243","sgh1Lb3WWEZSf","GMS_MN2025_212095","(IRAT204*2/SC1429)-B-10-1-1","65431","sgh1LHFc7C6VJ","NO_ISSUES_IDENTIFIED","Introgression_confirmed","ADVANCE BC1F5 IN PV2627","ADVANCE BC1F5 IN PV2627","BC1F5","65431","sgh1LHFc7C6VJ"
"25ALM_BC1F3s1_1834","(IRAT204*2/SC1429)-B-1","FHXR","25ALM_BC1F3s1_0127","GMS_PV2324_MIN_14032_01","(IRAT204*2/SC1429)-B-1",42759,"sgh1LMMllHdNL","GMS_PGF2025_MIN_0127","(IRAT204*2/SC1429)-B-1-1","54235","sgh1LxNZkl5JU","GMS_MN2025_209084","(IRAT204*2/SC1429)-B-1-1-1","65365","sgh1L67OeRuvO","NO_ISSUES_IDENTIFIED","Introgression_confirmed","ADVANCE BC1F5 IN PV2627","ADVANCE BC1F5 IN PV2627","BC1F5","65365","sgh1L67OeRuvO"
"25ALM_BC1F3s1_0381","(IRAT204*2/SC1074)-B-9","FTAW","25ALM_BC1F3s1_1680","GMS_MN2024_MIN_13072_09","(IRAT204*2/SC1074)-B-9",42722,"sgh1Lwuccv1TO","GMS_PGF2025_MIN_1680","(IRAT204*2/SC1074)-B-9-1","54203","sgh1LoA9Z0KJM","GMS_MN2025_210103","(IRAT204*2/SC1074)-B-9-1-1","65394","sgh1LLSaKryBm","NO_ISSUES_IDENTIFIED","Introgression_confirmed","ADVANCE BC1F5 IN PV2627","ADVANCE BC1F5 IN PV2627","BC1F5","65394","sgh1LLSaKryBm"
"25ALM_BC1F3s1_2251","(IRAT204*2/SC1074)-B-9","FTBZ","25ALM_BC1F3s1_0092","GMS_PV2324_MIN_14029_09","(IRAT204*2/SC1074)-B-9",42722,"sgh1LtXacQYm9","GMS_PGF2025_MIN_0092","(IRAT204*2/SC1074)-B-9-1","54203","sgh1LZwQKNLJv","GMS_MN2025_111077","(IRAT204*2/SC1074)-B-9-1-1","65394","sgh1LGpS0Zv5c","NO_ISSUES_IDENTIFIED","Introgression_confirmed","ADVANCE BC1F5 IN PV2627","ADVANCE BC1F5 IN PV2627","BC1F5","65394","sgh1LGpS0Zv5c"
"25ALM_BC1F3s1_0235","(IRAT204*2/SC1074)-B-7","FPCT","25ALM_BC1F3s1_1678","GMS_MN2024_MIN_13072_07","(IRAT204*2/SC1074)-B-7",42720,"sgh1L8fUc75gS","GMS_PGF2025_MIN_1678","(IRAT204*2/SC1074)-B-7-1","55541","sgh1LxMfROasx","GMS_MN2025_122018","(IRAT204*2/SC1074)-B-7-1-1","65773","sgh1LQKjN8vek","NO_ISSUES_IDENTIFIED","Introgression_confirmed","ADVANCE BC1F5 IN PV2627","ADVANCE BC1F5 IN PV2627","BC1F5","65773","sgh1LQKjN8vek"
"25ALM_BC1F3s1_1101","(IRAT204*2/SC1074)-B-7","FWCR","25ALM_BC1F3s1_1696","GMS_MN2024_MIN_13073_07","(IRAT204*2/SC1074)-B-7",42720,"sgh1LjwYDdHy0","GMS_PGF2025_MIN_1696","(IRAT204*2/SC1074)-B-7-1","55541","sgh1LCkBpGZw3","GMS_MN2025_229099","(IRAT204*2/SC1074)-B-7-1-1","65773","sgh1LiWHTKcwE","NO_ISSUES_IDENTIFIED","Introgression_confirmed","ADVANCE BC1F5 IN PV2627","ADVANCE BC1F5 IN PV2627","BC1F5","65773","sgh1LiWHTKcwE"
"25ALM_BC1F3s1_2771","(IRAT204*2/SC1074)-B-5","FNXC","25ALM_BC1F3s1_1676","GMS_MN2024_MIN_13072_05","(IRAT204*2/SC1074)-B-5",42718,"sgh1L66QH0VUp","GMS_PGF2025_MIN_1676","(IRAT204*2/SC1074)-B-5-1","55540","sgh1LdvSw4nnu","GMS_MN2025_113034","(IRAT204*2/SC1074)-B-5-1-1","67210","sgh1LnUWIwL0f","NO_ISSUES_IDENTIFIED","Introgression_confirmed","ADVANCE BC1F5 IN PV2627","ADVANCE BC1F5 IN PV2627","BC1F5","67210","sgh1LnUWIwL0f"
"25ALM_BC1F3s1_0394","(IRAT204*2/SC1074)-B-4","FINJ","25ALM_BC1F3s1_1694","GMS_MN2024_MIN_13073_04","(IRAT204*2/SC1074)-B-4",42717,"sgh1LRU3cwkIf","GMS_PGF2025_MIN_1694","(IRAT204*2/SC1074)-B-4-1","54200","sgh1LfY1fdhaD","GMS_MN2025_231088","(IRAT204*2/SC1074)-B-4-1-1","65455","sgh1L2021TibY","NO_ISSUES_IDENTIFIED","Introgression_confirmed","ADVANCE BC1F5 IN PV2627","ADVANCE BC1F5 IN PV2627","BC1F5","65455","sgh1L2021TibY"
"25ALM_BC1F3s1_0689","(IRAT204*2/SC1074)-B-4","FRWX","25ALM_BC1F3s1_0087","GMS_PV2324_MIN_14029_04","(IRAT204*2/SC1074)-B-4",42717,"sgh1LLmC37WOv","GMS_PGF2025_MIN_0087","(IRAT204*2/SC1074)-B-4-1","54200","sgh1LrYd4RC5Z","GMS_MN2025_213084","(IRAT204*2/SC1074)-B-4-1-1","65455","sgh1LTRIX3S8b","NO_ISSUES_IDENTIFIED","Introgression_confirmed","ADVANCE BC1F5 IN PV2627","ADVANCE BC1F5 IN PV2627","BC1F5","65455","sgh1LTRIX3S8b"
"25ALM_BC1F3s1_2891","(IRAT204*2/SC1074)-B-3","FAEN","25ALM_BC1F3s1_1674","GMS_MN2024_MIN_13072_03","(IRAT204*2/SC1074)-B-3",42716,"sgh1L908QxWTd","GMS_PGF2025_MIN_1674","(IRAT204*2/SC1074)-B-3-1","55539","sgh1L2VFsuMDN",NA,NA,NA,NA,"NO_ISSUES_IDENTIFIED","Introgression_confirmed","ADVANCE BC1F4 IN PGF","ADVANCE BC1F4 IN PGF","BC1F4","55539","sgh1L2VFsuMDN"
"25ALM_BC1F3s1_1981","(IRAT204*2/SC1074)-B-2","FNMB","25ALM_BC1F3s1_1692","GMS_MN2024_MIN_13073_02","(IRAT204*2/SC1074)-B-2",42715,"sgh1Ljb98wW5u","GMS_PGF2025_MIN_1692","(IRAT204*2/SC1074)-B-2-1","54199","sgh1LnsYUhUff",NA,NA,NA,NA,"NOT_HARVESTED_MN2025","Introgression_confirmed","ADVANCE BC1F4 IN PGF","ADVANCE BC1F4 IN PGF","BC1F4","54199","sgh1LnsYUhUff"
"25ALM_BC1F3s1_1900","(IRAT204*2/SC1074)-B-18","FNVW","25ALM_BC1F3s1_1707","GMS_MN2024_MIN_13073_18","(IRAT204*2/SC1074)-B-18",48297,"sgh1LYJpwBkdT","GMS_PGF2025_MIN_1707","(IRAT204*2/SC1074)-B-18-1","55545","sgh1LPbfnefr9","GMS_MN2025_219098","(IRAT204*2/SC1074)-B-18-1-1","65577","sgh1L6PbCivGF","NO_ISSUES_IDENTIFIED","Introgression_confirmed","ADVANCE BC1F5 IN PV2627","ADVANCE BC1F5 IN PV2627","BC1F5","65577","sgh1L6PbCivGF"
"25ALM_BC1F3s1_2360","(IRAT204*2/SC1074)-B-15","FXJK","25ALM_BC1F3s1_0098","GMS_PV2324_MIN_14029_15","(IRAT204*2/SC1074)-B-15",42728,"sgh1LptpZe4el","GMS_PGF2025_MIN_0098","(IRAT204*2/SC1074)-B-15-1","54209","sgh1L71yFAl0n","GMS_MN2025_216082","(IRAT204*2/SC1074)-B-15-1-1","65513","sgh1L9WmqWtTP","NO_ISSUES_IDENTIFIED","Introgression_confirmed","ADVANCE BC1F5 IN PV2627","ADVANCE BC1F5 IN PV2627","BC1F5","65513","sgh1L9WmqWtTP"
"25ALM_BC1F3s1_0910","(IRAT204*2/SC1074)-B-14","FECG","25ALM_BC1F3s1_1685","GMS_MN2024_MIN_13072_14","(IRAT204*2/SC1074)-B-14",42727,"sgh1LJUaiLkCV","GMS_PGF2025_MIN_1685","(IRAT204*2/SC1074)-B-14-1","54208","sgh1LbcsgHtWV","GMS_MN2025_130029","(IRAT204*2/SC1074)-B-14-1-1","67661","sgh1Liut9zGiB","NO_ISSUES_IDENTIFIED","Introgression_confirmed","ADVANCE BC1F5 IN PV2627","ADVANCE BC1F5 IN PV2627","BC1F5","67661","sgh1Liut9zGiB"
"25ALM_BC1F3s1_2111","(IRAT204*2/SC1074)-B-14","FXMG","25ALM_BC1F3s1_0097","GMS_PV2324_MIN_14029_14","(IRAT204*2/SC1074)-B-14",42727,"sgh1LVzi4Yk44","GMS_PGF2025_MIN_0097","(IRAT204*2/SC1074)-B-14-1","54208","sgh1LKuNcInO3","GMS_MN2025_135021","(IRAT204*2/SC1074)-B-14-1-1","67661","sgh1L4PbtDslM","NO_ISSUES_IDENTIFIED","Introgression_confirmed","ADVANCE BC1F5 IN PV2627","ADVANCE BC1F5 IN PV2627","BC1F5","67661","sgh1L4PbtDslM"
"25ALM_BC1F3s1_1976","(IRAT204*2/SC1074)-B-13","FTRZ","25ALM_BC1F3s1_1684","GMS_MN2024_MIN_13072_13","(IRAT204*2/SC1074)-B-13",42726,"sgh1LypDzHmyM","GMS_PGF2025_MIN_1684","(IRAT204*2/SC1074)-B-13-1","54207","sgh1LTserrIJP","GMS_MN2025_215088","(IRAT204*2/SC1074)-B-13-1-1","65499","sgh1LxgJKqSB8","NO_ISSUES_IDENTIFIED","Introgression_confirmed","ADVANCE BC1F5 IN PV2627","ADVANCE BC1F5 IN PV2627","BC1F5","65499","sgh1LxgJKqSB8"
"25ALM_BC1F3s1_0175","(IRAT204*2/SC1074)-B-12","FEQT","25ALM_BC1F3s1_0095","GMS_PV2324_MIN_14029_12","(IRAT204*2/SC1074)-B-12",42725,"sgh1LMTOGu7Aq","GMS_PGF2025_MIN_0095","(IRAT204*2/SC1074)-B-12-1","54206","sgh1LXg4y9K1A","GMS_MN2025_106011","(IRAT204*2/SC1074)-B-12-1-1","67861","sgh1LP70e8HbO","NO_ISSUES_IDENTIFIED","Introgression_confirmed","ADVANCE BC1F5 IN PV2627","ADVANCE BC1F5 IN PV2627","BC1F5","67861","sgh1LP70e8HbO"
"25ALM_BC1F3s1_1566","(IRAT204*2/SC1074)-B-10","FUSY","25ALM_BC1F3s1_0093","GMS_PV2324_MIN_14029_10","(IRAT204*2/SC1074)-B-10",42723,"sgh1LPr2Mx4eA","GMS_PGF2025_MIN_0093","(IRAT204*2/SC1074)-B-10-1","54204","sgh1LeSjX1lRA","GMS_MN2025_123038","(IRAT204*2/SC1074)-B-10-1-1","67489","sgh1L5uD22Uni","NO_ISSUES_IDENTIFIED","Introgression_confirmed","ADVANCE BC1F5 IN PV2627","ADVANCE BC1F5 IN PV2627","BC1F5","67489","sgh1L5uD22Uni"
"25ALM_BC1F3s1_0142","(IRAT204*2/SC1074)-B-1","FBMH","25ALM_BC1F3s1_0084","GMS_PV2324_MIN_14029_01","(IRAT204*2/SC1074)-B-1",42714,"sgh1LdUhx6Tgm","GMS_PGF2025_MIN_0084","(IRAT204*2/SC1074)-B-1-1","54198","sgh1LRnjjjRqm","GMS_MN2025_214092","(IRAT204*2/SC1074)-B-1-1-1","65478","sgh1LEDKNARnR","NO_ISSUES_IDENTIFIED","Introgression_confirmed","ADVANCE BC1F5 IN PV2627","ADVANCE BC1F5 IN PV2627","BC1F5","65478","sgh1LEDKNARnR"
"25ALM_BC1F3s1_0928","(IRAT204*2/SC1074)-B-1","FFSK","25ALM_BC1F3s1_1672","GMS_MN2024_MIN_13072_01","(IRAT204*2/SC1074)-B-1",42714,"sgh1L8vT6eSlV","GMS_PGF2025_MIN_1672","(IRAT204*2/SC1074)-B-1-1","54198","sgh1LoaNM3sAL","GMS_MN2025_114021","(IRAT204*2/SC1074)-B-1-1-1","65478","sgh1LJEM1lViF","NO_ISSUES_IDENTIFIED","Introgression_confirmed","ADVANCE BC1F5 IN PV2627","ADVANCE BC1F5 IN PV2627","BC1F5","65478","sgh1LJEM1lViF"
"25ALM_BC1F3s1_0056","(IRAT204*2/SC1019)-B-9","FQFM","25ALM_BC1F3s1_0622","GMS_PV2324_MIN_15018_09","(IRAT204*2/SC1019)-B-9",43358,"sgh1L1OJ9euib","GMS_PGF2025_MIN_0622","(IRAT204*2/SC1019)-B-9-1","54663","sgh1LywC2TCnw","GMS_MN2025_228096","(IRAT204*2/SC1019)-B-9-1-1","65763","sgh1LRtf0alKC","NO_ISSUES_IDENTIFIED","Introgression_confirmed","ADVANCE BC1F5 IN PV2627","ADVANCE BC1F5 IN PV2627","BC1F5","65763","sgh1LRtf0alKC"
"25ALM_BC1F3s1_1717","(IRAT204*2/SC1019)-B-8","FCIQ","25ALM_BC1F3s1_0621","GMS_PV2324_MIN_15018_08","(IRAT204*2/SC1019)-B-8",43357,"sgh1LkOOgOlYq","GMS_PGF2025_MIN_0621","(IRAT204*2/SC1019)-B-8-1","54662","sgh1LVNm8ETkC","GMS_MN2025_213102","(IRAT204*2/SC1019)-B-8-1-1","65440","sgh1Lp0hFzFF3","NO_ISSUES_IDENTIFIED","Introgression_confirmed","ADVANCE BC1F5 IN PV2627","ADVANCE BC1F5 IN PV2627","BC1F5","65440","sgh1Lp0hFzFF3"
"25ALM_BC1F3s1_0839","(IRAT204*2/SC1019)-B-7","FBMK","25ALM_BC1F3s1_0620","GMS_PV2324_MIN_15018_07","(IRAT204*2/SC1019)-B-7",43356,"sgh1L8R8X2c07","GMS_PGF2025_MIN_0620","(IRAT204*2/SC1019)-B-7-1","54661","sgh1LPq7E72Mk","GMS_MN2025_231093","(IRAT204*2/SC1019)-B-7-1-1","65817","sgh1L6UJ7qChx","NO_ISSUES_IDENTIFIED","Introgression_confirmed","ADVANCE BC1F5 IN PV2627","ADVANCE BC1F5 IN PV2627","BC1F5","65817","sgh1L6UJ7qChx"
"25ALM_BC1F3s1_0858","(IRAT204*2/SC1019)-B-5","FYDF","25ALM_BC1F3s1_0618","GMS_PV2324_MIN_15018_05","(IRAT204*2/SC1019)-B-5",43354,"sgh1L6ovdgCZe","GMS_PGF2025_MIN_0618","(IRAT204*2/SC1019)-B-5-1","54659","sgh1LruhXbFBI","GMS_MN2025_112032","(IRAT204*2/SC1019)-B-5-1-1","67178","sgh1LvRig63J1","NO_ISSUES_IDENTIFIED","Introgression_confirmed","ADVANCE BC1F5 IN PV2627","ADVANCE BC1F5 IN PV2627","BC1F5","67178","sgh1LvRig63J1"
"25ALM_BC1F3s1_0595","(IRAT204*2/SC1019)-B-4","FTXR","25ALM_BC1F3s1_0617","GMS_PV2324_MIN_15018_04","(IRAT204*2/SC1019)-B-4",43353,"sgh1LEzkXChcD","GMS_PGF2025_MIN_0617","(IRAT204*2/SC1019)-B-4-1","54658","sgh1LcaDRDXKe","GMS_MN2025_231089","(IRAT204*2/SC1019)-B-4-1-1","65819","sgh1L88NQ7sBu","NO_ISSUES_IDENTIFIED","Introgression_confirmed","ADVANCE BC1F5 IN PV2627","ADVANCE BC1F5 IN PV2627","BC1F5","65819","sgh1L88NQ7sBu"
"25ALM_BC1F3s1_2719","(IRAT204*2/SC1019)-B-3","FHYX","25ALM_BC1F3s1_0616","GMS_PV2324_MIN_15018_03","(IRAT204*2/SC1019)-B-3",43352,"sgh1LeBSRB1C5","GMS_PGF2025_MIN_0616","(IRAT204*2/SC1019)-B-3-1","54657","sgh1LBwjkcuLe","GMS_MN2025_112035","(IRAT204*2/SC1019)-B-3-1-1","67180","sgh1LkghfEJAA","NO_ISSUES_IDENTIFIED","Introgression_confirmed","ADVANCE BC1F5 IN PV2627","ADVANCE BC1F5 IN PV2627","BC1F5","67180","sgh1LkghfEJAA"
"25ALM_BC1F3s1_1382","(IRAT204*2/SC1019)-B-2","FAYQ","25ALM_BC1F3s1_0615","GMS_PV2324_MIN_15018_02","(IRAT204*2/SC1019)-B-2",43351,"sgh1LJvdX3iMB","GMS_PGF2025_MIN_0615","(IRAT204*2/SC1019)-B-2-1","54656","sgh1LWpQ7ytwE","GMS_MN2025_223101","(IRAT204*2/SC1019)-B-2-1-1","65666","sgh1LotRAREMF","NO_ISSUES_IDENTIFIED","Introgression_confirmed","ADVANCE BC1F5 IN PV2627","ADVANCE BC1F5 IN PV2627","BC1F5","65666","sgh1LotRAREMF"
"25ALM_BC1F3s1_1770","(IRAT204*2/SC1019)-B-15","FRUB","25ALM_BC1F3s1_0628","GMS_PV2324_MIN_15018_15","(IRAT204*2/SC1019)-B-15",43364,"sgh1LtVxST68f","GMS_PGF2025_MIN_0628","(IRAT204*2/SC1019)-B-15-1","54669","sgh1L0eV6FJBy","GMS_MN2025_131021","(IRAT204*2/SC1019)-B-15-1-1","67681","sgh1LGK9qbQ7o","NO_ISSUES_IDENTIFIED","Introgression_confirmed","ADVANCE BC1F5 IN PV2627","ADVANCE BC1F5 IN PV2627","BC1F5","67681","sgh1LGK9qbQ7o"
"25ALM_BC1F3s1_2258","(IRAT204*2/SC1019)-B-14","FTFA","25ALM_BC1F3s1_0627","GMS_PV2324_MIN_15018_14","(IRAT204*2/SC1019)-B-14",43363,"sgh1LS53kYJJP","GMS_PGF2025_MIN_0627","(IRAT204*2/SC1019)-B-14-1","54668","sgh1LzTj7iwDq",NA,NA,NA,NA,"NOT_HARVESTED_MN2025","Introgression_confirmed","ADVANCE BC1F4 IN PV2627","ADVANCE BC1F4 IN PV2627","BC1F4","54668","sgh1LzTj7iwDq"
"25ALM_BC1F3s1_0927","(IRAT204*2/SC1019)-B-13","FJAG","25ALM_BC1F3s1_0626","GMS_PV2324_MIN_15018_13","(IRAT204*2/SC1019)-B-13",43362,"sgh1LFj00Ogdr","GMS_PGF2025_MIN_0626","(IRAT204*2/SC1019)-B-13-1","54667","sgh1LTFcNPhlX","GMS_MN2025_134030","(IRAT204*2/SC1019)-B-13-1-1","67769","sgh1LiAzI0WsD","NO_ISSUES_IDENTIFIED","Introgression_confirmed","ADVANCE BC1F5 IN PV2627","ADVANCE BC1F5 IN PV2627","BC1F5","67769","sgh1LiAzI0WsD"
"25ALM_BC1F3s1_0326","(IRAT204*2/SC1019)-B-12","FSZG","25ALM_BC1F3s1_0625","GMS_PV2324_MIN_15018_12","(IRAT204*2/SC1019)-B-12",43361,"sgh1LsRKGY7xN","GMS_PGF2025_MIN_0625","(IRAT204*2/SC1019)-B-12-1","54666","sgh1LGCMX08ov","GMS_MN2025_137014","(IRAT204*2/SC1019)-B-12-1-1","67831","sgh1LjrmEAwb4","NO_ISSUES_IDENTIFIED","Introgression_confirmed","ADVANCE BC1F5 IN PV2627","ADVANCE BC1F5 IN PV2627","BC1F5","67831","sgh1LjrmEAwb4"
"25ALM_BC1F3s1_0062","(IRAT204*2/SC1019)-B-10","FJDQ","25ALM_BC1F3s1_0623","GMS_PV2324_MIN_15018_10","(IRAT204*2/SC1019)-B-10",43359,"sgh1LkwQuIWZO","GMS_PGF2025_MIN_0623","(IRAT204*2/SC1019)-B-10-1","54664","sgh1Lzyq6t0xJ","GMS_MN2025_133040","(IRAT204*2/SC1019)-B-10-1-1","67748","sgh1LTWeS7txS","NO_ISSUES_IDENTIFIED","Introgression_confirmed","ADVANCE BC1F5 IN PV2627","ADVANCE BC1F5 IN PV2627","BC1F5","67748","sgh1LTWeS7txS"
"25ALM_BC1F3s1_2722","(IRAT204*2/SC1019)-B-1","FQWG","25ALM_BC1F3s1_0614","GMS_PV2324_MIN_15018_01","(IRAT204*2/SC1019)-B-1",43350,"sgh1LfVBlO8Mg","GMS_PGF2025_MIN_0614","(IRAT204*2/SC1019)-B-1-1","54655","sgh1LVFu852BN",NA,NA,NA,NA,"NOT_HARVESTED_MN2025","Introgression_confirmed","ADVANCE BC1F4 IN PGF","ADVANCE BC1F4 IN PGF","BC1F4","54655","sgh1LVFu852BN"
"25ALM_BC1F3s1_0290","(IRAT204*2/SC170-6-17)-B-9","FMVF","25ALM_BC1F3s1_0195","GMS_PV2324_MIN_14036_09","(IRAT204*2/SC170-6-17)-B-9",42827,"sgh1LPnCJLHUs","GMS_PGF2025_MIN_0195","(IRAT204*2/SC170-6-17)-B-9-1","54296","sgh1L4ncJSapv","GMS_MN2025_210093","(IRAT204*2/SC170-6-17)-B-9-1-1","65388","sgh1LNaGwjmdK","NO_ISSUES_IDENTIFIED","Introgression_confirmed","ADVANCE BC1F5 IN PV2627","ADVANCE BC1F5 IN PV2627","BC1F5","65388","sgh1LNaGwjmdK"
"25ALM_BC1F3s1_1971","(IRAT204*2/SC170-6-17)-B-8","FXGY","25ALM_BC1F3s1_0194","GMS_PV2324_MIN_14036_08","(IRAT204*2/SC170-6-17)-B-8",42826,"sgh1LzkiHKfA7","GMS_PGF2025_MIN_0194","(IRAT204*2/SC170-6-17)-B-8-1","54295","sgh1L5v0sLUsC","GMS_MN2025_124038","(IRAT204*2/SC170-6-17)-B-8-1-1","67515","sgh1Ln1wzRHlK","NO_ISSUES_IDENTIFIED","Introgression_confirmed","ADVANCE BC1F5 IN PV2627","ADVANCE BC1F5 IN PV2627","BC1F5","67515","sgh1Ln1wzRHlK"
"25ALM_BC1F3s1_0292","(IRAT204*2/SC170-6-17)-B-7","FMMX","25ALM_BC1F3s1_0193","GMS_PV2324_MIN_14036_07","(IRAT204*2/SC170-6-17)-B-7",42825,"sgh1L7D4aJUM7","GMS_PGF2025_MIN_0193","(IRAT204*2/SC170-6-17)-B-7-1","54294","sgh1LAdAqMMsM","GMS_MN2025_110079","(IRAT204*2/SC170-6-17)-B-7-1-1","65376","sgh1LbBFvSjQD","NO_ISSUES_IDENTIFIED","Introgression_confirmed","ADVANCE BC1F5 IN PV2627","ADVANCE BC1F5 IN PV2627","BC1F5","65376","sgh1LbBFvSjQD"
"25ALM_BC1F3s1_1432","(IRAT204*2/SC170-6-17)-B-5","FOJN","25ALM_BC1F3s1_0191","GMS_PV2324_MIN_14036_05","(IRAT204*2/SC170-6-17)-B-5",42823,"sgh1LzVtsiFU8","GMS_PGF2025_MIN_0191","(IRAT204*2/SC170-6-17)-B-5-1","54292","sgh1L8ScRMdy5",NA,NA,NA,NA,"NOT_HARVESTED_MN2025","Introgression_confirmed","ADVANCE BC1F4 IN PV2627","ADVANCE BC1F4 IN PV2627","BC1F4","54292","sgh1L8ScRMdy5"
"25ALM_BC1F3s1_1492","(IRAT204*2/SC170-6-17)-B-4","FPCQ","25ALM_BC1F3s1_0190","GMS_PV2324_MIN_14036_04","(IRAT204*2/SC170-6-17)-B-4",42822,"sgh1LOrr4I9XS","GMS_PGF2025_MIN_0190","(IRAT204*2/SC170-6-17)-B-4-1","54291","sgh1LEuxuz0rH",NA,NA,NA,NA,"NO_ISSUES_IDENTIFIED","Introgression_confirmed","ADVANCE BC1F4 IN PGF","ADVANCE BC1F4 IN PGF","BC1F4","54291","sgh1LEuxuz0rH"
"25ALM_BC1F3s1_2191","(IRAT204*2/SC170-6-17)-B-3","FRHX","25ALM_BC1F3s1_0189","GMS_PV2324_MIN_14036_03","(IRAT204*2/SC170-6-17)-B-3",42821,"sgh1Lvhw5HKC6","GMS_PGF2025_MIN_0189","(IRAT204*2/SC170-6-17)-B-3-1","54290","sgh1L7YVy48Wf","GMS_MN2025_128010","(IRAT204*2/SC170-6-17)-B-3-1-1","67588","sgh1LarqfEULq","NO_ISSUES_IDENTIFIED","Introgression_confirmed","ADVANCE BC1F5 IN PV2627","ADVANCE BC1F5 IN PV2627","BC1F5","67588","sgh1LarqfEULq"
"25ALM_BC1F3s1_2463","(IRAT204*2/SC170-6-17)-B-2","FZJL","25ALM_BC1F3s1_0188","GMS_PV2324_MIN_14036_02","(IRAT204*2/SC170-6-17)-B-2",42820,"sgh1LIcQoNtyC","GMS_PGF2025_MIN_0188","(IRAT204*2/SC170-6-17)-B-2-1","54289","sgh1LmlulFome",NA,NA,NA,NA,"NOT_HARVESTED_MN2025","Introgression_confirmed","ADVANCE BC1F4 IN PV2627","ADVANCE BC1F4 IN PV2627","BC1F4","54289","sgh1LmlulFome"
"25ALM_BC1F3s1_0509","(IRAT204*2/SC170-6-17)-B-15","FZSU","25ALM_BC1F3s1_0201","GMS_PV2324_MIN_14036_15","(IRAT204*2/SC170-6-17)-B-15",42833,"sgh1LldNEy4su","GMS_PGF2025_MIN_0201","(IRAT204*2/SC170-6-17)-B-15-1","54302","sgh1LZHlFWGQ6",NA,NA,NA,NA,"NO_ISSUES_IDENTIFIED","Introgression_confirmed","ADVANCE BC1F4 IN PGF","ADVANCE BC1F4 IN PGF","BC1F4","54302","sgh1LZHlFWGQ6"
"25ALM_BC1F3s1_1091","(IRAT204*2/SC170-6-17)-B-14","FQHU","25ALM_BC1F3s1_0200","GMS_PV2324_MIN_14036_14","(IRAT204*2/SC170-6-17)-B-14",42832,"sgh1LoVdGNMTQ","GMS_PGF2025_MIN_0200","(IRAT204*2/SC170-6-17)-B-14-1","54301","sgh1LoIzNC9ST","GMS_MN2025_124079","(IRAT204*2/SC170-6-17)-B-14-1-1","65687","sgh1LeqWkGogN","NO_ISSUES_IDENTIFIED","Introgression_confirmed","ADVANCE BC1F5 IN PV2627","ADVANCE BC1F5 IN PV2627","BC1F5","65687","sgh1LeqWkGogN"
"25ALM_BC1F3s1_2758","(IRAT204*2/SC170-6-17)-B-13","FHCR","25ALM_BC1F3s1_0199","GMS_PV2324_MIN_14036_13","(IRAT204*2/SC170-6-17)-B-13",42831,"sgh1LvjmYyNlH","GMS_PGF2025_MIN_0199","(IRAT204*2/SC170-6-17)-B-13-1","54300","sgh1LCNW206dw","GMS_MN2025_122034","(IRAT204*2/SC170-6-17)-B-13-1-1","67457","sgh1L8xAS9mS9","NO_ISSUES_IDENTIFIED","Introgression_confirmed","ADVANCE BC1F5 IN PV2627","ADVANCE BC1F5 IN PV2627","BC1F5","67457","sgh1L8xAS9mS9"
"25ALM_BC1F3s1_1137","(IRAT204*2/SC170-6-17)-B-12","FZRY","25ALM_BC1F3s1_0198","GMS_PV2324_MIN_14036_12","(IRAT204*2/SC170-6-17)-B-12",42830,"sgh1LOxmcu6pQ","GMS_PGF2025_MIN_0198","(IRAT204*2/SC170-6-17)-B-12-1","54299","sgh1LPbAq716i","GMS_MN2025_138033","(IRAT204*2/SC170-6-17)-B-12-1-1","67870","sgh1LumGZFNcN","NO_ISSUES_IDENTIFIED","Introgression_confirmed","ADVANCE BC1F5 IN PV2627","ADVANCE BC1F5 IN PV2627","BC1F5","67870","sgh1LumGZFNcN"
"25ALM_BC1F3s1_0492","(IRAT204*2/SC170-6-17)-B-11","FOBU","25ALM_BC1F3s1_0197","GMS_PV2324_MIN_14036_11","(IRAT204*2/SC170-6-17)-B-11",42829,"sgh1LLxGL2Aqx","GMS_PGF2025_MIN_0197","(IRAT204*2/SC170-6-17)-B-11-1","54298","sgh1LSRCDxGVH","GMS_MN2025_127020","(IRAT204*2/SC170-6-17)-B-11-1-1","67570","sgh1LRjNr7ubJ","NO_ISSUES_IDENTIFIED","Introgression_confirmed","ADVANCE BC1F5 IN PV2627","ADVANCE BC1F5 IN PV2627","BC1F5","67570","sgh1LRjNr7ubJ"
"25ALM_BC1F3s1_0039","(IRAT204*2/SC170-6-17)-B-1","FKRA","25ALM_BC1F3s1_0187","GMS_PV2324_MIN_14036_01","(IRAT204*2/SC170-6-17)-B-1",42819,"sgh1LUkBDE1BY","GMS_PGF2025_MIN_0187","(IRAT204*2/SC170-6-17)-B-1-1","54288","sgh1LpkXyXzkF","GMS_MN2025_129037","(IRAT204*2/SC170-6-17)-B-1-1-1","67636","sgh1Lu7iKnHBg","NO_ISSUES_IDENTIFIED","Introgression_confirmed","ADVANCE BC1F5 IN PV2627","ADVANCE BC1F5 IN PV2627","BC1F5","67636","sgh1Lu7iKnHBg"
"25ALM_BC1F3s1_0721","(IRAT204*2/P9517)-B-9","FOTO","25ALM_BC1F3s1_0150","GMS_PV2324_MIN_14033_09","(IRAT204*2/P9517)-B-9",42782,"sgh1LwpRRtGZX","GMS_PGF2025_MIN_0150","(IRAT204*2/P9517)-B-9-1","54255","sgh1LTvQt316Q","GMS_MN2025_217096","(IRAT204*2/P9517)-B-9-1-1","65536","sgh1Lz7bUsfQ7","NO_ISSUES_IDENTIFIED","Introgression_confirmed","ADVANCE BC1F5 IN PV2627","ADVANCE BC1F5 IN PV2627","BC1F5","65536","sgh1Lz7bUsfQ7"
"25ALM_BC1F3s1_1637","(IRAT204*2/P9517)-B-8","FNLI","25ALM_BC1F3s1_0149","GMS_PV2324_MIN_14033_08","(IRAT204*2/P9517)-B-8",42781,"sgh1LH6rXIXX9","GMS_PGF2025_MIN_0149","(IRAT204*2/P9517)-B-8-1","54254","sgh1LKUvAkRa6","GMS_MN2025_132018","(IRAT204*2/P9517)-B-8-1-1","67704","sgh1LreS7nGdx","NO_ISSUES_IDENTIFIED","Introgression_confirmed","ADVANCE BC1F5 IN PV2627","ADVANCE BC1F5 IN PV2627","BC1F5","67704","sgh1LreS7nGdx"
"25ALM_BC1F3s1_1230","(IRAT204*2/P9517)-B-6","FRAK","25ALM_BC1F3s1_0147","GMS_PV2324_MIN_14033_06","(IRAT204*2/P9517)-B-6",42779,"sgh1Li0kxt45E","GMS_PGF2025_MIN_0147","(IRAT204*2/P9517)-B-6-1","54253","sgh1L3VJezsEK","GMS_MN2025_111021","(IRAT204*2/P9517)-B-6-1-1","67140","sgh1Lf7h9c3TR","NO_ISSUES_IDENTIFIED","Introgression_confirmed","ADVANCE BC1F5 IN PV2627","ADVANCE BC1F5 IN PV2627","BC1F5","67140","sgh1Lf7h9c3TR"
"25ALM_BC1F3s1_0977","(IRAT204*2/P9517)-B-5","FSGB","25ALM_BC1F3s1_0146","GMS_PV2324_MIN_14033_05","(IRAT204*2/P9517)-B-5",42778,"sgh1Lyb4ZrD4w","GMS_PGF2025_MIN_0146","(IRAT204*2/P9517)-B-5-1","54252","sgh1LPPmPEIOs","GMS_MN2025_112076","(IRAT204*2/P9517)-B-5-1-1","65418","sgh1L9b4om2rw","NO_ISSUES_IDENTIFIED","Introgression_confirmed","ADVANCE BC1F5 IN PV2627","ADVANCE BC1F5 IN PV2627","BC1F5","65418","sgh1L9b4om2rw"
"25ALM_BC1F3s1_0870","(IRAT204*2/P9517)-B-4","FRWD","25ALM_BC1F3s1_0145","GMS_PV2324_MIN_14033_04","(IRAT204*2/P9517)-B-4",42777,"sgh1LizwjOhgG","GMS_PGF2025_MIN_0145","(IRAT204*2/P9517)-B-4-1","54251","sgh1LZdVPRA9G","GMS_MN2025_119031","(IRAT204*2/P9517)-B-4-1-1","67366","sgh1LDMqbmcsF","NO_ISSUES_IDENTIFIED","Introgression_confirmed","ADVANCE BC1F5 IN PV2627","ADVANCE BC1F5 IN PV2627","BC1F5","67366","sgh1LDMqbmcsF"
"25ALM_BC1F3s1_0169","(IRAT204*2/P9517)-B-2","FDAR","25ALM_BC1F3s1_0143","GMS_PV2324_MIN_14033_02","(IRAT204*2/P9517)-B-2",42775,"sgh1LIB3NB6oU","GMS_PGF2025_MIN_0143","(IRAT204*2/P9517)-B-2-1","54249","sgh1L1VPT4wNQ","GMS_MN2025_229103","(IRAT204*2/P9517)-B-2-1-1","65770","sgh1LgksLhmSm","NO_ISSUES_IDENTIFIED","Introgression_confirmed","ADVANCE BC1F5 IN PV2627","ADVANCE BC1F5 IN PV2627","BC1F5","65770","sgh1LgksLhmSm"
"25ALM_BC1F3s1_1181","(IRAT204*2/P9517)-B-15","FHMU","25ALM_BC1F3s1_0156","GMS_PV2324_MIN_14033_15","(IRAT204*2/P9517)-B-15",42788,"sgh1LX2hL860H","GMS_PGF2025_MIN_0156","(IRAT204*2/P9517)-B-15-1","54260","sgh1Ls1g4prZm","GMS_MN2025_114006","(IRAT204*2/P9517)-B-15-1-1","67217","sgh1LvtUJ3hyI","NO_ISSUES_IDENTIFIED","Introgression_confirmed","ADVANCE BC1F5 IN PV2627","ADVANCE BC1F5 IN PV2627","BC1F5","67217","sgh1LvtUJ3hyI"
"25ALM_BC1F3s1_1700","(IRAT204*2/P9517)-B-14","FBVS","25ALM_BC1F3s1_0155","GMS_PV2324_MIN_14033_14","(IRAT204*2/P9517)-B-14",42787,"sgh1LgLzvor0A","GMS_PGF2025_MIN_0155","(IRAT204*2/P9517)-B-14-1","54259","sgh1Luj2mf10R","GMS_MN2025_105023","(IRAT204*2/P9517)-B-14-1-1","67668","sgh1LrEeDUoer","BC1F3:KNOWN_BMS_LOT_CLOSE","Introgression_confirmed","ADVANCE BC1F5 IN PV2627","ADVANCE BC1F5 IN PV2627","BC1F5","67668","sgh1LrEeDUoer"
"25ALM_BC1F3s1_0901","(IRAT204*2/P9517)-B-13","FPSX","25ALM_BC1F3s1_0154","GMS_PV2324_MIN_14033_13","(IRAT204*2/P9517)-B-13",42786,"sgh1LrfUg4knG","GMS_PGF2025_MIN_0154","(IRAT204*2/P9517)-B-13-1","54258","sgh1LVada2ITW","GMS_MN2025_114030","(IRAT204*2/P9517)-B-13-1-1","67236","sgh1LhjvhEAI9","NO_ISSUES_IDENTIFIED","Introgression_confirmed","ADVANCE BC1F5 IN PV2627","ADVANCE BC1F5 IN PV2627","BC1F5","67236","sgh1LhjvhEAI9"
"25ALM_BC1F3s1_0640","(IRAT204*2/P9517)-B-12","FSQS","25ALM_BC1F3s1_0153","GMS_PV2324_MIN_14033_12","(IRAT204*2/P9517)-B-12",42785,"sgh1LqiGWWrAh","GMS_PGF2025_MIN_0153","(IRAT204*2/P9517)-B-12-1","54257","sgh1L2yyZOUce","GMS_MN2025_214083","(IRAT204*2/P9517)-B-12-1-1","65470","sgh1LWorDVmo9","NO_ISSUES_IDENTIFIED","Introgression_confirmed","ADVANCE BC1F5 IN PV2627","ADVANCE BC1F5 IN PV2627","BC1F5","65470","sgh1LWorDVmo9"
"25ALM_BC1F3s1_1741","(IRAT204*2/P9517)-B-1","FPLR","25ALM_BC1F3s1_0142","GMS_PV2324_MIN_14033_01","(IRAT204*2/P9517)-B-1",42774,"sgh1LW7XFop90","GMS_PGF2025_MIN_0142","(IRAT204*2/P9517)-B-1-1","54248","sgh1Lg9JfKhVR","GMS_MN2025_127015","(IRAT204*2/P9517)-B-1-1-1","67568","sgh1LCmS5J6zJ","NO_ISSUES_IDENTIFIED","Introgression_confirmed","ADVANCE BC1F5 IN PV2627","ADVANCE BC1F5 IN PV2627","BC1F5","67568","sgh1LCmS5J6zJ"
"25ALM_BC1F3s1_0521","(IRAT204*2/Soberano)-B-9","FLSD","25ALM_BC1F3s1_1574","GMS_MN2024_MIN_13066_09","(IRAT204*2/Soberano)-B-9",48628,"sgh1LkV64YeUA","GMS_PGF2025_MIN_1574","(IRAT204*2/Soberano)-B-9-1","55873","sgh1LOE8nfqFB","GMS_MN2025_215090","(IRAT204*2/Soberano)-B-9-1-1","65497","sgh1LoXXgAsVw","NO_ISSUES_IDENTIFIED","Introgression_confirmed","ADVANCE BC1F5 IN PV2627","ADVANCE BC1F5 IN PV2627","BC1F5","65497","sgh1LoXXgAsVw"
"25ALM_BC1F3s1_1545","(IRAT204*2/Soberano)-B-9","FRRN","25ALM_BC1F3s1_1558","GMS_MN2024_MIN_12084_09","(IRAT204*2/Soberano)-B-9",48628,"sgh1Lr25vZQAm","GMS_PGF2025_MIN_1558","(IRAT204*2/Soberano)-B-9-1","55873","sgh1LIDGwV5S5","GMS_MN2025_112013","(IRAT204*2/Soberano)-B-9-1-1","65497","sgh1LVBqRgC6h","NO_ISSUES_IDENTIFIED","Introgression_confirmed","ADVANCE BC1F5 IN PV2627","ADVANCE BC1F5 IN PV2627","BC1F5","65497","sgh1LVBqRgC6h"
"25ALM_BC1F3s1_0547","(IRAT204*2/Soberano)-B-8","FKGD","25ALM_BC1F3s1_1573","GMS_MN2024_MIN_13066_08","(IRAT204*2/Soberano)-B-8",48627,"sgh1L7wZ1SCRG","GMS_PGF2025_MIN_1573","(IRAT204*2/Soberano)-B-8-1","55875","sgh1LFZKnm8ik","GMS_MN2025_225090","(IRAT204*2/Soberano)-B-8-1-1","65708","sgh1LIW1PsVWY","NO_ISSUES_IDENTIFIED","Introgression_confirmed","ADVANCE BC1F5 IN PV2627","ADVANCE BC1F5 IN PV2627","BC1F5","65708","sgh1LIW1PsVWY"
"25ALM_BC1F3s1_2770","(IRAT204*2/Soberano)-B-8","FLER","25ALM_BC1F3s1_1590","GMS_MN2024_MIN_13067_08","(IRAT204*2/Soberano)-B-8",48627,"sgh1Lq89g01PU","GMS_PGF2025_MIN_1590","(IRAT204*2/Soberano)-B-8-1","55875","sgh1LX1nrgPTf","GMS_MN2025_107039","(IRAT204*2/Soberano)-B-8-1-1","65708","sgh1L2e2xuNDs","NO_ISSUES_IDENTIFIED","Introgression_confirmed","ADVANCE BC1F5 IN PV2627","ADVANCE BC1F5 IN PV2627","BC1F5","65708","sgh1L2e2xuNDs"
"25ALM_BC1F3s1_0458","(IRAT204*2/Soberano)-B-7","FPLF","25ALM_BC1F3s1_1572","GMS_MN2024_MIN_13066_07","(IRAT204*2/Soberano)-B-7",48243,"sgh1LUKNWmGIy","GMS_PGF2025_MIN_1572","(IRAT204*2/Soberano)-B-7-1","55489","sgh1LeZhc1oRX",NA,NA,NA,NA,"NOT_HARVESTED_MN2025","Introgression_confirmed","ADVANCE BC1F4 IN PGF","ADVANCE BC1F4 IN PGF","BC1F4","55489","sgh1LeZhc1oRX"
"25ALM_BC1F3s1_1504","(IRAT204*2/Soberano)-B-7","FYAJ","25ALM_BC1F3s1_1539","GMS_MN2024_MIN_12083_07","(IRAT204*2/Soberano)-B-7",48243,"sgh1LEuUW3GYV","GMS_PGF2025_MIN_1539","(IRAT204*2/Soberano)-B-7-1","55489","sgh1L9Srp20fM","GMS_MN2025_111022","(IRAT204*2/Soberano)-B-7-1-1","65744","sgh1LmwawWWJM","NO_ISSUES_IDENTIFIED","Introgression_confirmed","ADVANCE BC1F5 IN PV2627","ADVANCE BC1F5 IN PV2627","BC1F5","65744","sgh1LmwawWWJM"
"25ALM_BC1F3s1_0017","(IRAT204*2/Soberano)-B-6","FEPP","25ALM_BC1F3s1_1588","GMS_MN2024_MIN_13067_06","(IRAT204*2/Soberano)-B-6",48242,"sgh1LZ9zfuy0W","GMS_PGF2025_MIN_1588","(IRAT204*2/Soberano)-B-6-1","55488","sgh1L9ioVxFRW","GMS_MN2025_224090","(IRAT204*2/Soberano)-B-6-1-1","65496","sgh1LgWddbpaS","NO_ISSUES_IDENTIFIED","Introgression_confirmed","ADVANCE BC1F5 IN PV2627","ADVANCE BC1F5 IN PV2627","BC1F5","65496","sgh1LgWddbpaS"
"25ALM_BC1F3s1_0914","(IRAT204*2/Soberano)-B-6","FGET","25ALM_BC1F3s1_1571","GMS_MN2024_MIN_13066_06","(IRAT204*2/Soberano)-B-6",48242,"sgh1LmI1IRXft","GMS_PGF2025_MIN_1571","(IRAT204*2/Soberano)-B-6-1","55488","sgh1Lg3doUEB5","GMS_MN2025_215091","(IRAT204*2/Soberano)-B-6-1-1","65496","sgh1LL21CIoBJ","NO_ISSUES_IDENTIFIED","Introgression_confirmed","ADVANCE BC1F5 IN PV2627","ADVANCE BC1F5 IN PV2627","BC1F5","65496","sgh1LL21CIoBJ"
"25ALM_BC1F3s1_1139","(IRAT204*2/Soberano)-B-6","FXLD","25ALM_BC1F3s1_1538","GMS_MN2024_MIN_12083_06","(IRAT204*2/Soberano)-B-6",48242,"sgh1LkfjREPxu","GMS_PGF2025_MIN_1538","(IRAT204*2/Soberano)-B-6-1","55488","sgh1LQSquOU9i","GMS_MN2025_105008","(IRAT204*2/Soberano)-B-6-1-1","65496","sgh1LioqIV4Ut","NO_ISSUES_IDENTIFIED","Introgression_confirmed","ADVANCE BC1F5 IN PV2627","ADVANCE BC1F5 IN PV2627","BC1F5","65496","sgh1LioqIV4Ut"
"25ALM_BC1F3s1_2591","(IRAT204*2/Soberano)-B-5","FGBI","25ALM_BC1F3s1_1537","GMS_MN2024_MIN_12083_05","(IRAT204*2/Soberano)-B-5",48241,"sgh1LsywTNPbD","GMS_PGF2025_MIN_1537","(IRAT204*2/Soberano)-B-5-1","55487","sgh1LT7ltp1BI","GMS_MN2025_214089","(IRAT204*2/Soberano)-B-5-1-1","65476","sgh1Lus8MgCYZ","NO_ISSUES_IDENTIFIED","Introgression_confirmed","ADVANCE BC1F5 IN PV2627","ADVANCE BC1F5 IN PV2627","BC1F5","65476","sgh1Lus8MgCYZ"
"25ALM_BC1F3s1_2664","(IRAT204*2/Soberano)-B-5","FSOC","25ALM_BC1F3s1_1554","GMS_MN2024_MIN_12084_05","(IRAT204*2/Soberano)-B-5",48241,"sgh1LUEOW2fYy","GMS_PGF2025_MIN_1554","(IRAT204*2/Soberano)-B-5-1","55487","sgh1LNrdNxkjG","GMS_MN2025_217093","(IRAT204*2/Soberano)-B-5-1-1","65476","sgh1Ly6ejaImL","NO_ISSUES_IDENTIFIED","Introgression_confirmed","ADVANCE BC1F5 IN PV2627","ADVANCE BC1F5 IN PV2627","BC1F5","65476","sgh1Ly6ejaImL"
"25ALM_BC1F3s1_0320","(IRAT204*2/Soberano)-B-4","FPXW","25ALM_BC1F3s1_1536","GMS_MN2024_MIN_12083_04","(IRAT204*2/Soberano)-B-4",48240,"sgh1L7fyzl9sP","GMS_PGF2025_MIN_1536","(IRAT204*2/Soberano)-B-4-1","55486","sgh1LyPWwrIbz","GMS_MN2025_213100","(IRAT204*2/Soberano)-B-4-1-1","65442","sgh1L12qSzG4Q","NO_ISSUES_IDENTIFIED","Introgression_confirmed","ADVANCE BC1F5 IN PV2627","ADVANCE BC1F5 IN PV2627","BC1F5","65442","sgh1L12qSzG4Q"
"25ALM_BC1F3s1_1378","(IRAT204*2/Soberano)-B-4","FCGL","25ALM_BC1F3s1_1586","GMS_MN2024_MIN_13067_04","(IRAT204*2/Soberano)-B-4",48240,"sgh1LLl5ZsBtV","GMS_PGF2025_MIN_1586","(IRAT204*2/Soberano)-B-4-1","55486","sgh1LRi60ln0Z","GMS_MN2025_114025","(IRAT204*2/Soberano)-B-4-1-1","65442","sgh1LWpPDG2BQ","NO_ISSUES_IDENTIFIED","Introgression_confirmed","ADVANCE BC1F5 IN PV2627","ADVANCE BC1F5 IN PV2627","BC1F5","65442","sgh1LWpPDG2BQ"
"25ALM_BC1F3s1_1792","(IRAT204*2/Soberano)-B-4","FLSJ","25ALM_BC1F3s1_1553","GMS_MN2024_MIN_12084_04","(IRAT204*2/Soberano)-B-4",48240,"sgh1LR5kIkpDN","GMS_PGF2025_MIN_1553","(IRAT204*2/Soberano)-B-4-1","55486","sgh1L4zcXd32x","GMS_MN2025_125030","(IRAT204*2/Soberano)-B-4-1-1","65442","sgh1LUp2Qvimz","NO_ISSUES_IDENTIFIED","Introgression_confirmed","ADVANCE BC1F5 IN PV2627","ADVANCE BC1F5 IN PV2627","BC1F5","65442","sgh1LUp2Qvimz"
"25ALM_BC1F3s1_0874","(IRAT204*2/Soberano)-B-3","FQOH","25ALM_BC1F3s1_1585","GMS_MN2024_MIN_13067_03","(IRAT204*2/Soberano)-B-3",48239,"sgh1LQgVoGzxz","GMS_PGF2025_MIN_1585","(IRAT204*2/Soberano)-B-3-1","55485","sgh1LBSl6Ted0","GMS_MN2025_131034","(IRAT204*2/Soberano)-B-3-1-1","65596","sgh1LQuBWj2zl","NO_ISSUES_IDENTIFIED","Introgression_confirmed","ADVANCE BC1F5 IN PV2627","ADVANCE BC1F5 IN PV2627","BC1F5","65596","sgh1LQuBWj2zl"
"25ALM_BC1F3s1_2375","(IRAT204*2/Soberano)-B-3","FCRN","25ALM_BC1F3s1_1552","GMS_MN2024_MIN_12084_03","(IRAT204*2/Soberano)-B-3",48239,"sgh1Lp52VPilv","GMS_PGF2025_MIN_1552","(IRAT204*2/Soberano)-B-3-1","55485","sgh1LQ1Ze24LV","GMS_MN2025_119078","(IRAT204*2/Soberano)-B-3-1-1","65596","sgh1LNtrP8VfT","NO_ISSUES_IDENTIFIED","Introgression_confirmed","ADVANCE BC1F5 IN PV2627","ADVANCE BC1F5 IN PV2627","BC1F5","65596","sgh1LNtrP8VfT"
"25ALM_BC1F3s1_0368","(IRAT204*2/Soberano)-B-2","FUPN","25ALM_BC1F3s1_1584","GMS_MN2024_MIN_13067_02","(IRAT204*2/Soberano)-B-2",48238,"sgh1LOPeY5VI6","GMS_PGF2025_MIN_1584","(IRAT204*2/Soberano)-B-2-1","55484","sgh1L4rzJv3yC","GMS_MN2025_218093","(IRAT204*2/Soberano)-B-2-1-1","65563","sgh1Ly3krF4M4","NO_ISSUES_IDENTIFIED","Introgression_confirmed","ADVANCE BC1F5 IN PV2627","ADVANCE BC1F5 IN PV2627","BC1F5","65563","sgh1Ly3krF4M4"
"25ALM_BC1F3s1_1449","(IRAT204*2/Soberano)-B-2","FKPG","25ALM_BC1F3s1_1534","GMS_MN2024_MIN_12083_02","(IRAT204*2/Soberano)-B-2",48238,"sgh1L2DLhxnc4","GMS_PGF2025_MIN_1534","(IRAT204*2/Soberano)-B-2-1","55484","sgh1LfwBHSD1B","GMS_MN2025_130011","(IRAT204*2/Soberano)-B-2-1-1","65563","sgh1LpuCoUxOt","NO_ISSUES_IDENTIFIED","Introgression_confirmed","ADVANCE BC1F5 IN PV2627","ADVANCE BC1F5 IN PV2627","BC1F5","65563","sgh1LpuCoUxOt"
"25ALM_BC1F3s1_1520","(IRAT204*2/Soberano)-B-2","FNZY","25ALM_BC1F3s1_1551","GMS_MN2024_MIN_12084_02","(IRAT204*2/Soberano)-B-2",48238,"sgh1LEZPGazfc","GMS_PGF2025_MIN_1551","(IRAT204*2/Soberano)-B-2-1","55484","sgh1Lbw9FVpdc","GMS_MN2025_223090","(IRAT204*2/Soberano)-B-2-1-1","65563","sgh1LFn0Zz0c9","NO_ISSUES_IDENTIFIED","Introgression_confirmed","ADVANCE BC1F5 IN PV2627","ADVANCE BC1F5 IN PV2627","BC1F5","65563","sgh1LFn0Zz0c9"
"25ALM_BC1F3s1_2288","(IRAT204*2/Soberano)-B-2","FPWP","25ALM_BC1F3s1_1567","GMS_MN2024_MIN_13066_02","(IRAT204*2/Soberano)-B-2",48238,"sgh1LKhRkMw39","GMS_PGF2025_MIN_1567","(IRAT204*2/Soberano)-B-2-1","55484","sgh1LuOHGxDb2","GMS_MN2025_230090","(IRAT204*2/Soberano)-B-2-1-1","65563","sgh1Lnray5QGW","NO_ISSUES_IDENTIFIED","Introgression_confirmed","ADVANCE BC1F5 IN PV2627","ADVANCE BC1F5 IN PV2627","BC1F5","65563","sgh1Lnray5QGW"
"25ALM_BC1F3s1_0785","(IRAT204*2/Soberano)-B-18","FAOR","25ALM_BC1F3s1_1547","GMS_MN2024_MIN_12083_18","(IRAT204*2/Soberano)-B-18",48251,"sgh1LozfVWxwN","GMS_PGF2025_MIN_1547","(IRAT204*2/Soberano)-B-18-1","55496","sgh1LwNao1IlW","GMS_MN2025_117013","(IRAT204*2/Soberano)-B-18-1-1","65415","sgh1LVW4qYGEa","NO_ISSUES_IDENTIFIED","Introgression_confirmed","ADVANCE BC1F5 IN PV2627","ADVANCE BC1F5 IN PV2627","BC1F5","65415","sgh1LVW4qYGEa"
"25ALM_BC1F3s1_2203","(IRAT204*2/Soberano)-B-18","FUGQ","25ALM_BC1F3s1_1600","GMS_MN2024_MIN_13067_18","(IRAT204*2/Soberano)-B-18",48251,"sgh1LjCPPjXQ8","GMS_PGF2025_MIN_1600","(IRAT204*2/Soberano)-B-18-1","55496","sgh1LMXwuOSyF","GMS_MN2025_111079","(IRAT204*2/Soberano)-B-18-1-1","65415","sgh1LF93FRgmI","NO_ISSUES_IDENTIFIED","Introgression_confirmed","ADVANCE BC1F5 IN PV2627","ADVANCE BC1F5 IN PV2627","BC1F5","65415","sgh1LF93FRgmI"
"25ALM_BC1F3s1_1078","(IRAT204*2/Soberano)-B-17","FBFP","25ALM_BC1F3s1_1582","GMS_MN2024_MIN_13066_17","(IRAT204*2/Soberano)-B-17",48250,"sgh1LeCxIr9Yk","GMS_PGF2025_MIN_1582","(IRAT204*2/Soberano)-B-17-1","55495","sgh1LtNZk7UKw",NA,NA,NA,NA,"NOT_HARVESTED_MN2025","Introgression_confirmed","ADVANCE BC1F4 IN PV2627","ADVANCE BC1F4 IN PV2627","BC1F4","55495","sgh1LtNZk7UKw"
"25ALM_BC1F3s1_2482","(IRAT204*2/Soberano)-B-17","FXJG","25ALM_BC1F3s1_1599","GMS_MN2024_MIN_13067_17","(IRAT204*2/Soberano)-B-17",48250,"sgh1Lvmw8LxbI","GMS_PGF2025_MIN_1599","(IRAT204*2/Soberano)-B-17-1","55495","sgh1LORfCEN4U","GMS_MN2025_130015","(IRAT204*2/Soberano)-B-17-1-1","67648","sgh1LiQbfvcMd","NO_ISSUES_IDENTIFIED","Introgression_confirmed","ADVANCE BC1F5 IN PV2627","ADVANCE BC1F5 IN PV2627","BC1F5","67648","sgh1LiQbfvcMd"
"25ALM_BC1F3s1_0035","(IRAT204*2/Soberano)-B-16","FIQP","25ALM_BC1F3s1_1581","GMS_MN2024_MIN_13066_16","(IRAT204*2/Soberano)-B-16",48249,"sgh1LrYQGCBFL","GMS_PGF2025_MIN_1581","(IRAT204*2/Soberano)-B-16-1","55494","sgh1LuvcUyAkm","GMS_MN2025_120078","(IRAT204*2/Soberano)-B-16-1-1","65383","sgh1LmUjQFSXC","NO_ISSUES_IDENTIFIED","Introgression_confirmed","ADVANCE BC1F5 IN PV2627","ADVANCE BC1F5 IN PV2627","BC1F5","65383","sgh1LmUjQFSXC"
"25ALM_BC1F3s1_1675","(IRAT204*2/Soberano)-B-16","FWBQ","25ALM_BC1F3s1_1598","GMS_MN2024_MIN_13067_16","(IRAT204*2/Soberano)-B-16",48249,"sgh1LAxh5nT4t","GMS_PGF2025_MIN_1598","(IRAT204*2/Soberano)-B-16-1","55494","sgh1LC0Xt5qrs","GMS_MN2025_210088","(IRAT204*2/Soberano)-B-16-1-1","65383","sgh1LO3gondl3","NO_ISSUES_IDENTIFIED","Introgression_confirmed","ADVANCE BC1F5 IN PV2627","ADVANCE BC1F5 IN PV2627","BC1F5","65383","sgh1LO3gondl3"
"25ALM_BC1F3s1_0047","(IRAT204*2/Soberano)-B-15","FFJE","25ALM_BC1F3s1_1580","GMS_MN2024_MIN_13066_15","(IRAT204*2/Soberano)-B-15",48248,"sgh1LWA5P1Qr3","GMS_PGF2025_MIN_1580","(IRAT204*2/Soberano)-B-15-1","55493","sgh1LPpytM3Z6","GMS_MN2025_117008","(IRAT204*2/Soberano)-B-15-1-1","67300","sgh1LuCkgJwGa","NO_ISSUES_IDENTIFIED","Introgression_confirmed","ADVANCE BC1F5 IN PV2627","ADVANCE BC1F5 IN PV2627","BC1F5","67300","sgh1LuCkgJwGa"
"25ALM_BC1F3s1_0924","(IRAT204*2/Soberano)-B-14","FWEL","25ALM_BC1F3s1_1579","GMS_MN2024_MIN_13066_14","(IRAT204*2/Soberano)-B-14",48247,"sgh1LjWpqg4SW","GMS_PGF2025_MIN_1579","(IRAT204*2/Soberano)-B-14-1","55492","sgh1LENofWVZp","GMS_MN2025_105026","(IRAT204*2/Soberano)-B-14-1-1","67691","sgh1L2OfmYnnP","NO_ISSUES_IDENTIFIED","Introgression_confirmed","ADVANCE BC1F5 IN PV2627","ADVANCE BC1F5 IN PV2627","BC1F5","67691","sgh1L2OfmYnnP"
"25ALM_BC1F3s1_0072","(IRAT204*2/Soberano)-B-12","FJAX","25ALM_BC1F3s1_1541","GMS_MN2024_MIN_12083_12","(IRAT204*2/Soberano)-B-12",48245,"sgh1LGRU8PADZ","GMS_PGF2025_MIN_1541","(IRAT204*2/Soberano)-B-12-1","55491","sgh1Lr2mCHL9W",NA,NA,NA,NA,"NO_ISSUES_IDENTIFIED","Introgression_confirmed","ADVANCE BC1F4 IN PGF","ADVANCE BC1F4 IN PGF","BC1F4","55491","sgh1Lr2mCHL9W"
"25ALM_BC1F3s1_1864","(IRAT204*2/Soberano)-B-12","FNGD","25ALM_BC1F3s1_1577","GMS_MN2024_MIN_13066_12","(IRAT204*2/Soberano)-B-12",48245,"sgh1LqDDQcrOU","GMS_PGF2025_MIN_1577","(IRAT204*2/Soberano)-B-12-1","55491","sgh1LSMxI324f","GMS_MN2025_125034","(IRAT204*2/Soberano)-B-12-1-1","67534","sgh1LbNWTdvj5","NO_ISSUES_IDENTIFIED","Introgression_confirmed","ADVANCE BC1F5 IN PV2627","ADVANCE BC1F5 IN PV2627","BC1F5","67534","sgh1LbNWTdvj5"
"25ALM_BC1F3s1_1506","(IRAT204*2/Soberano)-B-10","FQIK","25ALM_BC1F3s1_1559","GMS_MN2024_MIN_12084_10","(IRAT204*2/Soberano)-B-10",48629,"sgh1LlmCWQ0P7","GMS_PGF2025_MIN_1559","(IRAT204*2/Soberano)-B-10-1","55874","sgh1LLh52FoXi","GMS_MN2025_226102","(IRAT204*2/Soberano)-B-10-1-1","65736","sgh1LoPyTp7C9","NO_ISSUES_IDENTIFIED","Introgression_confirmed","ADVANCE BC1F5 IN PV2627","ADVANCE BC1F5 IN PV2627","BC1F5","65736","sgh1LoPyTp7C9"
"25ALM_BC1F3s1_0005","(IRAT204*2/Soberano)-B-1","FVPK","25ALM_BC1F3s1_1566","GMS_MN2024_MIN_13066_01","(IRAT204*2/Soberano)-B-1",48237,"sgh1LOymmJs9s","GMS_PGF2025_MIN_1566","(IRAT204*2/Soberano)-B-1-1","55483","sgh1LBOfD7yqE","GMS_MN2025_222084","(IRAT204*2/Soberano)-B-1-1-1","65639","sgh1L72u8d9VG","NO_ISSUES_IDENTIFIED","Introgression_confirmed","ADVANCE BC1F5 IN PV2627","ADVANCE BC1F5 IN PV2627","BC1F5","65639","sgh1L72u8d9VG"
"25ALM_BC1F3s1_1641","(IRAT204*2/Soberano)-B-1","FJIP","25ALM_BC1F3s1_1533","GMS_MN2024_MIN_12083_01","(IRAT204*2/Soberano)-B-1",48237,"sgh1LPIJVN2gh","GMS_PGF2025_MIN_1533","(IRAT204*2/Soberano)-B-1-1","55483","sgh1LSkFPnp03","GMS_MN2025_132013","(IRAT204*2/Soberano)-B-1-1-1","65639","sgh1LcBj4epm5","NO_ISSUES_IDENTIFIED","Introgression_confirmed","ADVANCE BC1F5 IN PV2627","ADVANCE BC1F5 IN PV2627","BC1F5","65639","sgh1LcBj4epm5"
"25ALM_BC1F3s1_2707","(IRAT204*2/Shan Qui Red)-B-8","FEEL","25ALM_BC1F3s1_0238","GMS_PV2324_MIN_15003_08","(IRAT204*2/Shan Qui Red)-B-8",42871,"sgh1LyRWJXjJx","GMS_PGF2025_MIN_0238","(IRAT204*2/Shan Qui Red)-B-8-1","54336","sgh1LJShnVJut","GMS_MN2025_122077","(IRAT204*2/Shan Qui Red)-B-8-1-1","65643","sgh1LD7muuFa3","NO_ISSUES_IDENTIFIED","Introgression_confirmed","ADVANCE BC1F5 IN PV2627","ADVANCE BC1F5 IN PV2627","BC1F5","65643","sgh1LD7muuFa3"
"25ALM_BC1F3s1_1330","(IRAT204*2/Shan Qui Red)-B-7","FGOG","25ALM_BC1F3s1_0237","GMS_PV2324_MIN_15003_07","(IRAT204*2/Shan Qui Red)-B-7",42870,"sgh1LGqhTzv9c","GMS_PGF2025_MIN_0237","(IRAT204*2/Shan Qui Red)-B-7-1","54335","sgh1Li4LgjGQR","GMS_MN2025_109031","(IRAT204*2/Shan Qui Red)-B-7-1-1","67090","sgh1L3DynTlRU","NO_ISSUES_IDENTIFIED","Introgression_confirmed","ADVANCE BC1F5 IN PV2627","ADVANCE BC1F5 IN PV2627","BC1F5","67090","sgh1L3DynTlRU"
"25ALM_BC1F3s1_2632","(IRAT204*2/Shan Qui Red)-B-6","FFYF","25ALM_BC1F3s1_0236","GMS_PV2324_MIN_15003_06","(IRAT204*2/Shan Qui Red)-B-6",42869,"sgh1LbHPHPuZD","GMS_PGF2025_MIN_0236","(IRAT204*2/Shan Qui Red)-B-6-1","54334","sgh1LbFknWFAX","GMS_MN2025_213086","(IRAT204*2/Shan Qui Red)-B-6-1-1","65454","sgh1Lg9OrTXdn","NO_ISSUES_IDENTIFIED","Introgression_confirmed","ADVANCE BC1F5 IN PV2627","ADVANCE BC1F5 IN PV2627","BC1F5","65454","sgh1Lg9OrTXdn"
"25ALM_BC1F3s1_1405","(IRAT204*2/Shan Qui Red)-B-5","FNNM","25ALM_BC1F3s1_0235","GMS_PV2324_MIN_15003_05","(IRAT204*2/Shan Qui Red)-B-5",42868,"sgh1LObBEqQor","GMS_PGF2025_MIN_0235","(IRAT204*2/Shan Qui Red)-B-5-1","54333","sgh1LZ4yjEmVq","GMS_MN2025_132020","(IRAT204*2/Shan Qui Red)-B-5-1-1","67705","sgh1LIuyZ31V6","NO_ISSUES_IDENTIFIED","Introgression_confirmed","ADVANCE BC1F5 IN PV2627","ADVANCE BC1F5 IN PV2627","BC1F5","67705","sgh1LIuyZ31V6"
"25ALM_BC1F3s1_2036","(IRAT204*2/Shan Qui Red)-B-4","FSVG","25ALM_BC1F3s1_0234","GMS_PV2324_MIN_15003_04","(IRAT204*2/Shan Qui Red)-B-4",42867,"sgh1LBT27ecPi","GMS_PGF2025_MIN_0234","(IRAT204*2/Shan Qui Red)-B-4-1","54332","sgh1LOXIeTFK7","GMS_MN2025_225085","(IRAT204*2/Shan Qui Red)-B-4-1-1","65712","sgh1LOnEciqwd","NO_ISSUES_IDENTIFIED","Introgression_confirmed","ADVANCE BC1F5 IN PV2627","ADVANCE BC1F5 IN PV2627","BC1F5","65712","sgh1LOnEciqwd"
"25ALM_BC1F3s1_0854","(IRAT204*2/Shan Qui Red)-B-3","FTSM","25ALM_BC1F3s1_0233","GMS_PV2324_MIN_15003_03","(IRAT204*2/Shan Qui Red)-B-3",42866,"sgh1LkEzDr5QY","GMS_PGF2025_MIN_0233","(IRAT204*2/Shan Qui Red)-B-3-1","54331","sgh1LrbXgFjuH","GMS_MN2025_221087","(IRAT204*2/Shan Qui Red)-B-3-1-1","65632","sgh1LLRW7hwNv","NO_ISSUES_IDENTIFIED","Introgression_confirmed","ADVANCE BC1F5 IN PV2627","ADVANCE BC1F5 IN PV2627","BC1F5","65632","sgh1LLRW7hwNv"
"25ALM_BC1F3s1_0680","(IRAT204*2/Shan Qui Red)-B-2","FVGB","25ALM_BC1F3s1_0232","GMS_PV2324_MIN_15003_02","(IRAT204*2/Shan Qui Red)-B-2",42865,"sgh1LARFrUqv5","GMS_PGF2025_MIN_0232","(IRAT204*2/Shan Qui Red)-B-2-1","54330","sgh1LooG5DX6A","GMS_MN2025_124077","(IRAT204*2/Shan Qui Red)-B-2-1-1","65686","sgh1L4tEd6TIE","NO_ISSUES_IDENTIFIED","Introgression_confirmed","ADVANCE BC1F5 IN PV2627","ADVANCE BC1F5 IN PV2627","BC1F5","65686","sgh1L4tEd6TIE"
"25ALM_BC1F3s1_0328","(IRAT204*2/Shan Qui Red)-B-15","FQGI","25ALM_BC1F3s1_0245","GMS_PV2324_MIN_15003_15","(IRAT204*2/Shan Qui Red)-B-15",42878,"sgh1LFQ7Zuv3B","GMS_PGF2025_MIN_0245","(IRAT204*2/Shan Qui Red)-B-15-1","54343","sgh1L6IW1Lnpr","GMS_MN2025_104035","(IRAT204*2/Shan Qui Red)-B-15-1-1","67495","sgh1Lq4FR95zj","NO_ISSUES_IDENTIFIED","Introgression_confirmed","ADVANCE BC1F5 IN PV2627","ADVANCE BC1F5 IN PV2627","BC1F5","67495","sgh1Lq4FR95zj"
"25ALM_BC1F3s1_0246","(IRAT204*2/Shan Qui Red)-B-14","FMBS","25ALM_BC1F3s1_0244","GMS_PV2324_MIN_15003_14","(IRAT204*2/Shan Qui Red)-B-14",42877,"sgh1LubiX7GGW","GMS_PGF2025_MIN_0244","(IRAT204*2/Shan Qui Red)-B-14-1","54342","sgh1L07Vj5d7f","GMS_MN2025_228081","(IRAT204*2/Shan Qui Red)-B-14-1-1","65753","sgh1LC5vRzC2L","NO_ISSUES_IDENTIFIED","Introgression_confirmed","ADVANCE BC1F5 IN PV2627","ADVANCE BC1F5 IN PV2627","BC1F5","65753","sgh1LC5vRzC2L"
"25ALM_BC1F3s1_1153","(IRAT204*2/Shan Qui Red)-B-12","FNHQ","25ALM_BC1F3s1_0242","GMS_PV2324_MIN_15003_12","(IRAT204*2/Shan Qui Red)-B-12",42875,"sgh1LCdljffnv","GMS_PGF2025_MIN_0242","(IRAT204*2/Shan Qui Red)-B-12-1","54340","sgh1LwnY16xrY","GMS_MN2025_223100","(IRAT204*2/Shan Qui Red)-B-12-1-1","65667","sgh1L5FTrO5L6","NO_ISSUES_IDENTIFIED","Introgression_confirmed","ADVANCE BC1F5 IN PV2627","ADVANCE BC1F5 IN PV2627","BC1F5","65667","sgh1L5FTrO5L6"
"25ALM_BC1F3s1_1249","(IRAT204*2/Shan Qui Red)-B-11","FLEN","25ALM_BC1F3s1_0241","GMS_PV2324_MIN_15003_11","(IRAT204*2/Shan Qui Red)-B-11",42874,"sgh1LuuEGX62a","GMS_PGF2025_MIN_0241","(IRAT204*2/Shan Qui Red)-B-11-1","54339","sgh1LFGAld3Pb","GMS_MN2025_224100","(IRAT204*2/Shan Qui Red)-B-11-1-1","65701","sgh1LyvXQNm5w","NO_ISSUES_IDENTIFIED","Introgression_confirmed","ADVANCE BC1F5 IN PV2627","ADVANCE BC1F5 IN PV2627","BC1F5","65701","sgh1LyvXQNm5w"
"25ALM_BC1F3s1_2335","(IRAT204*2/Shan Qui Red)-B-10","FXJH","25ALM_BC1F3s1_0240","GMS_PV2324_MIN_15003_10","(IRAT204*2/Shan Qui Red)-B-10",42873,"sgh1Laa1v2YwY","GMS_PGF2025_MIN_0240","(IRAT204*2/Shan Qui Red)-B-10-1","54338","sgh1LIMKOds57","GMS_MN2025_227086","(IRAT204*2/Shan Qui Red)-B-10-1-1","65742","sgh1LCqmSDiCF","NO_ISSUES_IDENTIFIED","Introgression_confirmed","ADVANCE BC1F5 IN PV2627","ADVANCE BC1F5 IN PV2627","BC1F5","65742","sgh1LCqmSDiCF"
"25ALM_BC1F3s1_1071","(IRAT204*2/BTx3042)-B-9","FSOA","25ALM_BC1F3s1_0370","GMS_PV2324_MIN_14013_09","(IRAT204*2/BTx3042)-B-9",43073,"sgh1LJpq8Wnf3","GMS_PGF2025_MIN_0370","(IRAT204*2/BTx3042)-B-9-1","54430","sgh1Lug1BgkpS","GMS_MN2025_127076","(IRAT204*2/BTx3042)-B-9-1-1","65750","sgh1Ly5RVnCfn","NO_ISSUES_IDENTIFIED","Introgression_confirmed","ADVANCE BC1F5 IN PV2627","ADVANCE BC1F5 IN PV2627","BC1F5","65750","sgh1Ly5RVnCfn"
"25ALM_BC1F3s1_1868","(IRAT204*2/BTx3042)-B-8","FYCG","25ALM_BC1F3s1_0369","GMS_PV2324_MIN_14013_08","(IRAT204*2/BTx3042)-B-8",43072,"sgh1Lq9Y7f1bX","GMS_PGF2025_MIN_0369","(IRAT204*2/BTx3042)-B-8-1","54429","sgh1L9GfOKehG","GMS_MN2025_211102","(IRAT204*2/BTx3042)-B-8-1-1","65396","sgh1LwiRmPRw5","NO_ISSUES_IDENTIFIED","Introgression_confirmed","ADVANCE BC1F5 IN PV2627","ADVANCE BC1F5 IN PV2627","BC1F5","65396","sgh1LwiRmPRw5"
"25ALM_BC1F3s1_2210","(IRAT204*2/BTx3042)-B-7","FPHS","25ALM_BC1F3s1_0368","GMS_PV2324_MIN_14013_07","(IRAT204*2/BTx3042)-B-7",43071,"sgh1LNkz7fV5b","GMS_PGF2025_MIN_0368","(IRAT204*2/BTx3042)-B-7-1","54428","sgh1LUzfQDHzA",NA,NA,NA,NA,"NO_ISSUES_IDENTIFIED","Introgression_confirmed","ADVANCE BC1F4 IN PGF","ADVANCE BC1F4 IN PGF","BC1F4","54428","sgh1LUzfQDHzA"
"25ALM_BC1F3s1_1802","(IRAT204*2/BTx3042)-B-6","FJUN","25ALM_BC1F3s1_0367","GMS_PV2324_MIN_14013_06","(IRAT204*2/BTx3042)-B-6",43070,"sgh1L3aoVYo2H","GMS_PGF2025_MIN_0367","(IRAT204*2/BTx3042)-B-6-1","54427","sgh1L8iYrrGwn","GMS_MN2025_134036","(IRAT204*2/BTx3042)-B-6-1-1","67773","sgh1LprUrXfXD","NO_ISSUES_IDENTIFIED","Introgression_confirmed","ADVANCE BC1F5 IN PV2627","ADVANCE BC1F5 IN PV2627","BC1F5","67773","sgh1LprUrXfXD"
"25ALM_BC1F3s1_2299","(IRAT204*2/BTx3042)-B-3","FMVU","25ALM_BC1F3s1_0364","GMS_PV2324_MIN_14013_03","(IRAT204*2/BTx3042)-B-3",43067,"sgh1L6R0lBkiE","GMS_PGF2025_MIN_0364","(IRAT204*2/BTx3042)-B-3-1","54426","sgh1LRVh1ruDM","GMS_MN2025_134029","(IRAT204*2/BTx3042)-B-3-1-1","67768","sgh1LiAlZ2j24","NO_ISSUES_IDENTIFIED","Introgression_confirmed","ADVANCE BC1F5 IN PV2627","ADVANCE BC1F5 IN PV2627","BC1F5","67768","sgh1LiAlZ2j24"
"25ALM_BC1F3s1_2214","(IRAT204*2/BTx3042)-B-2","FXTI","25ALM_BC1F3s1_0363","GMS_PV2324_MIN_14013_02","(IRAT204*2/BTx3042)-B-2",43066,"sgh1LtOb7307a","GMS_PGF2025_MIN_0363","(IRAT204*2/BTx3042)-B-2-1","54425","sgh1LNnmvNDyU","GMS_MN2025_209087","(IRAT204*2/BTx3042)-B-2-1-1","65362","sgh1LgL2S4FQz","NO_ISSUES_IDENTIFIED","Introgression_confirmed","ADVANCE BC1F5 IN PV2627","ADVANCE BC1F5 IN PV2627","BC1F5","65362","sgh1LgL2S4FQz"
"25ALM_BC1F3s1_2086","(IRAT204*2/BTx3042)-B-13","FAPG","25ALM_BC1F3s1_0374","GMS_PV2324_MIN_14013_13","(IRAT204*2/BTx3042)-B-13",43077,"sgh1LyFibpjAJ","GMS_PGF2025_MIN_0374","(IRAT204*2/BTx3042)-B-13-1","54433","sgh1L8Ed2oYhk",NA,NA,NA,NA,"NO_ISSUES_IDENTIFIED","Introgression_confirmed","ADVANCE BC1F4 IN PGF","ADVANCE BC1F4 IN PGF","BC1F4","54433","sgh1L8Ed2oYhk"
"25ALM_BC1F3s1_0929","(IRAT204*2/BTx3042)-B-10","FLUO","25ALM_BC1F3s1_0371","GMS_PV2324_MIN_14013_10","(IRAT204*2/BTx3042)-B-10",43074,"sgh1LCJ7xIkew","GMS_PGF2025_MIN_0371","(IRAT204*2/BTx3042)-B-10-1","54431","sgh1LTp6syrE7","GMS_MN2025_210082","(IRAT204*2/BTx3042)-B-10-1-1","65378","sgh1L9bgBGPg7","NO_ISSUES_IDENTIFIED","Introgression_confirmed","ADVANCE BC1F5 IN PV2627","ADVANCE BC1F5 IN PV2627","BC1F5","65378","sgh1L9bgBGPg7"
"25ALM_BC1F3s1_1016","(IRAT204*2/BTx3042)-B-1","FIAK","25ALM_BC1F3s1_0362","GMS_PV2324_MIN_14013_01","(IRAT204*2/BTx3042)-B-1",43065,"sgh1LU54rhY24","GMS_PGF2025_MIN_0362","(IRAT204*2/BTx3042)-B-1-1","54424","sgh1LsPKfOo6C","GMS_MN2025_113014","(IRAT204*2/BTx3042)-B-1-1-1","67193","sgh1L6yTKpC4a","NO_ISSUES_IDENTIFIED","Introgression_confirmed","ADVANCE BC1F5 IN PV2627","ADVANCE BC1F5 IN PV2627","BC1F5","67193","sgh1L6yTKpC4a"
"25ALM_BC1F3s1_1761","(IRAT204*2/01MN1589-B)-B-6","FAYD","25ALM_BC1F3s1_1248","GMS_PV2324_MIN_15019_06","(IRAT204*2/01MN1589-B)-B-6",44390,"sgh1LcIpm0XB1","GMS_PGF2025_MIN_1248","(IRAT204*2/01MN1589-B)-B-6-1","55247","sgh1LYvSCbZsw","GMS_MN2025_138024","(IRAT204*2/01MN1589-B)-B-6-1-1","67864","sgh1LCgNQtu0g","NO_ISSUES_IDENTIFIED","Introgression_confirmed","ADVANCE BC1F5 IN PV2627","ADVANCE BC1F5 IN PV2627","BC1F5","67864","sgh1LCgNQtu0g"
"25ALM_BC1F3s1_2630","(IRAT204*2/01MN1589-B)-B-14","FEYT","25ALM_BC1F3s1_1256","GMS_PV2324_MIN_15019_14","(IRAT204*2/01MN1589-B)-B-14",44398,"sgh1LziGf7olJ","GMS_PGF2025_MIN_1256","(IRAT204*2/01MN1589-B)-B-14-1","55255","sgh1Lm5Kk3617","GMS_MN2025_109015","(IRAT204*2/01MN1589-B)-B-14-1-1","67078","sgh1LAmyRXWx7","NO_ISSUES_IDENTIFIED","Introgression_confirmed","ADVANCE BC1F5 IN PV2627","ADVANCE BC1F5 IN PV2627","BC1F5","67078","sgh1LAmyRXWx7"
"25ALM_BC1F3s1_1940","(IRAT204*2/01MN1589-B)-B-12","FKAJ","25ALM_BC1F3s1_1254","GMS_PV2324_MIN_15019_12","(IRAT204*2/01MN1589-B)-B-12",44396,"sgh1LxoQn2YbT","GMS_PGF2025_MIN_1254","(IRAT204*2/01MN1589-B)-B-12-1","55253","sgh1LWKDDPCG7",NA,NA,NA,NA,"NOT_HARVESTED_MN2025","Introgression_confirmed","ADVANCE BC1F4 IN PV2627","ADVANCE BC1F4 IN PV2627","BC1F4","55253","sgh1LWKDDPCG7"
"25ALM_BC1F3s1_1862","(IRAT204*2/BTx399)-B-7","FURV","25ALM_BC1F3s1_0178","GMS_PV2324_MIN_14035_07","(IRAT204*2/BTx399)-B-7",42810,"sgh1LCgNf5ldO","GMS_PGF2025_MIN_0178","(IRAT204*2/BTx399)-B-7-1","54280","sgh1Lv3VUjfds",NA,NA,NA,NA,"NO_ISSUES_IDENTIFIED","Introgression_confirmed","ADVANCE BC1F4 IN PGF","ADVANCE BC1F4 IN PGF","BC1F4","54280","sgh1Lv3VUjfds"
"25ALM_BC1F3s1_0831","(IRAT204*2/BTx399)-B-5","FRQV","25ALM_BC1F3s1_0176","GMS_PV2324_MIN_14035_05","(IRAT204*2/BTx399)-B-5",42808,"sgh1LOXkrdKuo","GMS_PGF2025_MIN_0176","(IRAT204*2/BTx399)-B-5-1","54278","sgh1L5c1sfwsp","GMS_MN2025_125035","(IRAT204*2/BTx399)-B-5-1-1","67535","sgh1LLK6nV5Mr","NO_ISSUES_IDENTIFIED","Introgression_confirmed","ADVANCE BC1F5 IN PV2627","ADVANCE BC1F5 IN PV2627","BC1F5","67535","sgh1LLK6nV5Mr"
"25ALM_BC1F3s1_2816","(IRAT204*2/BTx399)-B-4","FYFL","25ALM_BC1F3s1_0175","GMS_PV2324_MIN_14035_04","(IRAT204*2/BTx399)-B-4",42807,"sgh1LVJ9LnMrn","GMS_PGF2025_MIN_0175","(IRAT204*2/BTx399)-B-4-1","54277","sgh1LgdKJV3vd","GMS_MN2025_213095","(IRAT204*2/BTx399)-B-4-1-1","65446","sgh1L7LexgFTt","NO_ISSUES_IDENTIFIED","Introgression_confirmed","ADVANCE BC1F5 IN PV2627","ADVANCE BC1F5 IN PV2627","BC1F5","65446","sgh1L7LexgFTt"
"25ALM_BC1F3s1_2058","(IRAT204*2/BTx399)-B-2","FMQJ","25ALM_BC1F3s1_0173","GMS_PV2324_MIN_14035_02","(IRAT204*2/BTx399)-B-2",42805,"sgh1L8xqbZkf1","GMS_PGF2025_MIN_0173","(IRAT204*2/BTx399)-B-2-1","54276","sgh1LiOtOEbUm","GMS_MN2025_222091","(IRAT204*2/BTx399)-B-2-1-1","65656","sgh1L4EO3x4hY","NO_ISSUES_IDENTIFIED","Introgression_confirmed","ADVANCE BC1F5 IN PV2627","ADVANCE BC1F5 IN PV2627","BC1F5","65656","sgh1L4EO3x4hY"
"25ALM_BC1F3s1_1438","(IRAT204*2/BTx399)-B-14","FYFJ","25ALM_BC1F3s1_0185","GMS_PV2324_MIN_14035_14","(IRAT204*2/BTx399)-B-14",42817,"sgh1Lz5I1qy8n","GMS_PGF2025_MIN_0185","(IRAT204*2/BTx399)-B-14-1","54287","sgh1LS7k9o4l5","GMS_MN2025_134040","(IRAT204*2/BTx399)-B-14-1-1","67777","sgh1LLDraZq7t","NO_ISSUES_IDENTIFIED","Introgression_confirmed","ADVANCE BC1F5 IN PV2627","ADVANCE BC1F5 IN PV2627","BC1F5","67777","sgh1LLDraZq7t"
"25ALM_BC1F3s1_1436","(IRAT204*2/BTx399)-B-13","FBDC","25ALM_BC1F3s1_0184","GMS_PV2324_MIN_14035_13","(IRAT204*2/BTx399)-B-13",42816,"sgh1L6yIWQ32a","GMS_PGF2025_MIN_0184","(IRAT204*2/BTx399)-B-13-1","54286","sgh1LFy9WiuG4","GMS_MN2025_222087","(IRAT204*2/BTx399)-B-13-1-1","65652","sgh1LeeLc0fiM","NO_ISSUES_IDENTIFIED","Introgression_confirmed","ADVANCE BC1F5 IN PV2627","ADVANCE BC1F5 IN PV2627","BC1F5","65652","sgh1LeeLc0fiM"
"25ALM_BC1F3s1_1690","(IRAT204*2/BTx399)-B-12","FDRS","25ALM_BC1F3s1_0183","GMS_PV2324_MIN_14035_12","(IRAT204*2/BTx399)-B-12",42815,"sgh1L1AO3PcsP","GMS_PGF2025_MIN_0183","(IRAT204*2/BTx399)-B-12-1","54285","sgh1LlJXriD1S","GMS_MN2025_223088","(IRAT204*2/BTx399)-B-12-1-1","65675","sgh1LOLKWZXmP","NO_ISSUES_IDENTIFIED","Introgression_confirmed","ADVANCE BC1F5 IN PV2627","ADVANCE BC1F5 IN PV2627","BC1F5","65675","sgh1LOLKWZXmP"
"25ALM_BC1F3s1_1573","(IRAT204*2/BTx399)-B-10","FXVI","25ALM_BC1F3s1_0181","GMS_PV2324_MIN_14035_10","(IRAT204*2/BTx399)-B-10",42813,"sgh1LiZCAckTn","GMS_PGF2025_MIN_0181","(IRAT204*2/BTx399)-B-10-1","54283","sgh1LEAg8tvSC","GMS_MN2025_112014","(IRAT204*2/BTx399)-B-10-1-1","67164","sgh1LaF0L8gv1","NO_ISSUES_IDENTIFIED","Introgression_confirmed","ADVANCE BC1F5 IN PV2627","ADVANCE BC1F5 IN PV2627","BC1F5","67164","sgh1LaF0L8gv1"
"25ALM_BC1F3s1_0200","(IRAT204*2/BTx399)-B-1","FEGZ","25ALM_BC1F3s1_0172","GMS_PV2324_MIN_14035_01","(IRAT204*2/BTx399)-B-1",42804,"sgh1LSa3UWmYH","GMS_PGF2025_MIN_0172","(IRAT204*2/BTx399)-B-1-1","54275","sgh1LLkZrUAbT","GMS_MN2025_106015","(IRAT204*2/BTx399)-B-1-1-1","67878","sgh1Loc2c8TIi","NO_ISSUES_IDENTIFIED","Introgression_confirmed","ADVANCE BC1F5 IN PV2627","ADVANCE BC1F5 IN PV2627","BC1F5","67878","sgh1Loc2c8TIi"
"25ALM_BC1F3s1_1530","(IRAT204*2/BTx3197)-B-7","FDUI","25ALM_BC1F3s1_0737","GMS_PV2324_MIN_14019_07","(IRAT204*2/BTx3197)-B-7",43746,"sgh1LILhwPPDH","GMS_PGF2025_MIN_0737","(IRAT204*2/BTx3197)-B-7-1","54772","sgh1LvhOVieTj","GMS_MN2025_229086","(IRAT204*2/BTx3197)-B-7-1-1","65785","sgh1LSi8D6Yk1","NO_ISSUES_IDENTIFIED","Introgression_confirmed","ADVANCE BC1F5 IN PV2627","ADVANCE BC1F5 IN PV2627","BC1F5","65785","sgh1LSi8D6Yk1"
"25ALM_BC1F3s1_0342","(IRAT204*2/BTx3197)-B-6","FNEL","25ALM_BC1F3s1_0736","GMS_PV2324_MIN_14019_06","(IRAT204*2/BTx3197)-B-6",43745,"sgh1L9SUKBpAs","GMS_PGF2025_MIN_0736","(IRAT204*2/BTx3197)-B-6-1","54771","sgh1LwZJkiCTX","GMS_MN2025_135039","(IRAT204*2/BTx3197)-B-6-1-1","67804","sgh1LqwM6VfzG","NO_ISSUES_IDENTIFIED","Introgression_confirmed","ADVANCE BC1F5 IN PV2627","ADVANCE BC1F5 IN PV2627","BC1F5","67804","sgh1LqwM6VfzG"
"25ALM_BC1F3s1_2667","(IRAT204*2/BTx3197)-B-5","FRXN","25ALM_BC1F3s1_0735","GMS_PV2324_MIN_14019_05","(IRAT204*2/BTx3197)-B-5",43744,"sgh1LF5QHN0ci","GMS_PGF2025_MIN_0735","(IRAT204*2/BTx3197)-B-5-1","54770","sgh1LTMpPFzvP","GMS_MN2025_223086","(IRAT204*2/BTx3197)-B-5-1-1","65676","sgh1L9yBP1n2B","NO_ISSUES_IDENTIFIED","Introgression_confirmed","ADVANCE BC1F5 IN PV2627","ADVANCE BC1F5 IN PV2627","BC1F5","65676","sgh1L9yBP1n2B"
"25ALM_BC1F3s1_1734","(IRAT204*2/BTx3197)-B-3","FQVQ","25ALM_BC1F3s1_0733","GMS_PV2324_MIN_14019_03","(IRAT204*2/BTx3197)-B-3",43742,"sgh1LnQijcCLt","GMS_PGF2025_MIN_0733","(IRAT204*2/BTx3197)-B-3-1","54768","sgh1LFHVJLPZn","GMS_MN2025_212102","(IRAT204*2/BTx3197)-B-3-1-1","65437","sgh1L22Jnk1A4","NO_ISSUES_IDENTIFIED","Introgression_confirmed","ADVANCE BC1F5 IN PV2627","ADVANCE BC1F5 IN PV2627","BC1F5","65437","sgh1L22Jnk1A4"
"25ALM_BC1F3s1_2509","(IRAT204*2/BTx3197)-B-2","FFWT","25ALM_BC1F3s1_0732","GMS_PV2324_MIN_14019_02","(IRAT204*2/BTx3197)-B-2",43741,"sgh1L58ZYVyaT","GMS_PGF2025_MIN_0732","(IRAT204*2/BTx3197)-B-2-1","54767","sgh1LnLnz25rC",NA,NA,NA,NA,"NOT_HARVESTED_MN2025","Introgression_confirmed","ADVANCE BC1F4 IN PGF","ADVANCE BC1F4 IN PGF","BC1F4","54767","sgh1LnLnz25rC"
"25ALM_BC1F3s1_1235","(IRAT204*2/RTAM2566)-B-9","FYCO","25ALM_BC1F3s1_1310","GMS_PV2324_MIN_15023_09","(IRAT204*2/RTAM2566)-B-9",44453,"sgh1Llsm6v1cR","GMS_PGF2025_MIN_1310","(IRAT204*2/RTAM2566)-B-9-1","55308","sgh1LhYN0gcFd","GMS_MN2025_213096","(IRAT204*2/RTAM2566)-B-9-1-1","65445","sgh1LbLkil0KJ","NO_ISSUES_IDENTIFIED","Introgression_confirmed","ADVANCE BC1F5 IN PV2627","ADVANCE BC1F5 IN PV2627","BC1F5","65445","sgh1LbLkil0KJ"
"25ALM_BC1F3s1_0611","(IRAT204*2/RTAM2566)-B-4","FHWB","25ALM_BC1F3s1_1305","GMS_PV2324_MIN_15023_04","(IRAT204*2/RTAM2566)-B-4",44448,"sgh1LSQDCWNkv","GMS_PGF2025_MIN_1305","(IRAT204*2/RTAM2566)-B-4-1","55303","sgh1LCiKlp92R","GMS_MN2025_230104","(IRAT204*2/RTAM2566)-B-4-1-1","65811","sgh1LNSk2B518","NO_ISSUES_IDENTIFIED","Introgression_confirmed","ADVANCE BC1F5 IN PV2627","ADVANCE BC1F5 IN PV2627","BC1F5","65811","sgh1LNSk2B518"
"25ALM_BC1F3s1_0986","(IRAT204*2/RTAM2566)-B-3","FWTH","25ALM_BC1F3s1_1304","GMS_PV2324_MIN_15023_03","(IRAT204*2/RTAM2566)-B-3",44447,"sgh1LAkqgS2lV","GMS_PGF2025_MIN_1304","(IRAT204*2/RTAM2566)-B-3-1","55302","sgh1Lordn0Ws1","GMS_MN2025_121080","(IRAT204*2/RTAM2566)-B-3-1-1","65638","sgh1LniLs1JdZ","NO_ISSUES_IDENTIFIED","Introgression_confirmed","ADVANCE BC1F5 IN PV2627","ADVANCE BC1F5 IN PV2627","BC1F5","65638","sgh1LniLs1JdZ"
"25ALM_BC1F3s1_0524","(IRAT204*2/RTAM2566)-B-10","FJSM","25ALM_BC1F3s1_1311","GMS_PV2324_MIN_15023_10","(IRAT204*2/RTAM2566)-B-10",44454,"sgh1L4fcT6oGy","GMS_PGF2025_MIN_1311","(IRAT204*2/RTAM2566)-B-10-1","55309","sgh1L82xzFXfE","GMS_MN2025_218097","(IRAT204*2/RTAM2566)-B-10-1-1","65567","sgh1LaJIOZB3N","NO_ISSUES_IDENTIFIED","Introgression_confirmed","ADVANCE BC1F5 IN PV2627","ADVANCE BC1F5 IN PV2627","BC1F5","65567","sgh1LaJIOZB3N"
"25ALM_BC1F3s1_0212","(IRAT204*2/RTAM2566)-B-1","FBDL","25ALM_BC1F3s1_1302","GMS_PV2324_MIN_15023_01","(IRAT204*2/RTAM2566)-B-1",44445,"sgh1LqidyLTrH","GMS_PGF2025_MIN_1302","(IRAT204*2/RTAM2566)-B-1-1","55300","sgh1LJ9IbdfOV","GMS_MN2025_131011","(IRAT204*2/RTAM2566)-B-1-1-1","67673","sgh1LjwzlRgfs","NO_ISSUES_IDENTIFIED","Introgression_confirmed","ADVANCE BC1F5 IN PV2627","ADVANCE BC1F5 IN PV2627","BC1F5","67673","sgh1LjwzlRgfs"
"25ALM_BC1F3s1_0133","(IRAT204*2/Red Kafir)-B-9","FNJZ","25ALM_BC1F3s1_0610","GMS_PV2324_MIN_15015_09","(IRAT204*2/Red Kafir)-B-9",43343,"sgh1L6rAIILHY","GMS_PGF2025_MIN_0610","(IRAT204*2/Red Kafir)-B-9-1","54651","sgh1LJP3eJ9tX",NA,NA,NA,NA,"NOT_HARVESTED_MN2025","Introgression_confirmed","ADVANCE BC1F4 IN PGF","ADVANCE BC1F4 IN PGF","BC1F4","54651","sgh1LJP3eJ9tX"
"25ALM_BC1F3s1_2647","(IRAT204*2/Red Kafir)-B-8","FFPH","25ALM_BC1F3s1_0609","GMS_PV2324_MIN_15015_08","(IRAT204*2/Red Kafir)-B-8",43342,"sgh1L9PEyyzGW","GMS_PGF2025_MIN_0609","(IRAT204*2/Red Kafir)-B-8-1","54650","sgh1LZB1ov1Vo","GMS_MN2025_113036","(IRAT204*2/Red Kafir)-B-8-1-1","67213","sgh1LW854UuZi","NO_ISSUES_IDENTIFIED","Introgression_confirmed","ADVANCE BC1F5 IN PV2627","ADVANCE BC1F5 IN PV2627","BC1F5","67213","sgh1LW854UuZi"
"25ALM_BC1F3s1_2749","(IRAT204*2/Red Kafir)-B-7","FIJK","25ALM_BC1F3s1_0608","GMS_PV2324_MIN_15015_07","(IRAT204*2/Red Kafir)-B-7",43341,"sgh1LTxhvn4du","GMS_PGF2025_MIN_0608","(IRAT204*2/Red Kafir)-B-7-1","54649","sgh1Lg6pkM2A4","GMS_MN2025_229096","(IRAT204*2/Red Kafir)-B-7-1-1","65776","sgh1LGBUKZp8Y","NO_ISSUES_IDENTIFIED","Introgression_confirmed","ADVANCE BC1F5 IN PV2627","ADVANCE BC1F5 IN PV2627","BC1F5","65776","sgh1LGBUKZp8Y"
"25ALM_BC1F3s1_0401","(IRAT204*2/Red Kafir)-B-6","FLVR","25ALM_BC1F3s1_0607","GMS_PV2324_MIN_15015_06","(IRAT204*2/Red Kafir)-B-6",43340,"sgh1LsiiNpzrD","GMS_PGF2025_MIN_0607","(IRAT204*2/Red Kafir)-B-6-1","54648","sgh1LFoTsa29j","GMS_MN2025_113041","(IRAT204*2/Red Kafir)-B-6-1-1","67216","sgh1LzxofZvnc","NO_ISSUES_IDENTIFIED","Introgression_confirmed","ADVANCE BC1F5 IN PV2627","ADVANCE BC1F5 IN PV2627","BC1F5","67216","sgh1LzxofZvnc"
"25ALM_BC1F3s1_0430","(IRAT204*2/Red Kafir)-B-5","FYFV","25ALM_BC1F3s1_0606","GMS_PV2324_MIN_15015_05","(IRAT204*2/Red Kafir)-B-5",43339,"sgh1LCIZWdTyl","GMS_PGF2025_MIN_0606","(IRAT204*2/Red Kafir)-B-5-1","54647","sgh1LfR6hWb3X","GMS_MN2025_135011","(IRAT204*2/Red Kafir)-B-5-1-1","67785","sgh1Luueb7HG1","NO_ISSUES_IDENTIFIED","Introgression_confirmed","ADVANCE BC1F5 IN PV2627","ADVANCE BC1F5 IN PV2627","BC1F5","67785","sgh1Luueb7HG1"
"25ALM_BC1F3s1_0275","(IRAT204*2/Red Kafir)-B-3","FNKK","25ALM_BC1F3s1_0604","GMS_PV2324_MIN_15015_03","(IRAT204*2/Red Kafir)-B-3",43337,"sgh1LHtaKysQD","GMS_PGF2025_MIN_0604","(IRAT204*2/Red Kafir)-B-3-1","54646","sgh1LPVefib0S","GMS_MN2025_119042","(IRAT204*2/Red Kafir)-B-3-1-1","67376","sgh1Lx5lKhTcQ","NO_ISSUES_IDENTIFIED","Introgression_confirmed","ADVANCE BC1F5 IN PV2627","ADVANCE BC1F5 IN PV2627","BC1F5","67376","sgh1Lx5lKhTcQ"
"25ALM_BC1F3s1_1932","(IRAT204*2/Red Kafir)-B-2","FVWK","25ALM_BC1F3s1_0603","GMS_PV2324_MIN_15015_02","(IRAT204*2/Red Kafir)-B-2",43336,"sgh1LduFoYDKW","GMS_PGF2025_MIN_0603","(IRAT204*2/Red Kafir)-B-2-1","54645","sgh1LTPRKqZQg","GMS_MN2025_103016","(IRAT204*2/Red Kafir)-B-2-1-1","67790","sgh1L1DtaSfyW","NO_ISSUES_IDENTIFIED","Introgression_confirmed","ADVANCE BC1F5 IN PV2627","ADVANCE BC1F5 IN PV2627","BC1F5","67790","sgh1L1DtaSfyW"
"25ALM_BC1F3s1_1209","(IRAT204*2/Red Kafir)-B-12","FGRQ","25ALM_BC1F3s1_0613","GMS_PV2324_MIN_15015_12","(IRAT204*2/Red Kafir)-B-12",43346,"sgh1Lrn9gJRlK","GMS_PGF2025_MIN_0613","(IRAT204*2/Red Kafir)-B-12-1","54654","sgh1LXfzQ8cqf","GMS_MN2025_113028","(IRAT204*2/Red Kafir)-B-12-1-1","67205","sgh1LMuB00vPG","NO_ISSUES_IDENTIFIED","Introgression_confirmed","ADVANCE BC1F5 IN PV2627","ADVANCE BC1F5 IN PV2627","BC1F5","67205","sgh1LMuB00vPG"
"25ALM_BC1F3s1_1385","(IRAT204*2/Red Kafir)-B-11","FPDG","25ALM_BC1F3s1_0612","GMS_PV2324_MIN_15015_11","(IRAT204*2/Red Kafir)-B-11",43345,"sgh1LpJNv1Qjz","GMS_PGF2025_MIN_0612","(IRAT204*2/Red Kafir)-B-11-1","54653","sgh1Lu1nda6Cf","GMS_MN2025_131015","(IRAT204*2/Red Kafir)-B-11-1-1","67675","sgh1LBDsDBWXF","NO_ISSUES_IDENTIFIED","Introgression_confirmed","ADVANCE BC1F5 IN PV2627","ADVANCE BC1F5 IN PV2627","BC1F5","67675","sgh1LBDsDBWXF"
"25ALM_BC1F3s1_0684","(IRAT204*2/Wheatland)-B-9","FZRV","25ALM_BC1F3s1_0284","GMS_PV2324_MIN_15006_09","(IRAT204*2/Wheatland)-B-9",42917,"sgh1LAnVf1Iki","GMS_PGF2025_MIN_0284","(IRAT204*2/Wheatland)-B-9-1","54374","sgh1LdGR8EKJA","GMS_MN2025_109019","(IRAT204*2/Wheatland)-B-9-1-1","67081","sgh1L35gaz5wu","NO_ISSUES_IDENTIFIED","Introgression_confirmed","ADVANCE BC1F5 IN PV2627","ADVANCE BC1F5 IN PV2627","BC1F5","67081","sgh1L35gaz5wu"
"25ALM_BC1F3s1_0058","(IRAT204*2/Wheatland)-B-8","FEFI","25ALM_BC1F3s1_0283","GMS_PV2324_MIN_15006_08","(IRAT204*2/Wheatland)-B-8",42916,"sgh1LfGhZXc6Q","GMS_PGF2025_MIN_0283","(IRAT204*2/Wheatland)-B-8-1","54373","sgh1LaGXa1QEi","GMS_MN2025_110035","(IRAT204*2/Wheatland)-B-8-1-1","67124","sgh1LO4qjaQMP","NO_ISSUES_IDENTIFIED","Introgression_confirmed","ADVANCE BC1F5 IN PV2627","ADVANCE BC1F5 IN PV2627","BC1F5","67124","sgh1LO4qjaQMP"
"25ALM_BC1F3s1_0245","(IRAT204*2/Wheatland)-B-7","FUQO","25ALM_BC1F3s1_0282","GMS_PV2324_MIN_15006_07","(IRAT204*2/Wheatland)-B-7",42915,"sgh1L8T3CzvbG","GMS_PGF2025_MIN_0282","(IRAT204*2/Wheatland)-B-7-1","54372","sgh1LN3hi8zX5","GMS_MN2025_221099","(IRAT204*2/Wheatland)-B-7-1-1","65623","sgh1LV46booDY","NO_ISSUES_IDENTIFIED","Introgression_confirmed","ADVANCE BC1F5 IN PV2627","ADVANCE BC1F5 IN PV2627","BC1F5","65623","sgh1LV46booDY"
"25ALM_BC1F3s1_2062","(IRAT204*2/Wheatland)-B-6","FXUC","25ALM_BC1F3s1_0281","GMS_PV2324_MIN_15006_06","(IRAT204*2/Wheatland)-B-6",42914,"sgh1LZTPu6rN4","GMS_PGF2025_MIN_0281","(IRAT204*2/Wheatland)-B-6-1","54371","sgh1LFqYnImP9","GMS_MN2025_117033","(IRAT204*2/Wheatland)-B-6-1-1","67316","sgh1L6GDpBIlD","NO_ISSUES_IDENTIFIED","Introgression_confirmed","ADVANCE BC1F5 IN PV2627","ADVANCE BC1F5 IN PV2627","BC1F5","67316","sgh1L6GDpBIlD"
"25ALM_BC1F3s1_1986","(IRAT204*2/Wheatland)-B-4","FXDS","25ALM_BC1F3s1_0279","GMS_PV2324_MIN_15006_04","(IRAT204*2/Wheatland)-B-4",42912,"sgh1LAuuivlcO","GMS_PGF2025_MIN_0279","(IRAT204*2/Wheatland)-B-4-1","54370","sgh1LZBNYqBFC","GMS_MN2025_128078","(IRAT204*2/Wheatland)-B-4-1-1","65752","sgh1L2BDJI4Qz","NO_ISSUES_IDENTIFIED","Introgression_confirmed","ADVANCE BC1F5 IN PV2627","ADVANCE BC1F5 IN PV2627","BC1F5","65752","sgh1L2BDJI4Qz"
"25ALM_BC1F3s1_1418","(IRAT204*2/Wheatland)-B-3","FLYP","25ALM_BC1F3s1_0278","GMS_PV2324_MIN_15006_03","(IRAT204*2/Wheatland)-B-3",42911,"sgh1Lq7oTkTcV","GMS_PGF2025_MIN_0278","(IRAT204*2/Wheatland)-B-3-1","54369","sgh1LGiWrVnCV","GMS_MN2025_126077","(IRAT204*2/Wheatland)-B-3-1-1","65719","sgh1LK0vYe0PX","NO_ISSUES_IDENTIFIED","Introgression_confirmed","ADVANCE BC1F5 IN PV2627","ADVANCE BC1F5 IN PV2627","BC1F5","65719","sgh1LK0vYe0PX"
"25ALM_BC1F3s1_0802","(IRAT204*2/Wheatland)-B-15","FPGA","25ALM_BC1F3s1_0290","GMS_PV2324_MIN_15006_15","(IRAT204*2/Wheatland)-B-15",42923,"sgh1LcBSjcoEp","GMS_PGF2025_MIN_0290","(IRAT204*2/Wheatland)-B-15-1","54379","sgh1LjQ0ShT3a","GMS_MN2025_134012","(IRAT204*2/Wheatland)-B-15-1-1","67754","sgh1L6XF50wcL","NO_ISSUES_IDENTIFIED","Introgression_confirmed","ADVANCE BC1F5 IN PV2627","ADVANCE BC1F5 IN PV2627","BC1F5","67754","sgh1L6XF50wcL"
"25ALM_BC1F3s1_2818","(IRAT204*2/Wheatland)-B-14","FPUC","25ALM_BC1F3s1_0289","GMS_PV2324_MIN_15006_14","(IRAT204*2/Wheatland)-B-14",42922,"sgh1LsKBY2MX3","GMS_PGF2025_MIN_0289","(IRAT204*2/Wheatland)-B-14-1","54378","sgh1Ly7ECOO6z","GMS_MN2025_114012","(IRAT204*2/Wheatland)-B-14-1-1","67221","sgh1LfTBckzso","NO_ISSUES_IDENTIFIED","Introgression_confirmed","ADVANCE BC1F5 IN PV2627","ADVANCE BC1F5 IN PV2627","BC1F5","67221","sgh1LfTBckzso"
"25ALM_BC1F3s1_1965","(IRAT204*2/Wheatland)-B-13","FIXX","25ALM_BC1F3s1_0288","GMS_PV2324_MIN_15006_13","(IRAT204*2/Wheatland)-B-13",42921,"sgh1Lj7AgMMx6","GMS_PGF2025_MIN_0288","(IRAT204*2/Wheatland)-B-13-1","54377","sgh1LW3nKnSbI",NA,NA,NA,NA,"NO_ISSUES_IDENTIFIED","Introgression_confirmed","ADVANCE BC1F4 IN PGF","ADVANCE BC1F4 IN PGF","BC1F4","54377","sgh1LW3nKnSbI"
"25ALM_BC1F3s1_0620","(IRAT204*2/Wheatland)-B-10","FVFD","25ALM_BC1F3s1_0285","GMS_PV2324_MIN_15006_10","(IRAT204*2/Wheatland)-B-10",42918,"sgh1LMDyOCrRS","GMS_PGF2025_MIN_0285","(IRAT204*2/Wheatland)-B-10-1","54375","sgh1Ljvcrh8kt","GMS_MN2025_116019","(IRAT204*2/Wheatland)-B-10-1-1","67283","sgh1Lqg8VU4OD","NO_ISSUES_IDENTIFIED","Introgression_confirmed","ADVANCE BC1F5 IN PV2627","ADVANCE BC1F5 IN PV2627","BC1F5","67283","sgh1Lqg8VU4OD"
"25ALM_BC1F3s1_1961","(IRAT204*2/Keller)-B-5","FVVY","25ALM_BC1F3s1_0005","GMS_PV2324_MIN_15007_05","(IRAT204*2/Keller)-B-5",42628,"sgh1L24CGq32d","GMS_PGF2025_MIN_0005","(IRAT204*2/Keller)-B-5-1","54132","sgh1LrnDzfh06","GMS_MN2025_224089","(IRAT204*2/Keller)-B-5-1-1","65696","sgh1LEtye0nMJ","NO_ISSUES_IDENTIFIED","Introgression_confirmed","ADVANCE BC1F5 IN PV2627","ADVANCE BC1F5 IN PV2627","BC1F5","65696","sgh1LEtye0nMJ"
"25ALM_BC1F3s1_0995","(IRAT204*2/Keller)-B-4","FSRZ","25ALM_BC1F3s1_0004","GMS_PV2324_MIN_15007_04","(IRAT204*2/Keller)-B-4",42627,"sgh1L6q1t8Iz5","GMS_PGF2025_MIN_0004","(IRAT204*2/Keller)-B-4-1","54131","sgh1L1fK2HNxl","GMS_MN2025_106026","(IRAT204*2/Keller)-B-4-1-1","67009","sgh1LnolZdpJb","NO_ISSUES_IDENTIFIED","Introgression_confirmed","ADVANCE BC1F5 IN PV2627","ADVANCE BC1F5 IN PV2627","BC1F5","67009","sgh1LnolZdpJb"
"25ALM_BC1F3s1_2334","(IRAT204*2/Keller)-B-3","FOVN","25ALM_BC1F3s1_0003","GMS_PV2324_MIN_15007_03","(IRAT204*2/Keller)-B-3",42626,"sgh1L6i04g6NG","GMS_PGF2025_MIN_0003","(IRAT204*2/Keller)-B-3-1","54130","sgh1L5cCXSgrq","GMS_MN2025_213092","(IRAT204*2/Keller)-B-3-1-1","65449","sgh1Lrk4YFYWL","NO_ISSUES_IDENTIFIED","Introgression_confirmed","ADVANCE BC1F5 IN PV2627","ADVANCE BC1F5 IN PV2627","BC1F5","65449","sgh1Lrk4YFYWL"
"25ALM_BC1F3s1_0792","(IRAT204*2/Keller)-B-2","FWPR","25ALM_BC1F3s1_0002","GMS_PV2324_MIN_15007_02","(IRAT204*2/Keller)-B-2",42625,"sgh1LvH2Sbzk8","GMS_PGF2025_MIN_0002","(IRAT204*2/Keller)-B-2-1","54129","sgh1LyZjZpvby",NA,NA,NA,NA,"NO_ISSUES_IDENTIFIED","Introgression_confirmed","ADVANCE BC1F4 IN PGF","ADVANCE BC1F4 IN PGF","BC1F4","54129","sgh1LyZjZpvby"
"25ALM_BC1F3s1_1256","(IRAT204*2/Keller)-B-14","FDUQ","25ALM_BC1F3s1_0014","GMS_PV2324_MIN_15007_14","(IRAT204*2/Keller)-B-14",42637,"sgh1LGEAGNnMR","GMS_PGF2025_MIN_0014","(IRAT204*2/Keller)-B-14-1","54138","sgh1LJPFffoWV","GMS_MN2025_110017","(IRAT204*2/Keller)-B-14-1-1","67107","sgh1LFO80LZgM","BC1F3:KNOWN_BMS_LOT_CLOSE","Introgression_confirmed","ADVANCE BC1F5 IN PV2627","ADVANCE BC1F5 IN PV2627","BC1F5","67107","sgh1LFO80LZgM"
"25ALM_BC1F3s1_1188","(IRAT204*2/Keller)-B-12","FYZX","25ALM_BC1F3s1_0012","GMS_PV2324_MIN_15007_12","(IRAT204*2/Keller)-B-12",42635,"sgh1LVgsjV79J","GMS_PGF2025_MIN_0012","(IRAT204*2/Keller)-B-12-1","54137","sgh1LT0zeHtaE","GMS_MN2025_126079","(IRAT204*2/Keller)-B-12-1-1","65720","sgh1Lwi7XOWg5","NO_ISSUES_IDENTIFIED","Introgression_confirmed","ADVANCE BC1F5 IN PV2627","ADVANCE BC1F5 IN PV2627","BC1F5","65720","sgh1Lwi7XOWg5"
"25ALM_BC1F3s1_0853","(IRAT204*2/Keller)-B-11","FPKT","25ALM_BC1F3s1_0011","GMS_PV2324_MIN_15007_11","(IRAT204*2/Keller)-B-11",42634,"sgh1L5lFYETIP","GMS_PGF2025_MIN_0011","(IRAT204*2/Keller)-B-11-1","54136","sgh1LzRV4Ldr4","GMS_MN2025_219097","(IRAT204*2/Keller)-B-11-1-1","65578","sgh1LzESj8XVD","NO_ISSUES_IDENTIFIED","Introgression_confirmed","ADVANCE BC1F5 IN PV2627","ADVANCE BC1F5 IN PV2627","BC1F5","65578","sgh1LzESj8XVD"
"25ALM_BC1F3s1_0199","(IRAT204*2/Keller)-B-10","FQNE","25ALM_BC1F3s1_0010","GMS_PV2324_MIN_15007_10","(IRAT204*2/Keller)-B-10",42633,"sgh1LFWtCHWbn","GMS_PGF2025_MIN_0010","(IRAT204*2/Keller)-B-10-1","54135","sgh1Ld1kA9ryc","GMS_MN2025_138034","(IRAT204*2/Keller)-B-10-1-1","67871","sgh1LiWJyDbjR","NO_ISSUES_IDENTIFIED","Introgression_confirmed","ADVANCE BC1F5 IN PV2627","ADVANCE BC1F5 IN PV2627","BC1F5","67871","sgh1LiWJyDbjR"
"25ALM_BC1F3s1_1033","(IRAT204*2/Keller)-B-1","FEDH","25ALM_BC1F3s1_0001","GMS_PV2324_MIN_15007_01","(IRAT204*2/Keller)-B-1",42624,"sgh1LAf4PeLOu","GMS_PGF2025_MIN_0001","(IRAT204*2/Keller)-B-1-1","54128","sgh1LszpEkqrc","GMS_MN2025_116017","(IRAT204*2/Keller)-B-1-1-1","67280","sgh1LFjcR37Rn","NO_ISSUES_IDENTIFIED","Introgression_confirmed","ADVANCE BC1F5 IN PV2627","ADVANCE BC1F5 IN PV2627","BC1F5","67280","sgh1LFjcR37Rn"
"25ALM_BC1F3s1_1594","(IRAT204*2/Rox Orange)-B-8","FPME","25ALM_BC1F3s1_0753","GMS_PV2324_MIN_14020_08","(IRAT204*2/Rox Orange)-B-8",43762,"sgh1LnPdbuw6E","GMS_PGF2025_MIN_0753","(IRAT204*2/Rox Orange)-B-8-1","54788","sgh1LL1PYIWce","GMS_MN2025_104016","(IRAT204*2/Rox Orange)-B-8-1-1","67321","sgh1LxWikqYuc","NO_ISSUES_IDENTIFIED","Introgression_confirmed","ADVANCE BC1F5 IN PV2627","ADVANCE BC1F5 IN PV2627","BC1F5","67321","sgh1LxWikqYuc"
"25ALM_BC1F3s1_0601","(IRAT204*2/Rox Orange)-B-7","FIOT","25ALM_BC1F3s1_0752","GMS_PV2324_MIN_14020_07","(IRAT204*2/Rox Orange)-B-7",43761,"sgh1LSbQldFM7","GMS_PGF2025_MIN_0752","(IRAT204*2/Rox Orange)-B-7-1","54787","sgh1LbLFqU3oL","GMS_MN2025_215098","(IRAT204*2/Rox Orange)-B-7-1-1","65490","sgh1Ld7aL61HA","NO_ISSUES_IDENTIFIED","Introgression_confirmed","ADVANCE BC1F5 IN PV2627","ADVANCE BC1F5 IN PV2627","BC1F5","65490","sgh1Ld7aL61HA"
"25ALM_BC1F3s1_1497","(IRAT204*2/Rox Orange)-B-6","FVQJ","25ALM_BC1F3s1_0751","GMS_PV2324_MIN_14020_06","(IRAT204*2/Rox Orange)-B-6",43760,"sgh1LNOFV5tNq","GMS_PGF2025_MIN_0751","(IRAT204*2/Rox Orange)-B-6-1","54786","sgh1LoMBdgFYo","GMS_MN2025_131018","(IRAT204*2/Rox Orange)-B-6-1-1","67678","sgh1LSsiky07A","NO_ISSUES_IDENTIFIED","Introgression_confirmed","ADVANCE BC1F5 IN PV2627","ADVANCE BC1F5 IN PV2627","BC1F5","67678","sgh1LSsiky07A"
"25ALM_BC1F3s1_2698","(IRAT204*2/Rox Orange)-B-5","FQYP","25ALM_BC1F3s1_0750","GMS_PV2324_MIN_14020_05","(IRAT204*2/Rox Orange)-B-5",43759,"sgh1LT68Wrms7","GMS_PGF2025_MIN_0750","(IRAT204*2/Rox Orange)-B-5-1","54785","sgh1LURNumRmq","GMS_MN2025_109017","(IRAT204*2/Rox Orange)-B-5-1-1","67079","sgh1LZVaGq71C","NO_ISSUES_IDENTIFIED","Introgression_confirmed","ADVANCE BC1F5 IN PV2627","ADVANCE BC1F5 IN PV2627","BC1F5","67079","sgh1LZVaGq71C"
"25ALM_BC1F3s1_0407","(IRAT204*2/Rox Orange)-B-4","FTZI","25ALM_BC1F3s1_0749","GMS_PV2324_MIN_14020_04","(IRAT204*2/Rox Orange)-B-4",43758,"sgh1LEOxYyxiq","GMS_PGF2025_MIN_0749","(IRAT204*2/Rox Orange)-B-4-1","54784","sgh1LKlJ8NdL5","GMS_MN2025_138029","(IRAT204*2/Rox Orange)-B-4-1-1","67868","sgh1LSt5QwJKa","NO_ISSUES_IDENTIFIED","Introgression_confirmed","ADVANCE BC1F5 IN PV2627","ADVANCE BC1F5 IN PV2627","BC1F5","67868","sgh1LSt5QwJKa"
"25ALM_BC1F3s1_0434","(IRAT204*2/Rox Orange)-B-3","FZWM","25ALM_BC1F3s1_0748","GMS_PV2324_MIN_14020_03","(IRAT204*2/Rox Orange)-B-3",43757,"sgh1LM1jvsCTA","GMS_PGF2025_MIN_0748","(IRAT204*2/Rox Orange)-B-3-1","54783","sgh1LVVf2suHN","GMS_MN2025_103020","(IRAT204*2/Rox Orange)-B-3-1-1","67028","sgh1LBBERbDfQ","NO_ISSUES_IDENTIFIED","Introgression_confirmed","ADVANCE BC1F5 IN PV2627","ADVANCE BC1F5 IN PV2627","BC1F5","67028","sgh1LBBERbDfQ"
"25ALM_BC1F3s1_1295","(IRAT204*2/Rox Orange)-B-2","FRJD","25ALM_BC1F3s1_0747","GMS_PV2324_MIN_14020_02","(IRAT204*2/Rox Orange)-B-2",43756,"sgh1LIVX0lC2z","GMS_PGF2025_MIN_0747","(IRAT204*2/Rox Orange)-B-2-1","54782","sgh1Ltla2NsyF","GMS_MN2025_121014","(IRAT204*2/Rox Orange)-B-2-1-1","67412","sgh1LRc2hCDSX","NO_ISSUES_IDENTIFIED","Introgression_confirmed","ADVANCE BC1F5 IN PV2627","ADVANCE BC1F5 IN PV2627","BC1F5","67412","sgh1LRc2hCDSX"
"25ALM_BC1F3s1_0820","(IRAT204*2/Rox Orange)-B-15","FYTF","25ALM_BC1F3s1_0760","GMS_PV2324_MIN_14020_15","(IRAT204*2/Rox Orange)-B-15",43769,"sgh1LmgHpNUY5","GMS_PGF2025_MIN_0760","(IRAT204*2/Rox Orange)-B-15-1","54795","sgh1L9z4DxZrm","GMS_MN2025_118041","(IRAT204*2/Rox Orange)-B-15-1-1","67349","sgh1LsgqN7Z66","NO_ISSUES_IDENTIFIED","Introgression_confirmed","ADVANCE BC1F5 IN PV2627","ADVANCE BC1F5 IN PV2627","BC1F5","67349","sgh1LsgqN7Z66"
"25ALM_BC1F3s1_0522","(IRAT204*2/Rox Orange)-B-14","FMEI","25ALM_BC1F3s1_0759","GMS_PV2324_MIN_14020_14","(IRAT204*2/Rox Orange)-B-14",43768,"sgh1L59pwjmoD","GMS_PGF2025_MIN_0759","(IRAT204*2/Rox Orange)-B-14-1","54794","sgh1LyPivYir9","GMS_MN2025_104007","(IRAT204*2/Rox Orange)-B-14-1-1","67240","sgh1LKqzMZpFa","NO_ISSUES_IDENTIFIED","Introgression_confirmed","ADVANCE BC1F5 IN PV2627","ADVANCE BC1F5 IN PV2627","BC1F5","67240","sgh1LKqzMZpFa"
"25ALM_BC1F3s1_1689","(IRAT204*2/Rox Orange)-B-10","FBSP","25ALM_BC1F3s1_0755","GMS_PV2324_MIN_14020_10","(IRAT204*2/Rox Orange)-B-10",43764,"sgh1LC9bSwmsl","GMS_PGF2025_MIN_0755","(IRAT204*2/Rox Orange)-B-10-1","54790","sgh1LQ88RsJSB","GMS_MN2025_107015","(IRAT204*2/Rox Orange)-B-10-1-1","67027","sgh1Ll5E5tgo3","NO_ISSUES_IDENTIFIED","Introgression_confirmed","ADVANCE BC1F5 IN PV2627","ADVANCE BC1F5 IN PV2627","BC1F5","67027","sgh1Ll5E5tgo3"
"25ALM_BC1F3s1_2194","(IRAT204*2/Rox Orange)-B-1","FTUT","25ALM_BC1F3s1_0746","GMS_PV2324_MIN_14020_01","(IRAT204*2/Rox Orange)-B-1",43755,"sgh1LToxYP7d5","GMS_PGF2025_MIN_0746","(IRAT204*2/Rox Orange)-B-1-1","54781","sgh1Lefba0JvI","GMS_MN2025_116036","(IRAT204*2/Rox Orange)-B-1-1-1","67296","sgh1LVY15hQ3A","NO_ISSUES_IDENTIFIED","Introgression_confirmed","ADVANCE BC1F5 IN PV2627","ADVANCE BC1F5 IN PV2627","BC1F5","67296","sgh1LVY15hQ3A"
"25ALM_BC1F3s1_0451","(IRAT204*2/SC1345)-B-9","FXFH","25ALM_BC1F3s1_0784","GMS_PV2324_MIN_14022_09","(IRAT204*2/SC1345)-B-9",43793,"sgh1La8DDy003","GMS_PGF2025_MIN_0784","(IRAT204*2/SC1345)-B-9-1","54819","sgh1LVZsIme8G","GMS_MN2025_128020","(IRAT204*2/SC1345)-B-9-1-1","67599","sgh1LjOKsw36t","NO_ISSUES_IDENTIFIED","Introgression_confirmed","ADVANCE BC1F5 IN PV2627","ADVANCE BC1F5 IN PV2627","BC1F5","67599","sgh1LjOKsw36t"
"25ALM_BC1F3s1_2391","(IRAT204*2/SC1345)-B-8","FHPC","25ALM_BC1F3s1_0783","GMS_PV2324_MIN_14022_08","(IRAT204*2/SC1345)-B-8",43792,"sgh1LC0PyeNKm","GMS_PGF2025_MIN_0783","(IRAT204*2/SC1345)-B-8-1","54818","sgh1L1nsKFllS",NA,NA,NA,NA,"NOT_HARVESTED_MN2025","Introgression_confirmed","ADVANCE BC1F4 IN PV2627","ADVANCE BC1F4 IN PV2627","BC1F4","54818","sgh1L1nsKFllS"
"25ALM_BC1F3s1_1969","(IRAT204*2/SC1345)-B-6","FFLR","25ALM_BC1F3s1_0781","GMS_PV2324_MIN_14022_06","(IRAT204*2/SC1345)-B-6",43790,"sgh1LUT5yAZOv","GMS_PGF2025_MIN_0781","(IRAT204*2/SC1345)-B-6-1","54816","sgh1L7FIUlsUs","GMS_MN2025_126031","(IRAT204*2/SC1345)-B-6-1-1","67558","sgh1Lo0rvexE8","NO_ISSUES_IDENTIFIED","Introgression_confirmed","ADVANCE BC1F5 IN PV2627","ADVANCE BC1F5 IN PV2627","BC1F5","67558","sgh1Lo0rvexE8"
"25ALM_BC1F3s1_1253","(IRAT204*2/SC1345)-B-3","FKVH","25ALM_BC1F3s1_0778","GMS_PV2324_MIN_14022_03","(IRAT204*2/SC1345)-B-3",43787,"sgh1LnovbSJrJ","GMS_PGF2025_MIN_0778","(IRAT204*2/SC1345)-B-3-1","54813","sgh1L51MMJMlR","GMS_MN2025_230085","(IRAT204*2/SC1345)-B-3-1-1","65798","sgh1LVVJdcQWw","NO_ISSUES_IDENTIFIED","Introgression_confirmed","ADVANCE BC1F5 IN PV2627","ADVANCE BC1F5 IN PV2627","BC1F5","65798","sgh1LVVJdcQWw"
"25ALM_BC1F3s1_1937","(IRAT204*2/SC1345)-B-2","FTMD","25ALM_BC1F3s1_0777","GMS_PV2324_MIN_14022_02","(IRAT204*2/SC1345)-B-2",43786,"sgh1Lui6vK9s8","GMS_PGF2025_MIN_0777","(IRAT204*2/SC1345)-B-2-1","54812","sgh1LAbpMhnTW","GMS_MN2025_213088","(IRAT204*2/SC1345)-B-2-1-1","65452","sgh1L5u8OBwKq","NO_ISSUES_IDENTIFIED","Introgression_confirmed","ADVANCE BC1F5 IN PV2627","ADVANCE BC1F5 IN PV2627","BC1F5","65452","sgh1L5u8OBwKq"
"25ALM_BC1F3s1_2810","(IRAT204*2/SC1345)-B-15","FTSK","25ALM_BC1F3s1_0790","GMS_PV2324_MIN_14022_15","(IRAT204*2/SC1345)-B-15",43799,"sgh1Lo7Glpgsk","GMS_PGF2025_MIN_0790","(IRAT204*2/SC1345)-B-15-1","54825","sgh1LWzYzcWFk","GMS_MN2025_229093","(IRAT204*2/SC1345)-B-15-1-1","65779","sgh1LjjghRO44","NO_ISSUES_IDENTIFIED","Introgression_confirmed","ADVANCE BC1F5 IN PV2627","ADVANCE BC1F5 IN PV2627","BC1F5","65779","sgh1LjjghRO44"
"25ALM_BC1F3s1_0925","(IRAT204*2/SC1345)-B-13","FLYK","25ALM_BC1F3s1_0788","GMS_PV2324_MIN_14022_13","(IRAT204*2/SC1345)-B-13",43797,"sgh1LpxU0xd49","GMS_PGF2025_MIN_0788","(IRAT204*2/SC1345)-B-13-1","54823","sgh1L56VsQCG4","GMS_MN2025_126011","(IRAT204*2/SC1345)-B-13-1-1","67542","sgh1L77HoYX5U","NO_ISSUES_IDENTIFIED","Introgression_confirmed","ADVANCE BC1F5 IN PV2627","ADVANCE BC1F5 IN PV2627","BC1F5","67542","sgh1L77HoYX5U"
"25ALM_BC1F3s1_0708","(IRAT204*2/SC1345)-B-12","FLJZ","25ALM_BC1F3s1_0787","GMS_PV2324_MIN_14022_12","(IRAT204*2/SC1345)-B-12",43796,"sgh1LPWEeTgu8","GMS_PGF2025_MIN_0787","(IRAT204*2/SC1345)-B-12-1","54822","sgh1Lwx9CNOMz","GMS_MN2025_116026","(IRAT204*2/SC1345)-B-12-1-1","67289","sgh1LPBycNVNR","NO_ISSUES_IDENTIFIED","Introgression_confirmed","ADVANCE BC1F5 IN PV2627","ADVANCE BC1F5 IN PV2627","BC1F5","67289","sgh1LPBycNVNR"
"25ALM_BC1F3s1_1242","(IRAT204*2/SC1345)-B-11","FGUH","25ALM_BC1F3s1_0786","GMS_PV2324_MIN_14022_11","(IRAT204*2/SC1345)-B-11",43795,"sgh1L3VwaaC5T","GMS_PGF2025_MIN_0786","(IRAT204*2/SC1345)-B-11-1","54821","sgh1Lm94JaOL2","GMS_MN2025_230099","(IRAT204*2/SC1345)-B-11-1-1","65809","sgh1LLPaeoLGB","NO_ISSUES_IDENTIFIED","Introgression_confirmed","ADVANCE BC1F5 IN PV2627","ADVANCE BC1F5 IN PV2627","BC1F5","65809","sgh1LLPaeoLGB"
"25ALM_BC1F3s1_0046","(IRAT204*2/SC1345)-B-10","FBGB","25ALM_BC1F3s1_0785","GMS_PV2324_MIN_14022_10","(IRAT204*2/SC1345)-B-10",43794,"sgh1Lk19KY5O5","GMS_PGF2025_MIN_0785","(IRAT204*2/SC1345)-B-10-1","54820","sgh1LERnCRJ5N","GMS_MN2025_108011","(IRAT204*2/SC1345)-B-10-1-1","67053","sgh1LCvRfkZeL","NO_ISSUES_IDENTIFIED","Introgression_confirmed","ADVANCE BC1F5 IN PV2627","ADVANCE BC1F5 IN PV2627","BC1F5","67053","sgh1LCvRfkZeL"
"25ALM_BC1F3s1_2740","(IRAT204*2/SC1345)-B-1","FKNW","25ALM_BC1F3s1_0776","GMS_PV2324_MIN_14022_01","(IRAT204*2/SC1345)-B-1",43785,"sgh1LDbzD9M13","GMS_PGF2025_MIN_0776","(IRAT204*2/SC1345)-B-1-1","54811","sgh1LhWukNC5Q","GMS_MN2025_230092","(IRAT204*2/SC1345)-B-1-1-1","65803","sgh1LOE7rBaL9","NO_ISSUES_IDENTIFIED","Introgression_confirmed","ADVANCE BC1F5 IN PV2627","ADVANCE BC1F5 IN PV2627","BC1F5","65803","sgh1LOE7rBaL9"
"25ALM_BC1F3s1_1796","(IRAT204*2/SC1154)-B-9","FOLQ","25ALM_BC1F3s1_0694","GMS_PV2324_MIN_14016_09","(IRAT204*2/SC1154)-B-9",43703,"sgh1LgYjDxLyy","GMS_PGF2025_MIN_0694","(IRAT204*2/SC1154)-B-9-1","54731","sgh1Lkb08etgP","GMS_MN2025_214102","(IRAT204*2/SC1154)-B-9-1-1","65485","sgh1LUzAXgKVs","NO_ISSUES_IDENTIFIED","Introgression_confirmed","ADVANCE BC1F5 IN PV2627","ADVANCE BC1F5 IN PV2627","BC1F5","65485","sgh1LUzAXgKVs"
"25ALM_BC1F3s1_2235","(IRAT204*2/SC1154)-B-8","FFGS","25ALM_BC1F3s1_0693","GMS_PV2324_MIN_14016_08","(IRAT204*2/SC1154)-B-8",43702,"sgh1L2hH6bbIi","GMS_PGF2025_MIN_0693","(IRAT204*2/SC1154)-B-8-1","54730","sgh1LlysE305h","GMS_MN2025_118038","(IRAT204*2/SC1154)-B-8-1-1","67346","sgh1LexwFlUZ6","NO_ISSUES_IDENTIFIED","Introgression_confirmed","ADVANCE BC1F5 IN PV2627","ADVANCE BC1F5 IN PV2627","BC1F5","67346","sgh1LexwFlUZ6"
"25ALM_BC1F3s1_0152","(IRAT204*2/SC1154)-B-2","FOUP","25ALM_BC1F3s1_0687","GMS_PV2324_MIN_14016_02","(IRAT204*2/SC1154)-B-2",43696,"sgh1LXPeeo14C","GMS_PGF2025_MIN_0687","(IRAT204*2/SC1154)-B-2-1","54725","sgh1Li9P21ovC","GMS_MN2025_219081","(IRAT204*2/SC1154)-B-2-1-1","65593","sgh1LA4glmhsg","NO_ISSUES_IDENTIFIED","Introgression_confirmed","ADVANCE BC1F5 IN PV2627","ADVANCE BC1F5 IN PV2627","BC1F5","65593","sgh1LA4glmhsg"
"25ALM_BC1F3s1_2015","(IRAT204*2/SC1154)-B-15","FNLG","25ALM_BC1F3s1_0700","GMS_PV2324_MIN_14016_15","(IRAT204*2/SC1154)-B-15",43709,"sgh1L0AYZiJux","GMS_PGF2025_MIN_0700","(IRAT204*2/SC1154)-B-15-1","54737","sgh1LCSeBYd9G","GMS_MN2025_213081","(IRAT204*2/SC1154)-B-15-1-1","65458","sgh1LP04ybYNG","NO_ISSUES_IDENTIFIED","Introgression_confirmed","ADVANCE BC1F5 IN PV2627","ADVANCE BC1F5 IN PV2627","BC1F5","65458","sgh1LP04ybYNG"
"25ALM_BC1F3s1_2808","(IRAT204*2/SC1154)-B-14","FSJM","25ALM_BC1F3s1_0699","GMS_PV2324_MIN_14016_14","(IRAT204*2/SC1154)-B-14",43708,"sgh1LV37Xts56","GMS_PGF2025_MIN_0699","(IRAT204*2/SC1154)-B-14-1","54736","sgh1LpdW0D5Zy",NA,NA,NA,NA,"NO_ISSUES_IDENTIFIED","Introgression_confirmed","ADVANCE BC1F4 IN PGF","ADVANCE BC1F4 IN PGF","BC1F4","54736","sgh1LpdW0D5Zy"
"25ALM_BC1F3s1_0913","(IRAT204*2/SC1154)-B-13","FOSY","25ALM_BC1F3s1_0698","GMS_PV2324_MIN_14016_13","(IRAT204*2/SC1154)-B-13",43707,"sgh1LismucbQ9","GMS_PGF2025_MIN_0698","(IRAT204*2/SC1154)-B-13-1","54735","sgh1Lg8IUzryL","GMS_MN2025_215099","(IRAT204*2/SC1154)-B-13-1-1","65489","sgh1L2wjWfYIR","NO_ISSUES_IDENTIFIED","Introgression_confirmed","ADVANCE BC1F5 IN PV2627","ADVANCE BC1F5 IN PV2627","BC1F5","65489","sgh1L2wjWfYIR"
"25ALM_BC1F3s1_1287","(IRAT204*2/SC1154)-B-12","FKOT","25ALM_BC1F3s1_0697","GMS_PV2324_MIN_14016_12","(IRAT204*2/SC1154)-B-12",43706,"sgh1LO4Ay4YVK","GMS_PGF2025_MIN_0697","(IRAT204*2/SC1154)-B-12-1","54734","sgh1LlRjbFu3q","GMS_MN2025_115030","(IRAT204*2/SC1154)-B-12-1-1","67262","sgh1L57Jz952E","NO_ISSUES_IDENTIFIED","Introgression_confirmed","ADVANCE BC1F5 IN PV2627","ADVANCE BC1F5 IN PV2627","BC1F5","67262","sgh1L57Jz952E"
"25ALM_BC1F3s1_0127","(IRAT204*2/SC1079)-B-9","FLYC","25ALM_BC1F3s1_1266","GMS_PV2324_MIN_15020_09","(IRAT204*2/SC1079)-B-9",44408,"sgh1LP0tqtqiy","GMS_PGF2025_MIN_1266","(IRAT204*2/SC1079)-B-9-1","55264","sgh1LEEq0RIrZ","GMS_MN2025_110034","(IRAT204*2/SC1079)-B-9-1-1","67123","sgh1Lzd1VcQlk","NO_ISSUES_IDENTIFIED","Introgression_confirmed","ADVANCE BC1F5 IN PV2627","ADVANCE BC1F5 IN PV2627","BC1F5","67123","sgh1Lzd1VcQlk"
"25ALM_BC1F3s1_2464","(IRAT204*2/SC1079)-B-7","FXKU","25ALM_BC1F3s1_1264","GMS_PV2324_MIN_15020_07","(IRAT204*2/SC1079)-B-7",44406,"sgh1LbTfWBrGy","GMS_PGF2025_MIN_1264","(IRAT204*2/SC1079)-B-7-1","55262","sgh1LIHzH1Qgn","GMS_MN2025_217103","(IRAT204*2/SC1079)-B-7-1-1","65532","sgh1LlDSpxU4p","NO_ISSUES_IDENTIFIED","Introgression_confirmed","ADVANCE BC1F5 IN PV2627","ADVANCE BC1F5 IN PV2627","BC1F5","65532","sgh1LlDSpxU4p"
"25ALM_BC1F3s1_0857","(IRAT204*2/SC1079)-B-6","FAFK","25ALM_BC1F3s1_1263","GMS_PV2324_MIN_15020_06","(IRAT204*2/SC1079)-B-6",44405,"sgh1LOWs7gHEv","GMS_PGF2025_MIN_1263","(IRAT204*2/SC1079)-B-6-1","55261","sgh1LlhcbyTcO","GMS_MN2025_118020","(IRAT204*2/SC1079)-B-6-1-1","67332","sgh1LTWilbt7J","NO_ISSUES_IDENTIFIED","Introgression_confirmed","ADVANCE BC1F5 IN PV2627","ADVANCE BC1F5 IN PV2627","BC1F5","67332","sgh1LTWilbt7J"
"25ALM_BC1F3s1_0123","(IRAT204*2/SC1079)-B-5","FDNV","25ALM_BC1F3s1_1262","GMS_PV2324_MIN_15020_05","(IRAT204*2/SC1079)-B-5",44404,"sgh1L56oIhAYN","GMS_PGF2025_MIN_1262","(IRAT204*2/SC1079)-B-5-1","55260","sgh1L1WQpcVm9","GMS_MN2025_213094","(IRAT204*2/SC1079)-B-5-1-1","65447","sgh1LTa01O5WO","NO_ISSUES_IDENTIFIED","Introgression_confirmed","ADVANCE BC1F5 IN PV2627","ADVANCE BC1F5 IN PV2627","BC1F5","65447","sgh1LTa01O5WO"
"25ALM_BC1F3s1_1149","(IRAT204*2/SC1079)-B-4","FGOH","25ALM_BC1F3s1_1261","GMS_PV2324_MIN_15020_04","(IRAT204*2/SC1079)-B-4",44403,"sgh1LLI6G6z5g","GMS_PGF2025_MIN_1261","(IRAT204*2/SC1079)-B-4-1","55259","sgh1LP0bG0WkL","GMS_MN2025_219102","(IRAT204*2/SC1079)-B-4-1-1","65573","sgh1LrfNfvwGw","NO_ISSUES_IDENTIFIED","Introgression_confirmed","ADVANCE BC1F5 IN PV2627","ADVANCE BC1F5 IN PV2627","BC1F5","65573","sgh1LrfNfvwGw"
"25ALM_BC1F3s1_2132","(IRAT204*2/SC1079)-B-3","FHKC","25ALM_BC1F3s1_1260","GMS_PV2324_MIN_15020_03","(IRAT204*2/SC1079)-B-3",44402,"sgh1Lk4oQAMOh","GMS_PGF2025_MIN_1260","(IRAT204*2/SC1079)-B-3-1","55258","sgh1LiFY9K6ls","GMS_MN2025_213087","(IRAT204*2/SC1079)-B-3-1-1","65453","sgh1LjrY8eN0u","NO_ISSUES_IDENTIFIED","Introgression_confirmed","ADVANCE BC1F5 IN PV2627","ADVANCE BC1F5 IN PV2627","BC1F5","65453","sgh1LjrY8eN0u"
"25ALM_BC1F3s1_0216","(IRAT204*2/SC1079)-B-2","FJLK","25ALM_BC1F3s1_1259","GMS_PV2324_MIN_15020_02","(IRAT204*2/SC1079)-B-2",44401,"sgh1L0MHFmjc3","GMS_PGF2025_MIN_1259","(IRAT204*2/SC1079)-B-2-1","55257","sgh1LOmmb0zum","GMS_MN2025_130008","(IRAT204*2/SC1079)-B-2-1-1","67643","sgh1Lh1pYEgTD","NO_ISSUES_IDENTIFIED","Introgression_confirmed","ADVANCE BC1F5 IN PV2627","ADVANCE BC1F5 IN PV2627","BC1F5","67643","sgh1Lh1pYEgTD"
"25ALM_BC1F3s1_0352","(IRAT204*2/SC1079)-B-15","FYQW","25ALM_BC1F3s1_1272","GMS_PV2324_MIN_15020_15","(IRAT204*2/SC1079)-B-15",44414,"sgh1LxRenc0Xk","GMS_PGF2025_MIN_1272","(IRAT204*2/SC1079)-B-15-1","55270","sgh1LOqP8jmHk",NA,NA,NA,NA,"NOT_HARVESTED_MN2025","Introgression_confirmed","ADVANCE BC1F4 IN PV2627","ADVANCE BC1F4 IN PV2627","BC1F4","55270","sgh1LOqP8jmHk"
"25ALM_BC1F3s1_1462","(IRAT204*2/SC1079)-B-14","FXNE","25ALM_BC1F3s1_1271","GMS_PV2324_MIN_15020_14","(IRAT204*2/SC1079)-B-14",44413,"sgh1LAa9wtQoI","GMS_PGF2025_MIN_1271","(IRAT204*2/SC1079)-B-14-1","55269","sgh1LzeEUvxS5","GMS_MN2025_216090","(IRAT204*2/SC1079)-B-14-1-1","65521","sgh1LEwZR0Qyy","NO_ISSUES_IDENTIFIED","Introgression_confirmed","ADVANCE BC1F5 IN PV2627","ADVANCE BC1F5 IN PV2627","BC1F5","65521","sgh1LEwZR0Qyy"
"25ALM_BC1F3s1_1658","(IRAT204*2/SC1079)-B-13","FHDW","25ALM_BC1F3s1_1270","GMS_PV2324_MIN_15020_13","(IRAT204*2/SC1079)-B-13",44412,"sgh1LOU9PAEmY","GMS_PGF2025_MIN_1270","(IRAT204*2/SC1079)-B-13-1","55268","sgh1LlQt0XD8s","GMS_MN2025_228093","(IRAT204*2/SC1079)-B-13-1-1","65761","sgh1LeB2OF5cR","NO_ISSUES_IDENTIFIED","Introgression_confirmed","ADVANCE BC1F5 IN PV2627","ADVANCE BC1F5 IN PV2627","BC1F5","65761","sgh1LeB2OF5cR"
"25ALM_BC1F3s1_0932","(IRAT204*2/SC1079)-B-12","FHHS","25ALM_BC1F3s1_1269","GMS_PV2324_MIN_15020_12","(IRAT204*2/SC1079)-B-12",44411,"sgh1LSe1HIktx","GMS_PGF2025_MIN_1269","(IRAT204*2/SC1079)-B-12-1","55267","sgh1LS0Lqlv2S","GMS_MN2025_231099","(IRAT204*2/SC1079)-B-12-1-1","65814","sgh1L8qLtPNBK","NO_ISSUES_IDENTIFIED","Introgression_confirmed","ADVANCE BC1F5 IN PV2627","ADVANCE BC1F5 IN PV2627","BC1F5","65814","sgh1L8qLtPNBK"
"25ALM_BC1F3s1_2034","(IRAT204*2/SC1079)-B-11","FQEX","25ALM_BC1F3s1_1268","GMS_PV2324_MIN_15020_11","(IRAT204*2/SC1079)-B-11",44410,"sgh1LR8pc8a3v","GMS_PGF2025_MIN_1268","(IRAT204*2/SC1079)-B-11-1","55266","sgh1LySIG7EVj","GMS_MN2025_217089","(IRAT204*2/SC1079)-B-11-1-1","65540","sgh1LpzZAoJhz","NO_ISSUES_IDENTIFIED","Introgression_confirmed","ADVANCE BC1F5 IN PV2627","ADVANCE BC1F5 IN PV2627","BC1F5","65540","sgh1LpzZAoJhz"
"25ALM_BC1F3s1_0527","(IRAT204*2/SC1079)-B-1","FLAC","25ALM_BC1F3s1_1258","GMS_PV2324_MIN_15020_01","(IRAT204*2/SC1079)-B-1",44400,"sgh1Lzjs5jZOP","GMS_PGF2025_MIN_1258","(IRAT204*2/SC1079)-B-1-1","55256","sgh1LMErRnE35","GMS_MN2025_231086","(IRAT204*2/SC1079)-B-1-1-1","65821","sgh1LLsUYwSmR","NO_ISSUES_IDENTIFIED","Introgression_confirmed","ADVANCE BC1F5 IN PV2627","ADVANCE BC1F5 IN PV2627","BC1F5","65821","sgh1LLsUYwSmR"
"25ALM_BC1F3s1_0725","(IRAT204*2/SC672)-B-9","FZVJ","25ALM_BC1F3s1_0680","GMS_PV2324_MIN_14015_09","(IRAT204*2/SC672)-B-9",43688,"sgh1Lfi87DDuT","GMS_PGF2025_MIN_0680","(IRAT204*2/SC672)-B-9-1","54718","sgh1L0UPXnbeW","GMS_MN2025_126033","(IRAT204*2/SC672)-B-9-1-1","67560","sgh1LcwtuKkrI","NO_ISSUES_IDENTIFIED","Introgression_confirmed","ADVANCE BC1F5 IN PV2627","ADVANCE BC1F5 IN PV2627","BC1F5","67560","sgh1LcwtuKkrI"
"25ALM_BC1F3s1_0714","(IRAT204*2/SC672)-B-3","FZDW","25ALM_BC1F3s1_0674","GMS_PV2324_MIN_14015_03","(IRAT204*2/SC672)-B-3",43682,"sgh1LQpKQiSqG","GMS_PGF2025_MIN_0674","(IRAT204*2/SC672)-B-3-1","54713","sgh1LOE023iHK","GMS_MN2025_217084","(IRAT204*2/SC672)-B-3-1-1","65544","sgh1LeqvyQXPX","NO_ISSUES_IDENTIFIED","Introgression_confirmed","ADVANCE BC1F5 IN PV2627","ADVANCE BC1F5 IN PV2627","BC1F5","65544","sgh1LeqvyQXPX"
"25ALM_BC1F3s1_2627","(IRAT204*2/SC672)-B-13","FYTV","25ALM_BC1F3s1_0684","GMS_PV2324_MIN_14015_13","(IRAT204*2/SC672)-B-13",43692,"sgh1LdrndpRJX","GMS_PGF2025_MIN_0684","(IRAT204*2/SC672)-B-13-1","54722","sgh1LKOSVPV66","GMS_MN2025_229090","(IRAT204*2/SC672)-B-13-1-1","65782","sgh1LOi015xW3","NO_ISSUES_IDENTIFIED","Introgression_confirmed","ADVANCE BC1F5 IN PV2627","ADVANCE BC1F5 IN PV2627","BC1F5","65782","sgh1LOi015xW3"
"25ALM_BC1F3s1_1989","(IRAT204*2/SC672)-B-11","FUOJ","25ALM_BC1F3s1_0682","GMS_PV2324_MIN_14015_11","(IRAT204*2/SC672)-B-11",43690,"sgh1LO3MPQOTU","GMS_PGF2025_MIN_0682","(IRAT204*2/SC672)-B-11-1","54720","sgh1Lll5lg95Y","GMS_MN2025_221093","(IRAT204*2/SC672)-B-11-1-1","65628","sgh1Ld8PIDqX6","NO_ISSUES_IDENTIFIED","Introgression_confirmed","ADVANCE BC1F5 IN PV2627","ADVANCE BC1F5 IN PV2627","BC1F5","65628","sgh1Ld8PIDqX6"
"25ALM_BC1F3s1_2561","(IRAT204*2/SC672)-B-10","FBOB","25ALM_BC1F3s1_0681","GMS_PV2324_MIN_14015_10","(IRAT204*2/SC672)-B-10",43689,"sgh1LiML8V7wt","GMS_PGF2025_MIN_0681","(IRAT204*2/SC672)-B-10-1","54719","sgh1LLUV6dwR4",NA,NA,NA,NA,"NOT_HARVESTED_MN2025","Introgression_confirmed","ADVANCE BC1F4 IN PV2627","ADVANCE BC1F4 IN PV2627","BC1F4","54719","sgh1LLUV6dwR4"
"25ALM_BC1F3s1_1189","(IRAT204*2/SC1104)-B-9","FPYO","25ALM_BC1F3s1_1523","GMS_MN2024_MIN_12082_09","(IRAT204*2/SC1104)-B-9",42752,"sgh1L4bDGdVsU","GMS_PGF2025_MIN_1523","(IRAT204*2/SC1104)-B-9-1","54231","sgh1LKXF9g8nM","GMS_MN2025_120039","(IRAT204*2/SC1104)-B-9-1-1","67073","sgh1Lwy4xkoHz","NO_ISSUES_IDENTIFIED","Introgression_confirmed","ADVANCE BC1F5 IN PV2627","ADVANCE BC1F5 IN PV2627","BC1F5","67073","sgh1Lwy4xkoHz"
"25ALM_BC1F3s1_1519","(IRAT204*2/SC1104)-B-9","FDOC","25ALM_BC1F3s1_1502","GMS_MN2024_MIN_12081_09","(IRAT204*2/SC1104)-B-9",42752,"sgh1LTP2TvEXO","GMS_PGF2025_MIN_1502","(IRAT204*2/SC1104)-B-9-1","54231","sgh1LHVH32263",NA,NA,NA,NA,"NO_ISSUES_IDENTIFIED","Introgression_confirmed","ADVANCE BC1F4 IN PGF","ADVANCE BC1F4 IN PGF","BC1F4","54231","sgh1LHVH32263"
"25ALM_BC1F3s1_1234","(IRAT204*2/SC1104)-B-8","FKKH","25ALM_BC1F3s1_1522","GMS_MN2024_MIN_12082_08","(IRAT204*2/SC1104)-B-8",42751,"sgh1LQBt1SX4x","GMS_PGF2025_MIN_1522","(IRAT204*2/SC1104)-B-8-1","54230","sgh1LkvMsierc","GMS_MN2025_211082","(IRAT204*2/SC1104)-B-8-1-1","65412","sgh1L6KZNabw6","NO_ISSUES_IDENTIFIED","Introgression_confirmed","ADVANCE BC1F5 IN PV2627","ADVANCE BC1F5 IN PV2627","BC1F5","65412","sgh1L6KZNabw6"
"25ALM_BC1F3s1_2377","(IRAT204*2/SC1104)-B-8","FAXS","25ALM_BC1F3s1_1501","GMS_MN2024_MIN_12081_08","(IRAT204*2/SC1104)-B-8",42751,"sgh1LwMXECx5r","GMS_PGF2025_MIN_1501","(IRAT204*2/SC1104)-B-8-1","54230","sgh1LFklniwld","GMS_MN2025_134027","(IRAT204*2/SC1104)-B-8-1-1","65412","sgh1LTzKFFoKj","NO_ISSUES_IDENTIFIED","Introgression_confirmed","ADVANCE BC1F5 IN PV2627","ADVANCE BC1F5 IN PV2627","BC1F5","65412","sgh1LTzKFFoKj"
"25ALM_BC1F3s1_1251","(IRAT204*2/SC1104)-B-7","FBQU","25ALM_BC1F3s1_0120","GMS_PV2324_MIN_14031_07","(IRAT204*2/SC1104)-B-7",42750,"sgh1LCdK7YvHz","GMS_PGF2025_MIN_0120","(IRAT204*2/SC1104)-B-7-1","54229","sgh1Lz3BLbBEP","GMS_MN2025_104037","(IRAT204*2/SC1104)-B-7-1-1","65655","sgh1LFaQe33AE","NO_ISSUES_IDENTIFIED","Introgression_confirmed","ADVANCE BC1F5 IN PV2627","ADVANCE BC1F5 IN PV2627","BC1F5","65655","sgh1LFaQe33AE"
"25ALM_BC1F3s1_1942","(IRAT204*2/SC1104)-B-7","FTPR","25ALM_BC1F3s1_1500","GMS_MN2024_MIN_12081_07","(IRAT204*2/SC1104)-B-7",42750,"sgh1LzxPwzFq6","GMS_PGF2025_MIN_1500","(IRAT204*2/SC1104)-B-7-1","54229","sgh1LWERq7kQf","GMS_MN2025_116023","(IRAT204*2/SC1104)-B-7-1-1","65655","sgh1LwMlDpKcR","NO_ISSUES_IDENTIFIED","Introgression_confirmed","ADVANCE BC1F5 IN PV2627","ADVANCE BC1F5 IN PV2627","BC1F5","65655","sgh1LwMlDpKcR"
"25ALM_BC1F3s1_1997","(IRAT204*2/SC1104)-B-7","FNNN","25ALM_BC1F3s1_1521","GMS_MN2024_MIN_12082_07","(IRAT204*2/SC1104)-B-7",42750,"sgh1L3pgYtOd0","GMS_PGF2025_MIN_1521","(IRAT204*2/SC1104)-B-7-1","54229","sgh1LkmtfYYaT","GMS_MN2025_222090","(IRAT204*2/SC1104)-B-7-1-1","65655","sgh1L1msmU2CB","NO_ISSUES_IDENTIFIED","Introgression_confirmed","ADVANCE BC1F5 IN PV2627","ADVANCE BC1F5 IN PV2627","BC1F5","65655","sgh1L1msmU2CB"
"25ALM_BC1F3s1_0615","(IRAT204*2/SC1104)-B-6","FUUB","25ALM_BC1F3s1_1520","GMS_MN2024_MIN_12082_06","(IRAT204*2/SC1104)-B-6",42749,"sgh1LvN78L2UJ","GMS_PGF2025_MIN_1520","(IRAT204*2/SC1104)-B-6-1","54228","sgh1LYQftWd6c","GMS_MN2025_210094","(IRAT204*2/SC1104)-B-6-1-1","65389","sgh1LyysjwBSi","NO_ISSUES_IDENTIFIED","Introgression_confirmed","ADVANCE BC1F5 IN PV2627","ADVANCE BC1F5 IN PV2627","BC1F5","65389","sgh1LyysjwBSi"
"25ALM_BC1F3s1_1061","(IRAT204*2/SC1104)-B-6","FDVI","25ALM_BC1F3s1_1499","GMS_MN2024_MIN_12081_06","(IRAT204*2/SC1104)-B-6",42749,"sgh1LQ58iPNRd","GMS_PGF2025_MIN_1499","(IRAT204*2/SC1104)-B-6-1","54228","sgh1Ljk87CRc7","GMS_MN2025_112018","(IRAT204*2/SC1104)-B-6-1-1","65389","sgh1Lz9skXNVW","NO_ISSUES_IDENTIFIED","Introgression_confirmed","ADVANCE BC1F5 IN PV2627","ADVANCE BC1F5 IN PV2627","BC1F5","65389","sgh1Lz9skXNVW"
"25ALM_BC1F3s1_1320","(IRAT204*2/SC1104)-B-5","FXWI","25ALM_BC1F3s1_1498","GMS_MN2024_MIN_12081_05","(IRAT204*2/SC1104)-B-5",42748,"sgh1LRhvVw0Rk","GMS_PGF2025_MIN_1498","(IRAT204*2/SC1104)-B-5-1","54227","sgh1L5eSvMrWk",NA,NA,NA,NA,"NOT_HARVESTED_MN2025","Introgression_confirmed","ADVANCE BC1F4 IN PGF","ADVANCE BC1F4 IN PGF","BC1F4","54227","sgh1L5eSvMrWk"
"25ALM_BC1F3s1_2249","(IRAT204*2/SC1104)-B-5","FPOY","25ALM_BC1F3s1_1519","GMS_MN2024_MIN_12082_05","(IRAT204*2/SC1104)-B-5",42748,"sgh1LFM4P83S4","GMS_PGF2025_MIN_1519","(IRAT204*2/SC1104)-B-5-1","54227","sgh1LJiHlOrEi","GMS_MN2025_123027","(IRAT204*2/SC1104)-B-5-1-1","67202","sgh1LqM5UyQgC","NO_ISSUES_IDENTIFIED","Introgression_confirmed","ADVANCE BC1F5 IN PV2627","ADVANCE BC1F5 IN PV2627","BC1F5","67202","sgh1LqM5UyQgC"
"25ALM_BC1F3s1_0289","(IRAT204*2/SC1104)-B-4","FLXV","25ALM_BC1F3s1_1518","GMS_MN2024_MIN_12082_04","(IRAT204*2/SC1104)-B-4",42747,"sgh1L6k2d76Bj","GMS_PGF2025_MIN_1518","(IRAT204*2/SC1104)-B-4-1","54226","sgh1LlZN4r92h","GMS_MN2025_125013","(IRAT204*2/SC1104)-B-4-1-1","67342","sgh1L9wUDLQuR","NO_ISSUES_IDENTIFIED","Introgression_confirmed","ADVANCE BC1F5 IN PV2627","ADVANCE BC1F5 IN PV2627","BC1F5","67342","sgh1L9wUDLQuR"
"25ALM_BC1F3s1_2724","(IRAT204*2/SC1104)-B-3","FUKP","25ALM_BC1F3s1_1496","GMS_MN2024_MIN_12081_03","(IRAT204*2/SC1104)-B-3",42746,"sgh1LdnUdaBqu","GMS_PGF2025_MIN_1496","(IRAT204*2/SC1104)-B-3-1","54225","sgh1L64koEeUj","GMS_MN2025_129076","(IRAT204*2/SC1104)-B-3-1-1","65793","sgh1LeEfUhrSK","NO_ISSUES_IDENTIFIED","Introgression_confirmed","ADVANCE BC1F5 IN PV2627","ADVANCE BC1F5 IN PV2627","BC1F5","65793","sgh1LeEfUhrSK"
"25ALM_BC1F3s1_0332","(IRAT204*2/SC1104)-B-2","FQXI","25ALM_BC1F3s1_1516","GMS_MN2024_MIN_12082_02","(IRAT204*2/SC1104)-B-2",42745,"sgh1LWHq4T0N9","GMS_PGF2025_MIN_1516","(IRAT204*2/SC1104)-B-2-1","54224","sgh1LTlkF6Xmj","GMS_MN2025_127019","(IRAT204*2/SC1104)-B-2-1-1","67064","sgh1L7HJbRLRD","NO_ISSUES_IDENTIFIED","Introgression_confirmed","ADVANCE BC1F5 IN PV2627","ADVANCE BC1F5 IN PV2627","BC1F5","67064","sgh1L7HJbRLRD"
"25ALM_BC1F3s1_1503","(IRAT204*2/SC1104)-B-2","FQPU","25ALM_BC1F3s1_1495","GMS_MN2024_MIN_12081_02","(IRAT204*2/SC1104)-B-2",42745,"sgh1LVjyQMQm5","GMS_PGF2025_MIN_1495","(IRAT204*2/SC1104)-B-2-1","54224","sgh1LP2ZelkzV","GMS_MN2025_108027","(IRAT204*2/SC1104)-B-2-1-1","67064","sgh1LBTQy2RN6","NO_ISSUES_IDENTIFIED","Introgression_confirmed","ADVANCE BC1F5 IN PV2627","ADVANCE BC1F5 IN PV2627","BC1F5","67064","sgh1LBTQy2RN6"
"25ALM_BC1F3s1_0883","(IRAT204*2/SC1104)-B-19","FDMT","25ALM_BC1F3s1_1512","GMS_MN2024_MIN_12081_19","(IRAT204*2/SC1104)-B-19",48234,"sgh1LuT8JV8c6","GMS_PGF2025_MIN_1512","(IRAT204*2/SC1104)-B-19-1","55481","sgh1LLwRhRBI1","GMS_MN2025_132032","(IRAT204*2/SC1104)-B-19-1-1","67714","sgh1LNa4DSKFq","NO_ISSUES_IDENTIFIED","Introgression_confirmed","ADVANCE BC1F5 IN PV2627","ADVANCE BC1F5 IN PV2627","BC1F5","67714","sgh1LNa4DSKFq"
"25ALM_BC1F3s1_0923","(IRAT204*2/SC1104)-B-18","FXJZ","25ALM_BC1F3s1_1511","GMS_MN2024_MIN_12081_18","(IRAT204*2/SC1104)-B-18",48233,"sgh1L9E9PGY7A","GMS_PGF2025_MIN_1511","(IRAT204*2/SC1104)-B-18-1","55480","sgh1L1MDFofm4","GMS_MN2025_108008","(IRAT204*2/SC1104)-B-18-1-1","65531","sgh1LlLBfXafz","NO_ISSUES_IDENTIFIED","Introgression_confirmed","ADVANCE BC1F5 IN PV2627","ADVANCE BC1F5 IN PV2627","BC1F5","65531","sgh1LlLBfXafz"
"25ALM_BC1F3s1_1957","(IRAT204*2/SC1104)-B-18","FBTY","25ALM_BC1F3s1_1532","GMS_MN2024_MIN_12082_18","(IRAT204*2/SC1104)-B-18",48233,"sgh1LwBbvPMVa","GMS_PGF2025_MIN_1532","(IRAT204*2/SC1104)-B-18-1","55480","sgh1LPmlMO2yn","GMS_MN2025_216101","(IRAT204*2/SC1104)-B-18-1-1","65531","sgh1LgyrLg7WX","NO_ISSUES_IDENTIFIED","Introgression_confirmed","ADVANCE BC1F5 IN PV2627","ADVANCE BC1F5 IN PV2627","BC1F5","65531","sgh1LgyrLg7WX"
"25ALM_BC1F3s1_0523","(IRAT204*2/SC1104)-B-17","FGFI","25ALM_BC1F3s1_1531","GMS_MN2024_MIN_12082_17","(IRAT204*2/SC1104)-B-17",48232,"sgh1Li9n5M7An","GMS_PGF2025_MIN_1531","(IRAT204*2/SC1104)-B-17-1","55479","sgh1LSjxxooch","GMS_MN2025_104008","(IRAT204*2/SC1104)-B-17-1-1","67249","sgh1L0SECcJhD","NO_ISSUES_IDENTIFIED","Introgression_confirmed","ADVANCE BC1F5 IN PV2627","ADVANCE BC1F5 IN PV2627","BC1F5","67249","sgh1L0SECcJhD"
"25ALM_BC1F3s1_2123","(IRAT204*2/SC1104)-B-16","FXIE","25ALM_BC1F3s1_1530","GMS_MN2024_MIN_12082_16","(IRAT204*2/SC1104)-B-16",48231,"sgh1LwSaqnTPi","GMS_PGF2025_MIN_1530","(IRAT204*2/SC1104)-B-16-1","55478","sgh1LlyW0u5Fc","GMS_MN2025_226081","(IRAT204*2/SC1104)-B-16-1-1","65722","sgh1LZ429TrSs","NO_ISSUES_IDENTIFIED","Introgression_confirmed","ADVANCE BC1F5 IN PV2627","ADVANCE BC1F5 IN PV2627","BC1F5","65722","sgh1LZ429TrSs"
"25ALM_BC1F3s1_0955","(IRAT204*2/SC1104)-B-15","FVLZ","25ALM_BC1F3s1_1508","GMS_MN2024_MIN_12081_15","(IRAT204*2/SC1104)-B-15",42758,"sgh1LrQwKfAc0","GMS_PGF2025_MIN_1508","(IRAT204*2/SC1104)-B-15-1","55477","sgh1LkzHVBjLp","GMS_MN2025_120014","(IRAT204*2/SC1104)-B-15-1-1","67383","sgh1L7p8cynwD","NO_ISSUES_IDENTIFIED","Introgression_confirmed","ADVANCE BC1F5 IN PV2627","ADVANCE BC1F5 IN PV2627","BC1F5","67383","sgh1L7p8cynwD"
"25ALM_BC1F3s1_2621","(IRAT204*2/SC1104)-B-15","FNMG","25ALM_BC1F3s1_1529","GMS_MN2024_MIN_12082_15","(IRAT204*2/SC1104)-B-15",42758,"sgh1LGR5zDLSc","GMS_PGF2025_MIN_1529","(IRAT204*2/SC1104)-B-15-1","55477","sgh1LCd065LKU","GMS_MN2025_121032","(IRAT204*2/SC1104)-B-15-1-1","67383","sgh1LrhXNt1RT","NO_ISSUES_IDENTIFIED","Introgression_confirmed","ADVANCE BC1F5 IN PV2627","ADVANCE BC1F5 IN PV2627","BC1F5","67383","sgh1LrhXNt1RT"
"25ALM_BC1F3s1_0695","(IRAT204*2/SC1104)-B-14","FOYA","25ALM_BC1F3s1_1528","GMS_MN2024_MIN_12082_14","(IRAT204*2/SC1104)-B-14",42757,"sgh1LxDahGuPA","GMS_PGF2025_MIN_1528","(IRAT204*2/SC1104)-B-14-1","55476","sgh1LDxsnxjUA","GMS_MN2025_110010","(IRAT204*2/SC1104)-B-14-1-1","65698","sgh1LA4yVSKu8","NO_ISSUES_IDENTIFIED","Introgression_confirmed","ADVANCE BC1F5 IN PV2627","ADVANCE BC1F5 IN PV2627","BC1F5","65698","sgh1LA4yVSKu8"
"25ALM_BC1F3s1_1528","(IRAT204*2/SC1104)-B-14","FYXE","25ALM_BC1F3s1_1507","GMS_MN2024_MIN_12081_14","(IRAT204*2/SC1104)-B-14",42757,"sgh1Ld9ZemijR","GMS_PGF2025_MIN_1507","(IRAT204*2/SC1104)-B-14-1","55476","sgh1LwseC6XnL","GMS_MN2025_224092","(IRAT204*2/SC1104)-B-14-1-1","65698","sgh1Lc24iF57o","NO_ISSUES_IDENTIFIED","Introgression_confirmed","ADVANCE BC1F5 IN PV2627","ADVANCE BC1F5 IN PV2627","BC1F5","65698","sgh1Lc24iF57o"
"25ALM_BC1F3s1_0114","(IRAT204*2/SC1104)-B-12","FDMX","25ALM_BC1F3s1_1526","GMS_MN2024_MIN_12082_12","(IRAT204*2/SC1104)-B-12",42755,"sgh1LCh7ilZ4J","GMS_PGF2025_MIN_1526","(IRAT204*2/SC1104)-B-12-1","54234","sgh1LxY0PHro7","GMS_MN2025_118028","(IRAT204*2/SC1104)-B-12-1-1","67038","sgh1LzC4mqQCt","NO_ISSUES_IDENTIFIED","Introgression_confirmed","ADVANCE BC1F5 IN PV2627","ADVANCE BC1F5 IN PV2627","BC1F5","67038","sgh1LzC4mqQCt"
"25ALM_BC1F3s1_2473","(IRAT204*2/SC1104)-B-12","FOAP","25ALM_BC1F3s1_1505","GMS_MN2024_MIN_12081_12","(IRAT204*2/SC1104)-B-12",42755,"sgh1LWqAiijcg","GMS_PGF2025_MIN_1505","(IRAT204*2/SC1104)-B-12-1","54234","sgh1LNXWHolbk","GMS_MN2025_103021","(IRAT204*2/SC1104)-B-12-1-1","67038","sgh1LQ08v0zup","NO_ISSUES_IDENTIFIED","Introgression_confirmed","ADVANCE BC1F5 IN PV2627","ADVANCE BC1F5 IN PV2627","BC1F5","67038","sgh1LQ08v0zup"
"25ALM_BC1F3s1_2277","(IRAT204*2/SC1104)-B-11","FHXP","25ALM_BC1F3s1_1504","GMS_MN2024_MIN_12081_11","(IRAT204*2/SC1104)-B-11",42754,"sgh1LBVvcUmnt","GMS_PGF2025_MIN_1504","(IRAT204*2/SC1104)-B-11-1","54233","sgh1LWmw9yd0h","GMS_MN2025_108040","(IRAT204*2/SC1104)-B-11-1-1","67072","sgh1LXnxd3jQl","NO_ISSUES_IDENTIFIED","Introgression_confirmed","ADVANCE BC1F5 IN PV2627","ADVANCE BC1F5 IN PV2627","BC1F5","67072","sgh1LXnxd3jQl"
"25ALM_BC1F3s1_0982","(IRAT204*2/SC1104)-B-10","FRDV","25ALM_BC1F3s1_1503","GMS_MN2024_MIN_12081_10","(IRAT204*2/SC1104)-B-10",42753,"sgh1LmjEAISCe","GMS_PGF2025_MIN_1503","(IRAT204*2/SC1104)-B-10-1","54232","sgh1Lzpcfvsjj","GMS_MN2025_111013","(IRAT204*2/SC1104)-B-10-1-1","67047","sgh1LwpA5doSB","NO_ISSUES_IDENTIFIED","Introgression_confirmed","ADVANCE BC1F5 IN PV2627","ADVANCE BC1F5 IN PV2627","BC1F5","67047","sgh1LwpA5doSB"
"25ALM_BC1F3s1_1798","(IRAT204*2/SC1104)-B-10","FUGH","25ALM_BC1F3s1_1524","GMS_MN2024_MIN_12082_10","(IRAT204*2/SC1104)-B-10",42753,"sgh1L5YptqKdX","GMS_PGF2025_MIN_1524","(IRAT204*2/SC1104)-B-10-1","54232","sgh1LDljrlUZ5","GMS_MN2025_107040","(IRAT204*2/SC1104)-B-10-1-1","67047","sgh1LHoWVtO5Y","NO_ISSUES_IDENTIFIED","Introgression_confirmed","ADVANCE BC1F5 IN PV2627","ADVANCE BC1F5 IN PV2627","BC1F5","67047","sgh1LHoWVtO5Y"
"25ALM_BC1F3s1_1815","(IRAT204*2/SC1104)-B-10","FMYD","25ALM_BC1F3s1_0123","GMS_PV2324_MIN_14031_10","(IRAT204*2/SC1104)-B-10",42753,"sgh1LTquT3k3n","GMS_PGF2025_MIN_0123","(IRAT204*2/SC1104)-B-10-1","54232","sgh1LGIPG1Lnm","GMS_MN2025_131028","(IRAT204*2/SC1104)-B-10-1-1","67047","sgh1LcP0q0JkC","NO_ISSUES_IDENTIFIED","Introgression_confirmed","ADVANCE BC1F5 IN PV2627","ADVANCE BC1F5 IN PV2627","BC1F5","67047","sgh1LcP0q0JkC"
"25ALM_BC1F3s1_1088","(IRAT204*2/SC1104)-B-1","FUSA","25ALM_BC1F3s1_1494","GMS_MN2024_MIN_12081_01","(IRAT204*2/SC1104)-B-1",42744,"sgh1LBtcFBW9v","GMS_PGF2025_MIN_1494","(IRAT204*2/SC1104)-B-1-1","55474","sgh1LsYV64pTY","GMS_MN2025_110006","(IRAT204*2/SC1104)-B-1-1-1","67098","sgh1LMRw3Rj56","NO_ISSUES_IDENTIFIED","Introgression_confirmed","ADVANCE BC1F5 IN PV2627","ADVANCE BC1F5 IN PV2627","BC1F5","67098","sgh1LMRw3Rj56"
"25ALM_BC1F3s1_0835","(IRAT204*2/SC1056)-B-7","FZQM","25ALM_BC1F3s1_0663","GMS_PV2324_MIN_14014_07","(IRAT204*2/SC1056)-B-7",43671,"sgh1LaGEekJTN","GMS_PGF2025_MIN_0663","(IRAT204*2/SC1056)-B-7-1","54703","sgh1LI5sDPznm","GMS_MN2025_124016","(IRAT204*2/SC1056)-B-7-1-1","67498","sgh1LHJzo2Tfx","NO_ISSUES_IDENTIFIED","Introgression_confirmed","ADVANCE BC1F5 IN PV2627","ADVANCE BC1F5 IN PV2627","BC1F5","67498","sgh1LHJzo2Tfx"
"25ALM_BC1F3s1_1747","(IRAT204*2/SC1056)-B-4","FTUJ","25ALM_BC1F3s1_0660","GMS_PV2324_MIN_14014_04","(IRAT204*2/SC1056)-B-4",43668,"sgh1LClCRZF8S","GMS_PGF2025_MIN_0660","(IRAT204*2/SC1056)-B-4-1","54700","sgh1LaN3xlwWO","GMS_MN2025_132009","(IRAT204*2/SC1056)-B-4-1-1","67700","sgh1LZmABiCda","NO_ISSUES_IDENTIFIED","Introgression_confirmed","ADVANCE BC1F5 IN PV2627","ADVANCE BC1F5 IN PV2627","BC1F5","67700","sgh1LZmABiCda"
"25ALM_BC1F3s1_0678","(IRAT204*2/SC1056)-B-3","FEXM","25ALM_BC1F3s1_0659","GMS_PV2324_MIN_14014_03","(IRAT204*2/SC1056)-B-3",43667,"sgh1Ldg9dvZx7","GMS_PGF2025_MIN_0659","(IRAT204*2/SC1056)-B-3-1","54699","sgh1LgTfz2ZAF","GMS_MN2025_113006","(IRAT204*2/SC1056)-B-3-1-1","67184","sgh1LauuymMDz","NO_ISSUES_IDENTIFIED","Introgression_confirmed","ADVANCE BC1F5 IN PV2627","ADVANCE BC1F5 IN PV2627","BC1F5","67184","sgh1LauuymMDz"
"25ALM_BC1F3s1_2161","(IRAT204*2/SC1056)-B-2","FISH","25ALM_BC1F3s1_0658","GMS_PV2324_MIN_14014_02","(IRAT204*2/SC1056)-B-2",43666,"sgh1LHNSr8vBf","GMS_PGF2025_MIN_0658","(IRAT204*2/SC1056)-B-2-1","54698","sgh1LzWLfzTrn",NA,NA,NA,NA,"NOT_HARVESTED_MN2025","Introgression_confirmed","ADVANCE BC1F4 IN PV2627","ADVANCE BC1F4 IN PV2627","BC1F4","54698","sgh1LzWLfzTrn"
"25ALM_BC1F3s1_2016","(IRAT204*2/SC1056)-B-15","FWQX","25ALM_BC1F3s1_0671","GMS_PV2324_MIN_14014_15","(IRAT204*2/SC1056)-B-15",43679,"sgh1LKC4y5WXq","GMS_PGF2025_MIN_0671","(IRAT204*2/SC1056)-B-15-1","54710","sgh1LDYCHUiPs","GMS_MN2025_130077","(IRAT204*2/SC1056)-B-15-1-1","65795","sgh1LOmnGXFFL","NO_ISSUES_IDENTIFIED","Introgression_confirmed","ADVANCE BC1F5 IN PV2627","ADVANCE BC1F5 IN PV2627","BC1F5","65795","sgh1LOmnGXFFL"
"25ALM_BC1F3s1_1412","(IRAT204*2/SC1056)-B-11","FPXT","25ALM_BC1F3s1_0667","GMS_PV2324_MIN_14014_11","(IRAT204*2/SC1056)-B-11",43675,"sgh1LEgAyNAmA","GMS_PGF2025_MIN_0667","(IRAT204*2/SC1056)-B-11-1","54706","sgh1LG3w6zRhC","GMS_MN2025_217087","(IRAT204*2/SC1056)-B-11-1-1","65542","sgh1L68ViW4CE","NO_ISSUES_IDENTIFIED","Introgression_confirmed","ADVANCE BC1F5 IN PV2627","ADVANCE BC1F5 IN PV2627","BC1F5","65542","sgh1L68ViW4CE"
"25ALM_BC1F3s1_1912","(IRAT204*2/SC1056)-B-10","FVQD","25ALM_BC1F3s1_0666","GMS_PV2324_MIN_14014_10","(IRAT204*2/SC1056)-B-10",43674,"sgh1LwzZ8mnmV","GMS_PGF2025_MIN_0666","(IRAT204*2/SC1056)-B-10-1","54705","sgh1Lizu9g2fQ","GMS_MN2025_214099","(IRAT204*2/SC1056)-B-10-1-1","65483","sgh1LX0cShv9A","NO_ISSUES_IDENTIFIED","Introgression_confirmed","ADVANCE BC1F5 IN PV2627","ADVANCE BC1F5 IN PV2627","BC1F5","65483","sgh1LX0cShv9A"
"25ALM_BC1F3s1_2572","(IRAT204*2/SC1056)-B-1","FVAH","25ALM_BC1F3s1_0657","GMS_PV2324_MIN_14014_01","(IRAT204*2/SC1056)-B-1",43665,"sgh1LQB0J17PK","GMS_PGF2025_MIN_0657","(IRAT204*2/SC1056)-B-1-1","54697","sgh1L6nWnNkC4","GMS_MN2025_212098","(IRAT204*2/SC1056)-B-1-1-1","65434","sgh1LJgXKxiKq","NO_ISSUES_IDENTIFIED","Introgression_confirmed","ADVANCE BC1F5 IN PV2627","ADVANCE BC1F5 IN PV2627","BC1F5","65434","sgh1LJgXKxiKq"
"25ALM_BC1F3s1_0819","(IRAT204*2/SC910)-B-7","FQLE","25ALM_BC1F3s1_0722","GMS_PV2324_MIN_14018_07","(IRAT204*2/SC910)-B-7",43731,"sgh1LWFDi3yMD","GMS_PGF2025_MIN_0722","(IRAT204*2/SC910)-B-7-1","54758","sgh1LuBUJQiwB",NA,NA,NA,NA,"NO_ISSUES_IDENTIFIED","Introgression_confirmed","ADVANCE BC1F4 IN PGF","ADVANCE BC1F4 IN PGF","BC1F4","54758","sgh1LuBUJQiwB"
"25ALM_BC1F3s1_1694","(IRAT204*2/SC910)-B-6","FTTR","25ALM_BC1F3s1_0721","GMS_PV2324_MIN_14018_06","(IRAT204*2/SC910)-B-6",43730,"sgh1LksBo3yQr","GMS_PGF2025_MIN_0721","(IRAT204*2/SC910)-B-6-1","54757","sgh1LoTwBHadc","GMS_MN2025_225088","(IRAT204*2/SC910)-B-6-1-1","65710","sgh1LIL3vIPSZ","NO_ISSUES_IDENTIFIED","Introgression_confirmed","ADVANCE BC1F5 IN PV2627","ADVANCE BC1F5 IN PV2627","BC1F5","65710","sgh1LIL3vIPSZ"
"25ALM_BC1F3s1_2705","(IRAT204*2/SC910)-B-15","FSAW","25ALM_BC1F3s1_0730","GMS_PV2324_MIN_14018_15","(IRAT204*2/SC910)-B-15",43739,"sgh1L3ucGK5ey","GMS_PGF2025_MIN_0730","(IRAT204*2/SC910)-B-15-1","54765","sgh1LLIGymdzz","GMS_MN2025_219087","(IRAT204*2/SC910)-B-15-1-1","65588","sgh1L8I2VZago","NO_ISSUES_IDENTIFIED","Introgression_confirmed","ADVANCE BC1F5 IN PV2627","ADVANCE BC1F5 IN PV2627","BC1F5","65588","sgh1L8I2VZago"
"25ALM_BC1F3s1_0886","(IRAT204*2/SC910)-B-14","FZJA","25ALM_BC1F3s1_0729","GMS_PV2324_MIN_14018_14","(IRAT204*2/SC910)-B-14",43738,"sgh1LQlyqy4cS","GMS_PGF2025_MIN_0729","(IRAT204*2/SC910)-B-14-1","54764","sgh1LsSXs2KID","GMS_MN2025_115023","(IRAT204*2/SC910)-B-14-1-1","67257","sgh1LNyAdrBiL","NO_ISSUES_IDENTIFIED","Introgression_confirmed","ADVANCE BC1F5 IN PV2627","ADVANCE BC1F5 IN PV2627","BC1F5","67257","sgh1LNyAdrBiL"
"25ALM_BC1F3s1_1356","(IRAT204*2/SC910)-B-12","FQQJ","25ALM_BC1F3s1_0727","GMS_PV2324_MIN_14018_12","(IRAT204*2/SC910)-B-12",43736,"sgh1LniBPFG4i","GMS_PGF2025_MIN_0727","(IRAT204*2/SC910)-B-12-1","54763","sgh1LrWc4Y5Uw","GMS_MN2025_211083","(IRAT204*2/SC910)-B-12-1-1","65411","sgh1LiCvI2cws","NO_ISSUES_IDENTIFIED","Introgression_confirmed","ADVANCE BC1F5 IN PV2627","ADVANCE BC1F5 IN PV2627","BC1F5","65411","sgh1LiCvI2cws"
"25ALM_BC1F3s1_0739","(IRAT204*2/SC910)-B-11","FLQI","25ALM_BC1F3s1_0726","GMS_PV2324_MIN_14018_11","(IRAT204*2/SC910)-B-11",43735,"sgh1LAgHJtLGA","GMS_PGF2025_MIN_0726","(IRAT204*2/SC910)-B-11-1","54762","sgh1L4RVZ8caB","GMS_MN2025_229083","(IRAT204*2/SC910)-B-11-1-1","65788","sgh1Ls9nMmOed","NO_ISSUES_IDENTIFIED","Introgression_confirmed","ADVANCE BC1F5 IN PV2627","ADVANCE BC1F5 IN PV2627","BC1F5","65788","sgh1Ls9nMmOed"
"25ALM_BC1F3s1_1446","(IRAT204*2/SC910)-B-10","FCBR","25ALM_BC1F3s1_0725","GMS_PV2324_MIN_14018_10","(IRAT204*2/SC910)-B-10",43734,"sgh1Lu47jZGro","GMS_PGF2025_MIN_0725","(IRAT204*2/SC910)-B-10-1","54761","sgh1LxxnxoqPL","GMS_MN2025_227094","(IRAT204*2/SC910)-B-10-1-1","65739","sgh1LaRfIuXlS","NO_ISSUES_IDENTIFIED","Introgression_confirmed","ADVANCE BC1F5 IN PV2627","ADVANCE BC1F5 IN PV2627","BC1F5","65739","sgh1LaRfIuXlS"
"25ALM_BC1F3s1_0880","(IRAT204*2/SC673)-B-9","FNWE","25ALM_BC1F3s1_0210","GMS_PV2324_MIN_15001_09","(IRAT204*2/SC673)-B-9",42842,"sgh1LUEad9hdt","GMS_PGF2025_MIN_0210","(IRAT204*2/SC673)-B-9-1","54311","sgh1LpumiBE1L","GMS_MN2025_217085","(IRAT204*2/SC673)-B-9-1-1","65543","sgh1Lbb2mBH3L","NO_ISSUES_IDENTIFIED","Introgression_confirmed","ADVANCE BC1F5 IN PV2627","ADVANCE BC1F5 IN PV2627","BC1F5","65543","sgh1Lbb2mBH3L"
"25ALM_BC1F3s1_0427","(IRAT204*2/SC673)-B-8","FHQR","25ALM_BC1F3s1_0209","GMS_PV2324_MIN_15001_08","(IRAT204*2/SC673)-B-8",42841,"sgh1LycScfebC","GMS_PGF2025_MIN_0209","(IRAT204*2/SC673)-B-8-1","54310","sgh1LGrJOn3YT","GMS_MN2025_109022","(IRAT204*2/SC673)-B-8-1-1","67084","sgh1LsxXFlAXw","NO_ISSUES_IDENTIFIED","Introgression_confirmed","ADVANCE BC1F5 IN PV2627","ADVANCE BC1F5 IN PV2627","BC1F5","67084","sgh1LsxXFlAXw"
"25ALM_BC1F3s1_0508","(IRAT204*2/SC673)-B-7","FDBX","25ALM_BC1F3s1_0208","GMS_PV2324_MIN_15001_07","(IRAT204*2/SC673)-B-7",42840,"sgh1LBDeJiDEV","GMS_PGF2025_MIN_0208","(IRAT204*2/SC673)-B-7-1","54309","sgh1LWZUx18wG","GMS_MN2025_222092","(IRAT204*2/SC673)-B-7-1-1","65657","sgh1LihbzThhc","NO_ISSUES_IDENTIFIED","Introgression_confirmed","ADVANCE BC1F5 IN PV2627","ADVANCE BC1F5 IN PV2627","BC1F5","65657","sgh1LihbzThhc"
"25ALM_BC1F3s1_2044","(IRAT204*2/SC673)-B-6","FAIL","25ALM_BC1F3s1_0207","GMS_PV2324_MIN_15001_06","(IRAT204*2/SC673)-B-6",42839,"sgh1LpNZiQXw7","GMS_PGF2025_MIN_0207","(IRAT204*2/SC673)-B-6-1","54308","sgh1LO6gStFlT","GMS_MN2025_218086","(IRAT204*2/SC673)-B-6-1-1","65558","sgh1LGsf5IIr1","NO_ISSUES_IDENTIFIED","Introgression_confirmed","ADVANCE BC1F5 IN PV2627","ADVANCE BC1F5 IN PV2627","BC1F5","65558","sgh1LGsf5IIr1"
"25ALM_BC1F3s1_1395","(IRAT204*2/SC673)-B-4","FTVY","25ALM_BC1F3s1_0205","GMS_PV2324_MIN_15001_04","(IRAT204*2/SC673)-B-4",42837,"sgh1LK611qSFv","GMS_PGF2025_MIN_0205","(IRAT204*2/SC673)-B-4-1","54306","sgh1L62mE8wLy","GMS_MN2025_209082","(IRAT204*2/SC673)-B-4-1-1","65367","sgh1L3rTnnUPV","NO_ISSUES_IDENTIFIED","Introgression_confirmed","ADVANCE BC1F5 IN PV2627","ADVANCE BC1F5 IN PV2627","BC1F5","65367","sgh1L3rTnnUPV"
"25ALM_BC1F3s1_0969","(IRAT204*2/SC673)-B-3","FGCB","25ALM_BC1F3s1_0204","GMS_PV2324_MIN_15001_03","(IRAT204*2/SC673)-B-3",42836,"sgh1LYBajklal","GMS_PGF2025_MIN_0204","(IRAT204*2/SC673)-B-3-1","54305","sgh1L61lMXWju","GMS_MN2025_107016","(IRAT204*2/SC673)-B-3-1-1","67029","sgh1L7oRQSiN5","NO_ISSUES_IDENTIFIED","Introgression_confirmed","ADVANCE BC1F5 IN PV2627","ADVANCE BC1F5 IN PV2627","BC1F5","67029","sgh1L7oRQSiN5"
"25ALM_BC1F3s1_0357","(IRAT204*2/SC673)-B-2","FKOS","25ALM_BC1F3s1_0203","GMS_PV2324_MIN_15001_02","(IRAT204*2/SC673)-B-2",42835,"sgh1L2bM0N793","GMS_PGF2025_MIN_0203","(IRAT204*2/SC673)-B-2-1","54304","sgh1L2zyPRzrc","GMS_MN2025_216087","(IRAT204*2/SC673)-B-2-1-1","65518","sgh1LSdEhgfSd","NO_ISSUES_IDENTIFIED","Introgression_confirmed","ADVANCE BC1F5 IN PV2627","ADVANCE BC1F5 IN PV2627","BC1F5","65518","sgh1LSdEhgfSd"
"25ALM_BC1F3s1_2292","(IRAT204*2/SC673)-B-13","FHGO","25ALM_BC1F3s1_0214","GMS_PV2324_MIN_15001_13","(IRAT204*2/SC673)-B-13",42846,"sgh1LzH95QwLM","GMS_PGF2025_MIN_0214","(IRAT204*2/SC673)-B-13-1","54315","sgh1LEivE612h","GMS_MN2025_120033","(IRAT204*2/SC673)-B-13-1-1","67398","sgh1LNujqx4sg","NO_ISSUES_IDENTIFIED","Introgression_confirmed","ADVANCE BC1F5 IN PV2627","ADVANCE BC1F5 IN PV2627","BC1F5","67398","sgh1LNujqx4sg"
"25ALM_BC1F3s1_0761","(IRAT204*2/SC673)-B-12","FFAX","25ALM_BC1F3s1_0213","GMS_PV2324_MIN_15001_12","(IRAT204*2/SC673)-B-12",42845,"sgh1LYHi6gUff","GMS_PGF2025_MIN_0213","(IRAT204*2/SC673)-B-12-1","54314","sgh1LcHXH54RK","GMS_MN2025_115078","(IRAT204*2/SC673)-B-12-1-1","65506","sgh1LNi6pWeBw","NO_ISSUES_IDENTIFIED","Introgression_confirmed","ADVANCE BC1F5 IN PV2627","ADVANCE BC1F5 IN PV2627","BC1F5","65506","sgh1LNi6pWeBw"
"25ALM_BC1F3s1_1785","(IRAT204*2/SC673)-B-11","FDBI","25ALM_BC1F3s1_0212","GMS_PV2324_MIN_15001_11","(IRAT204*2/SC673)-B-11",42844,"sgh1L0VTrtoVT","GMS_PGF2025_MIN_0212","(IRAT204*2/SC673)-B-11-1","54313","sgh1LsozBE7Tb","GMS_MN2025_117022","(IRAT204*2/SC673)-B-11-1-1","67307","sgh1LRNyiqKnq","NO_ISSUES_IDENTIFIED","Introgression_confirmed","ADVANCE BC1F5 IN PV2627","ADVANCE BC1F5 IN PV2627","BC1F5","67307","sgh1LRNyiqKnq"
"25ALM_BC1F3s1_1739","(IRAT204*2/SC673)-B-10","FOZY","25ALM_BC1F3s1_0211","GMS_PV2324_MIN_15001_10","(IRAT204*2/SC673)-B-10",42843,"sgh1LnIW0ItG8","GMS_PGF2025_MIN_0211","(IRAT204*2/SC673)-B-10-1","54312","sgh1LI7CFyTk1","GMS_MN2025_134018","(IRAT204*2/SC673)-B-10-1-1","67759","sgh1L6tRldK97","NO_ISSUES_IDENTIFIED","Introgression_confirmed","ADVANCE BC1F5 IN PV2627","ADVANCE BC1F5 IN PV2627","BC1F5","67759","sgh1L6tRldK97"
"25ALM_BC1F3s1_0576","(IRAT204*2/SC673)-B-1","FALH","25ALM_BC1F3s1_0202","GMS_PV2324_MIN_15001_01","(IRAT204*2/SC673)-B-1",42834,"sgh1LXzw89j9G","GMS_PGF2025_MIN_0202","(IRAT204*2/SC673)-B-1-1","54303","sgh1L3qDU21yi","GMS_MN2025_224091","(IRAT204*2/SC673)-B-1-1-1","65697","sgh1LtW8VaAb2","NO_ISSUES_IDENTIFIED","Introgression_confirmed","ADVANCE BC1F5 IN PV2627","ADVANCE BC1F5 IN PV2627","BC1F5","65697","sgh1LtW8VaAb2"
"25ALM_BC1F3s1_2003","(IRAT204*2/SC598)-B-9","FLQK","25ALM_BC1F3s1_0344","GMS_PV2324_MIN_14011_09","(IRAT204*2/SC598)-B-9",43043,"sgh1Lwh6qRhzg","GMS_PGF2025_MIN_0344","(IRAT204*2/SC598)-B-9-1","54409","sgh1LOJdVFz06","GMS_MN2025_116009","(IRAT204*2/SC598)-B-9-1-1","67275","sgh1LXn3BsZm6","NO_ISSUES_IDENTIFIED","Introgression_confirmed","ADVANCE BC1F5 IN PV2627","ADVANCE BC1F5 IN PV2627","BC1F5","67275","sgh1LXn3BsZm6"
"25ALM_BC1F3s1_1746","(IRAT204*2/SC598)-B-5","FOKY","25ALM_BC1F3s1_0340","GMS_PV2324_MIN_14011_05","(IRAT204*2/SC598)-B-5",43039,"sgh1LyjpuTobt","GMS_PGF2025_MIN_0340","(IRAT204*2/SC598)-B-5-1","54405","sgh1LRyqQMxfP","GMS_MN2025_118076","(IRAT204*2/SC598)-B-5-1-1","65549","sgh1LU18uCXI6","NO_ISSUES_IDENTIFIED","Introgression_confirmed","ADVANCE BC1F5 IN PV2627","ADVANCE BC1F5 IN PV2627","BC1F5","65549","sgh1LU18uCXI6"
"25ALM_BC1F3s1_0425","(IRAT204*2/SC598)-B-4","FALM","25ALM_BC1F3s1_0339","GMS_PV2324_MIN_14011_04","(IRAT204*2/SC598)-B-4",43038,"sgh1LD1ytKOYA","GMS_PGF2025_MIN_0339","(IRAT204*2/SC598)-B-4-1","54404","sgh1LekoyD7tC","GMS_MN2025_124021","(IRAT204*2/SC598)-B-4-1-1","67500","sgh1LG523Um5P","NO_ISSUES_IDENTIFIED","Introgression_confirmed","ADVANCE BC1F5 IN PV2627","ADVANCE BC1F5 IN PV2627","BC1F5","67500","sgh1LG523Um5P"
"25ALM_BC1F3s1_2396","(IRAT204*2/SC598)-B-3","FEAA","25ALM_BC1F3s1_0338","GMS_PV2324_MIN_14011_03","(IRAT204*2/SC598)-B-3",43037,"sgh1LYsAWyfbr","GMS_PGF2025_MIN_0338","(IRAT204*2/SC598)-B-3-1","54403","sgh1LUNDX8bg0","GMS_MN2025_126014","(IRAT204*2/SC598)-B-3-1-1","67545","sgh1LRxtxM1VQ","NO_ISSUES_IDENTIFIED","Introgression_confirmed","ADVANCE BC1F5 IN PV2627","ADVANCE BC1F5 IN PV2627","BC1F5","67545","sgh1LRxtxM1VQ"
"25ALM_BC1F3s1_1646","(IRAT204*2/SC598)-B-11","FVFI","25ALM_BC1F3s1_0346","GMS_PV2324_MIN_14011_11","(IRAT204*2/SC598)-B-11",43045,"sgh1L7dfUIlcd","GMS_PGF2025_MIN_0346","(IRAT204*2/SC598)-B-11-1","54410","sgh1LnQ4ktKuR",NA,NA,NA,NA,"NOT_HARVESTED_MN2025","Introgression_confirmed","ADVANCE BC1F4 IN PGF","ADVANCE BC1F4 IN PGF","BC1F4","54410","sgh1LnQ4ktKuR"
"25ALM_BC1F3s1_0953","(IRAT204*2/SC598)-B-1","FRYC","25ALM_BC1F3s1_0336","GMS_PV2324_MIN_14011_01","(IRAT204*2/SC598)-B-1",43035,"sgh1L6ab4hVnw","GMS_PGF2025_MIN_0336","(IRAT204*2/SC598)-B-1-1","54401","sgh1L53uiV4fw","GMS_MN2025_137041","(IRAT204*2/SC598)-B-1-1-1","67853","sgh1Ldq9RShfo","NO_ISSUES_IDENTIFIED","Introgression_confirmed","ADVANCE BC1F5 IN PV2627","ADVANCE BC1F5 IN PV2627","BC1F5","67853","sgh1Ldq9RShfo"
"25ALM_BC1F3s1_2351","(IRAT204*2/SC659)-B-9","FKLH","25ALM_BC1F3s1_0047","GMS_PV2324_MIN_14026_09","(IRAT204*2/SC659)-B-9",42677,"sgh1L59zmxAbj","GMS_PGF2025_MIN_0047","(IRAT204*2/SC659)-B-9-1","54166","sgh1LAFe95Ozn","GMS_MN2025_211099","(IRAT204*2/SC659)-B-9-1-1","65398","sgh1L6BrzpCbb","NO_ISSUES_IDENTIFIED","Introgression_confirmed","ADVANCE BC1F5 IN PV2627","ADVANCE BC1F5 IN PV2627","BC1F5","65398","sgh1L6BrzpCbb"
"25ALM_BC1F3s1_1376","(IRAT204*2/SC659)-B-8","FRZL","25ALM_BC1F3s1_0046","GMS_PV2324_MIN_14026_08","(IRAT204*2/SC659)-B-8",42676,"sgh1LGUUdxuqr","GMS_PGF2025_MIN_0046","(IRAT204*2/SC659)-B-8-1","54165","sgh1LrtMY1gf6","GMS_MN2025_134042","(IRAT204*2/SC659)-B-8-1-1","67779","sgh1LWbEb8n9Q","NO_ISSUES_IDENTIFIED","Introgression_confirmed","ADVANCE BC1F5 IN PV2627","ADVANCE BC1F5 IN PV2627","BC1F5","67779","sgh1LWbEb8n9Q"
"25ALM_BC1F3s1_0951","(IRAT204*2/SC659)-B-7","FWLY","25ALM_BC1F3s1_0045","GMS_PV2324_MIN_14026_07","(IRAT204*2/SC659)-B-7",42675,"sgh1LDvQb7UwB","GMS_PGF2025_MIN_0045","(IRAT204*2/SC659)-B-7-1","54164","sgh1LQ1bDTVxh","GMS_MN2025_110013","(IRAT204*2/SC659)-B-7-1-1","67104","sgh1LfpdSsYl6","NO_ISSUES_IDENTIFIED","Introgression_confirmed","ADVANCE BC1F5 IN PV2627","ADVANCE BC1F5 IN PV2627","BC1F5","67104","sgh1LfpdSsYl6"
"25ALM_BC1F3s1_0657","(IRAT204*2/SC659)-B-6","FQQP","25ALM_BC1F3s1_0044","GMS_PV2324_MIN_14026_06","(IRAT204*2/SC659)-B-6",42674,"sgh1LVWlp0CdU","GMS_PGF2025_MIN_0044","(IRAT204*2/SC659)-B-6-1","54163","sgh1L3y03841d","GMS_MN2025_114024","(IRAT204*2/SC659)-B-6-1-1","67232","sgh1LyHg8TgZW","NO_ISSUES_IDENTIFIED","Introgression_confirmed","ADVANCE BC1F5 IN PV2627","ADVANCE BC1F5 IN PV2627","BC1F5","67232","sgh1LyHg8TgZW"
"25ALM_BC1F3s1_2753","(IRAT204*2/SC659)-B-5","FVPS","25ALM_BC1F3s1_0043","GMS_PV2324_MIN_14026_05","(IRAT204*2/SC659)-B-5",42673,"sgh1LEGbmZF3C","GMS_PGF2025_MIN_0043","(IRAT204*2/SC659)-B-5-1","54162","sgh1LvgqV5Zcu","GMS_MN2025_119076","(IRAT204*2/SC659)-B-5-1-1","65598","sgh1L03jjwN7S","NO_ISSUES_IDENTIFIED","Introgression_confirmed","ADVANCE BC1F5 IN PV2627","ADVANCE BC1F5 IN PV2627","BC1F5","65598","sgh1L03jjwN7S"
"25ALM_BC1F3s1_2471","(IRAT204*2/SC659)-B-4","FSKC","25ALM_BC1F3s1_0042","GMS_PV2324_MIN_14026_04","(IRAT204*2/SC659)-B-4",42672,"sgh1L5nLyI7SS","GMS_PGF2025_MIN_0042","(IRAT204*2/SC659)-B-4-1","54161","sgh1Lb8YCI38U","GMS_MN2025_111078","(IRAT204*2/SC659)-B-4-1-1","65416","sgh1L8ADYXlru","NO_ISSUES_IDENTIFIED","Introgression_confirmed","ADVANCE BC1F5 IN PV2627","ADVANCE BC1F5 IN PV2627","BC1F5","65416","sgh1L8ADYXlru"
"25ALM_BC1F3s1_0356","(IRAT204*2/SC659)-B-3","FOUQ","25ALM_BC1F3s1_0041","GMS_PV2324_MIN_14026_03","(IRAT204*2/SC659)-B-3",42671,"sgh1LP2RejFdd","GMS_PGF2025_MIN_0041","(IRAT204*2/SC659)-B-3-1","54160","sgh1L02oozKLA","GMS_MN2025_121077","(IRAT204*2/SC659)-B-3-1-1","65640","sgh1LMfrdEOPv","NO_ISSUES_IDENTIFIED","Introgression_confirmed","ADVANCE BC1F5 IN PV2627","ADVANCE BC1F5 IN PV2627","BC1F5","65640","sgh1LMfrdEOPv"
"25ALM_BC1F3s1_1719","(IRAT204*2/SC659)-B-2","FUAN","25ALM_BC1F3s1_0040","GMS_PV2324_MIN_14026_02","(IRAT204*2/SC659)-B-2",42670,"sgh1LPDhwyig1","GMS_PGF2025_MIN_0040","(IRAT204*2/SC659)-B-2-1","54159","sgh1Ltp7bi2vZ","GMS_MN2025_106041","(IRAT204*2/SC659)-B-2-1-1","67021","sgh1LiyEVRTXh","NO_ISSUES_IDENTIFIED","Introgression_confirmed","ADVANCE BC1F5 IN PV2627","ADVANCE BC1F5 IN PV2627","BC1F5","67021","sgh1LiyEVRTXh"
"25ALM_BC1F3s1_2689","(IRAT204*2/SC659)-B-12","FBWQ","25ALM_BC1F3s1_0050","GMS_PV2324_MIN_14026_12","(IRAT204*2/SC659)-B-12",42680,"sgh1LLMMZtlHU","GMS_PGF2025_MIN_0050","(IRAT204*2/SC659)-B-12-1","54169","sgh1LfXJidiZj","GMS_MN2025_127021","(IRAT204*2/SC659)-B-12-1-1","67571","sgh1L9PwWkx8J","NO_ISSUES_IDENTIFIED","Introgression_confirmed","ADVANCE BC1F5 IN PV2627","ADVANCE BC1F5 IN PV2627","BC1F5","67571","sgh1L9PwWkx8J"
"25ALM_BC1F3s1_0895","(IRAT204*2/SC659)-B-10","FXOS","25ALM_BC1F3s1_0048","GMS_PV2324_MIN_14026_10","(IRAT204*2/SC659)-B-10",42678,"sgh1LaljYRYLO","GMS_PGF2025_MIN_0048","(IRAT204*2/SC659)-B-10-1","54167","sgh1L2dwQGYqV","GMS_MN2025_121010","(IRAT204*2/SC659)-B-10-1-1","67409","sgh1LKI0OlAkK","NO_ISSUES_IDENTIFIED","Introgression_confirmed","ADVANCE BC1F5 IN PV2627","ADVANCE BC1F5 IN PV2627","BC1F5","67409","sgh1LKI0OlAkK"
"25ALM_BC1F3s1_0949","(IRAT204*2/SC659)-B-1","FXTQ","25ALM_BC1F3s1_0039","GMS_PV2324_MIN_14026_01","(IRAT204*2/SC659)-B-1",42669,"sgh1L94k6674i","GMS_PGF2025_MIN_0039","(IRAT204*2/SC659)-B-1-1","54158","sgh1Lgi3NAeNh","GMS_MN2025_110030","(IRAT204*2/SC659)-B-1-1-1","67119","sgh1Lq3EQFOHk","NO_ISSUES_IDENTIFIED","Introgression_confirmed","ADVANCE BC1F5 IN PV2627","ADVANCE BC1F5 IN PV2627","BC1F5","67119","sgh1Lq3EQFOHk"
"25ALM_BC1F3s1_1820","(IRAT204*2/SC609)-B-9","FQHC","25ALM_BC1F3s1_0299","GMS_PV2324_MIN_14009_09","(IRAT204*2/SC609)-B-9",42998,"sgh1L7PYgo85y","GMS_PGF2025_MIN_0299","(IRAT204*2/SC609)-B-9-1","54385","sgh1LxdsXEsnF","GMS_MN2025_125037","(IRAT204*2/SC609)-B-9-1-1","67537","sgh1L7Ax0ssjI","NO_ISSUES_IDENTIFIED","Introgression_confirmed","ADVANCE BC1F5 IN PV2627","ADVANCE BC1F5 IN PV2627","BC1F5","67537","sgh1L7Ax0ssjI"
"25ALM_BC1F3s1_2723","(IRAT204*2/SC609)-B-7","FFHQ","25ALM_BC1F3s1_0297","GMS_PV2324_MIN_14009_07","(IRAT204*2/SC609)-B-7",42996,"sgh1L57AFbTlw","GMS_PGF2025_MIN_0297","(IRAT204*2/SC609)-B-7-1","54383","sgh1LxrADsTra","GMS_MN2025_223103","(IRAT204*2/SC609)-B-7-1-1","65664","sgh1LXIoYnEPe","NO_ISSUES_IDENTIFIED","Introgression_confirmed","ADVANCE BC1F5 IN PV2627","ADVANCE BC1F5 IN PV2627","BC1F5","65664","sgh1LXIoYnEPe"
"25ALM_BC1F3s1_0605","(IRAT204*2/SC609)-B-4","FFMN","25ALM_BC1F3s1_0294","GMS_PV2324_MIN_14009_04","(IRAT204*2/SC609)-B-4",42993,"sgh1LhU6kKwAl","GMS_PGF2025_MIN_0294","(IRAT204*2/SC609)-B-4-1","54382","sgh1L4a4EGqfF","GMS_MN2025_137028","(IRAT204*2/SC609)-B-4-1-1","67841","sgh1LvcNKlgI5","NO_ISSUES_IDENTIFIED","Introgression_confirmed","ADVANCE BC1F5 IN PV2627","ADVANCE BC1F5 IN PV2627","BC1F5","67841","sgh1LvcNKlgI5"
"25ALM_BC1F3s1_1623","(IRAT204*2/SC609)-B-3","FEIF","25ALM_BC1F3s1_0293","GMS_PV2324_MIN_14009_03","(IRAT204*2/SC609)-B-3",42992,"sgh1LQTUYFrN7","GMS_PGF2025_MIN_0293","(IRAT204*2/SC609)-B-3-1","54381","sgh1LEcSFmLr5","GMS_MN2025_128032","(IRAT204*2/SC609)-B-3-1-1","67606","sgh1L5Wpx4l3D","NO_ISSUES_IDENTIFIED","Introgression_confirmed","ADVANCE BC1F5 IN PV2627","ADVANCE BC1F5 IN PV2627","BC1F5","67606","sgh1L5Wpx4l3D"
"25ALM_BC1F3s1_1938","(IRAT204*2/SC609)-B-15","FYTY","25ALM_BC1F3s1_0305","GMS_PV2324_MIN_14009_15","(IRAT204*2/SC609)-B-15",43004,"sgh1LiFGqeaXW","GMS_PGF2025_MIN_0305","(IRAT204*2/SC609)-B-15-1","54391","sgh1LVpkCymx2","GMS_MN2025_212082","(IRAT204*2/SC609)-B-15-1-1","65421","sgh1LJDiJ5Wjd","NO_ISSUES_IDENTIFIED","Introgression_confirmed","ADVANCE BC1F5 IN PV2627","ADVANCE BC1F5 IN PV2627","BC1F5","65421","sgh1LJDiJ5Wjd"
"25ALM_BC1F3s1_1772","(IRAT204*2/SC609)-B-14","FELV","25ALM_BC1F3s1_0304","GMS_PV2324_MIN_14009_14","(IRAT204*2/SC609)-B-14",43003,"sgh1LSbBAc1S4","GMS_PGF2025_MIN_0304","(IRAT204*2/SC609)-B-14-1","54390","sgh1LRNz6R1jV","GMS_MN2025_220099","(IRAT204*2/SC609)-B-14-1-1","65616","sgh1LJMjnRJc0","NO_ISSUES_IDENTIFIED","Introgression_confirmed","ADVANCE BC1F5 IN PV2627","ADVANCE BC1F5 IN PV2627","BC1F5","65616","sgh1LJMjnRJc0"
"25ALM_BC1F3s1_1299","(IRAT204*2/SC609)-B-13","FIJS","25ALM_BC1F3s1_0303","GMS_PV2324_MIN_14009_13","(IRAT204*2/SC609)-B-13",43002,"sgh1LPMSew0Hu","GMS_PGF2025_MIN_0303","(IRAT204*2/SC609)-B-13-1","54389","sgh1Lw1QUB1mL","GMS_MN2025_209100","(IRAT204*2/SC609)-B-13-1-1","65352","sgh1LSYtUwqeV","NO_ISSUES_IDENTIFIED","Introgression_confirmed","ADVANCE BC1F5 IN PV2627","ADVANCE BC1F5 IN PV2627","BC1F5","65352","sgh1LSYtUwqeV"
"25ALM_BC1F3s1_2275","(IRAT204*2/SC609)-B-12","FCUB","25ALM_BC1F3s1_0302","GMS_PV2324_MIN_14009_12","(IRAT204*2/SC609)-B-12",43001,"sgh1Ldvt2YaHv","GMS_PGF2025_MIN_0302","(IRAT204*2/SC609)-B-12-1","54388","sgh1L8qdKV9Kp","GMS_MN2025_118034","(IRAT204*2/SC609)-B-12-1-1","67343","sgh1LgQiRJG86","NO_ISSUES_IDENTIFIED","Introgression_confirmed","ADVANCE BC1F5 IN PV2627","ADVANCE BC1F5 IN PV2627","BC1F5","67343","sgh1LgQiRJG86"
"25ALM_BC1F3s1_0131","(IRAT204*2/SC609)-B-11","FEYW","25ALM_BC1F3s1_0301","GMS_PV2324_MIN_14009_11","(IRAT204*2/SC609)-B-11",43000,"sgh1LpyCiRXhu","GMS_PGF2025_MIN_0301","(IRAT204*2/SC609)-B-11-1","54387","sgh1LRXli7s4X","GMS_MN2025_118078","(IRAT204*2/SC609)-B-11-1-1","65550","sgh1Lvhqeg8Fk","NO_ISSUES_IDENTIFIED","Introgression_confirmed","ADVANCE BC1F5 IN PV2627","ADVANCE BC1F5 IN PV2627","BC1F5","65550","sgh1Lvhqeg8Fk"
"25ALM_BC1F3s1_1293","(IRAT204*2/SC609)-B-10","FLHM","25ALM_BC1F3s1_0300","GMS_PV2324_MIN_14009_10","(IRAT204*2/SC609)-B-10",42999,"sgh1L3lKI3rVs","GMS_PGF2025_MIN_0300","(IRAT204*2/SC609)-B-10-1","54386","sgh1LShUY5twp","GMS_MN2025_121040","(IRAT204*2/SC609)-B-10-1-1","67431","sgh1LdCSPZOA6","NO_ISSUES_IDENTIFIED","Introgression_confirmed","ADVANCE BC1F5 IN PV2627","ADVANCE BC1F5 IN PV2627","BC1F5","67431","sgh1LdCSPZOA6"
"25ALM_BC1F3s1_2439","(IRAT204*2/SC305)-B-6","FVTJ","25ALM_BC1F3s1_0706","GMS_PV2324_MIN_14017_06","(IRAT204*2/SC305)-B-6",43715,"sgh1LG2GrCeb3","GMS_PGF2025_MIN_0706","(IRAT204*2/SC305)-B-6-1","54743","sgh1LEf0qy7v4",NA,NA,NA,NA,"NO_ISSUES_IDENTIFIED","Introgression_confirmed","ADVANCE BC1F4 IN PGF","ADVANCE BC1F4 IN PGF","BC1F4","54743","sgh1LEf0qy7v4"
"25ALM_BC1F3s1_2566","(IRAT204*2/SC305)-B-4","FQJR","25ALM_BC1F3s1_0704","GMS_PV2324_MIN_14017_04","(IRAT204*2/SC305)-B-4",43713,"sgh1LwExk6TU0","GMS_PGF2025_MIN_0704","(IRAT204*2/SC305)-B-4-1","54741","sgh1LjkyGuiHj",NA,NA,NA,NA,"NOT_HARVESTED_MN2025","Introgression_confirmed","ADVANCE BC1F4 IN PGF","ADVANCE BC1F4 IN PGF","BC1F4","54741","sgh1LjkyGuiHj"
"25ALM_BC1F3s1_0307","(IRAT204*2/SC305)-B-3","FWUQ","25ALM_BC1F3s1_0703","GMS_PV2324_MIN_14017_03","(IRAT204*2/SC305)-B-3",43712,"sgh1Lnlrm4ZNm","GMS_PGF2025_MIN_0703","(IRAT204*2/SC305)-B-3-1","54740","sgh1LAtjjTIKH","GMS_MN2025_221084","(IRAT204*2/SC305)-B-3-1-1","65634","sgh1L0K0n2rzt","NO_ISSUES_IDENTIFIED","Introgression_confirmed","ADVANCE BC1F5 IN PV2627","ADVANCE BC1F5 IN PV2627","BC1F5","65634","sgh1L0K0n2rzt"
"25ALM_BC1F3s1_2608","(IRAT204*2/SC305)-B-14","FBCJ","25ALM_BC1F3s1_0714","GMS_PV2324_MIN_14017_14","(IRAT204*2/SC305)-B-14",43723,"sgh1LWPjMV5F5","GMS_PGF2025_MIN_0714","(IRAT204*2/SC305)-B-14-1","54751","sgh1LMpTSEbN1","GMS_MN2025_219101","(IRAT204*2/SC305)-B-14-1-1","65574","sgh1LTQCtrc3H","NO_ISSUES_IDENTIFIED","Introgression_confirmed","ADVANCE BC1F5 IN PV2627","ADVANCE BC1F5 IN PV2627","BC1F5","65574","sgh1LTQCtrc3H"
"25ALM_BC1F3s1_0623","(IRAT204*2/SC305)-B-13","FVMX","25ALM_BC1F3s1_0713","GMS_PV2324_MIN_14017_13","(IRAT204*2/SC305)-B-13",43722,"sgh1L4Nrm5CNn","GMS_PGF2025_MIN_0713","(IRAT204*2/SC305)-B-13-1","54750","sgh1LaibUAVh8",NA,NA,NA,NA,"NO_ISSUES_IDENTIFIED","Introgression_confirmed","ADVANCE BC1F4 IN PGF","ADVANCE BC1F4 IN PGF","BC1F4","54750","sgh1LaibUAVh8"
"25ALM_BC1F3s1_1490","(IRAT204*2/SC305)-B-12","FAHE","25ALM_BC1F3s1_0712","GMS_PV2324_MIN_14017_12","(IRAT204*2/SC305)-B-12",43721,"sgh1LyvTEZf1v","GMS_PGF2025_MIN_0712","(IRAT204*2/SC305)-B-12-1","54749","sgh1LvPHfuezz","GMS_MN2025_123078","(IRAT204*2/SC305)-B-12-1-1","65683","sgh1LpsjdV0Ak","NO_ISSUES_IDENTIFIED","Introgression_confirmed","ADVANCE BC1F5 IN PV2627","ADVANCE BC1F5 IN PV2627","BC1F5","65683","sgh1LpsjdV0Ak"
"25ALM_BC1F3s1_0007","(IRAT204*2/SC305)-B-11","FQRN","25ALM_BC1F3s1_0711","GMS_PV2324_MIN_14017_11","(IRAT204*2/SC305)-B-11",43720,"sgh1LkbSvbYIS","GMS_PGF2025_MIN_0711","(IRAT204*2/SC305)-B-11-1","54748","sgh1LMFRhnJrg","GMS_MN2025_111080","(IRAT204*2/SC305)-B-11-1-1","65414","sgh1LMmAVJqYt","NO_ISSUES_IDENTIFIED","Introgression_confirmed","ADVANCE BC1F5 IN PV2627","ADVANCE BC1F5 IN PV2627","BC1F5","65414","sgh1LMmAVJqYt"
"25ALM_BC1F3s1_1056","(IRAT204*2/SC305)-B-10","FKLN","25ALM_BC1F3s1_0710","GMS_PV2324_MIN_14017_10","(IRAT204*2/SC305)-B-10",43719,"sgh1L4wpnJf9R","GMS_PGF2025_MIN_0710","(IRAT204*2/SC305)-B-10-1","54747","sgh1LmGlK214R","GMS_MN2025_221100","(IRAT204*2/SC305)-B-10-1-1","65622","sgh1LGiM3W9if","NO_ISSUES_IDENTIFIED","Introgression_confirmed","ADVANCE BC1F5 IN PV2627","ADVANCE BC1F5 IN PV2627","BC1F5","65622","sgh1LGiM3W9if"
"25ALM_BC1F3s1_0742","(IRAT204*2/SC502)-B-9","FFSG","25ALM_BC1F3s1_1650","GMS_MN2024_MIN_13070_09","(IRAT204*2/SC502)-B-9",48285,"sgh1LvuJtw7qH","GMS_PGF2025_MIN_1650","(IRAT204*2/SC502)-B-9-1","55530","sgh1LR6fXM5kG","GMS_MN2025_109080","(IRAT204*2/SC502)-B-9-1-1","65368","sgh1LmYDK5QkB","NO_ISSUES_IDENTIFIED","Introgression_confirmed","ADVANCE BC1F5 IN PV2627","ADVANCE BC1F5 IN PV2627","BC1F5","65368","sgh1LmYDK5QkB"
"25ALM_BC1F3s1_0465","(IRAT204*2/SC502)-B-7","FYYA","25ALM_BC1F3s1_1666","GMS_MN2024_MIN_13071_07","(IRAT204*2/SC502)-B-7",48283,"sgh1LNMMnsGcb","GMS_PGF2025_MIN_1666","(IRAT204*2/SC502)-B-7-1","55528","sgh1LfpQ4rPpF","GMS_MN2025_216096","(IRAT204*2/SC502)-B-7-1-1","65526","sgh1LQu5Ta63P","NO_ISSUES_IDENTIFIED","Introgression_confirmed","ADVANCE BC1F5 IN PV2627","ADVANCE BC1F5 IN PV2627","BC1F5","65526","sgh1LQu5Ta63P"
"25ALM_BC1F3s1_1286","(IRAT204*2/SC502)-B-6","FAJX","25ALM_BC1F3s1_1665","GMS_MN2024_MIN_13071_06","(IRAT204*2/SC502)-B-6",48282,"sgh1LrUupOGIX","GMS_PGF2025_MIN_1665","(IRAT204*2/SC502)-B-6-1","55527","sgh1LDp1EWs60","GMS_MN2025_122030","(IRAT204*2/SC502)-B-6-1-1","67454","sgh1LRsUSueE4","NO_ISSUES_IDENTIFIED","Introgression_confirmed","ADVANCE BC1F5 IN PV2627","ADVANCE BC1F5 IN PV2627","BC1F5","67454","sgh1LRsUSueE4"
"25ALM_BC1F3s1_1273","(IRAT204*2/SC502)-B-5","FCOT","25ALM_BC1F3s1_1646","GMS_MN2024_MIN_13070_05","(IRAT204*2/SC502)-B-5",48281,"sgh1LR3tri8cG","GMS_PGF2025_MIN_1646","(IRAT204*2/SC502)-B-5-1","55526","sgh1L3RIqEj4S","GMS_MN2025_116022","(IRAT204*2/SC502)-B-5-1-1","67286","sgh1LEBhCO7La","NO_ISSUES_IDENTIFIED","Introgression_confirmed","ADVANCE BC1F5 IN PV2627","ADVANCE BC1F5 IN PV2627","BC1F5","67286","sgh1LEBhCO7La"
"25ALM_BC1F3s1_0567","(IRAT204*2/SC502)-B-4","FTNQ","25ALM_BC1F3s1_1663","GMS_MN2024_MIN_13071_04","(IRAT204*2/SC502)-B-4",48280,"sgh1LrLA0nwgY","GMS_PGF2025_MIN_1663","(IRAT204*2/SC502)-B-4-1","55525","sgh1L3YEF1UxO",NA,NA,NA,NA,"NOT_HARVESTED_MN2025","Introgression_confirmed","ADVANCE BC1F4 IN PGF","ADVANCE BC1F4 IN PGF","BC1F4","55525","sgh1L3YEF1UxO"
"25ALM_BC1F3s1_2390","(IRAT204*2/SC502)-B-2","FMOL","25ALM_BC1F3s1_1643","GMS_MN2024_MIN_13070_02","(IRAT204*2/SC502)-B-2",48278,"sgh1LucFnyWrI","GMS_PGF2025_MIN_1643","(IRAT204*2/SC502)-B-2-1","55523","sgh1LgzHQMq3F","GMS_MN2025_107027","(IRAT204*2/SC502)-B-2-1-1","67292","sgh1LH4zSeUqX","NO_ISSUES_IDENTIFIED","Introgression_confirmed","ADVANCE BC1F5 IN PV2627","ADVANCE BC1F5 IN PV2627","BC1F5","67292","sgh1LH4zSeUqX"
"25ALM_BC1F3s1_2165","(IRAT204*2/SC502)-B-16","FVNL","25ALM_BC1F3s1_1657","GMS_MN2024_MIN_13070_16","(IRAT204*2/SC502)-B-16",48292,"sgh1LMwBjlimH","GMS_PGF2025_MIN_1657","(IRAT204*2/SC502)-B-16-1","55537","sgh1LyND5kEzr",NA,NA,NA,NA,"NOT_HARVESTED_MN2025","Introgression_confirmed","ADVANCE BC1F4 IN PGF","ADVANCE BC1F4 IN PGF","BC1F4","55537","sgh1LyND5kEzr"
"25ALM_BC1F3s1_0677","(IRAT204*2/SC502)-B-14","FTOC","25ALM_BC1F3s1_1655","GMS_MN2024_MIN_13070_14","(IRAT204*2/SC502)-B-14",48290,"sgh1L795nFqL1","GMS_PGF2025_MIN_1655","(IRAT204*2/SC502)-B-14-1","55535","sgh1LwqDeBHtu",NA,NA,NA,NA,"NO_ISSUES_IDENTIFIED","Introgression_confirmed","ADVANCE BC1F4 IN PGF","ADVANCE BC1F4 IN PGF","BC1F4","55535","sgh1LwqDeBHtu"
"25ALM_BC1F3s1_0294","(IRAT204*2/SC502)-B-12","FVCR","25ALM_BC1F3s1_1671","GMS_MN2024_MIN_13071_12","(IRAT204*2/SC502)-B-12",48288,"sgh1LHTOKani8","GMS_PGF2025_MIN_1671","(IRAT204*2/SC502)-B-12-1","55533","sgh1L2KP3tYqc","GMS_MN2025_113009","(IRAT204*2/SC502)-B-12-1-1","67187","sgh1LQLgDSua2","NO_ISSUES_IDENTIFIED","Introgression_confirmed","ADVANCE BC1F5 IN PV2627","ADVANCE BC1F5 IN PV2627","BC1F5","67187","sgh1LQLgDSua2"
"25ALM_BC1F3s1_2599","(IRAT204*2/SC502)-B-1","FCNE","25ALM_BC1F3s1_1660","GMS_MN2024_MIN_13071_01","(IRAT204*2/SC502)-B-1",48277,"sgh1L4Lx9hXEe","GMS_PGF2025_MIN_1660","(IRAT204*2/SC502)-B-1-1","55522","sgh1LsGr5H6op","GMS_MN2025_208084","(IRAT204*2/SC502)-B-1-1-1","65348","sgh1LXb4lIvpT","NO_ISSUES_IDENTIFIED","Introgression_confirmed","ADVANCE BC1F5 IN PV2627","ADVANCE BC1F5 IN PV2627","BC1F5","65348","sgh1LXb4lIvpT"
"25ALM_BC1F3s1_2188","(IRAT204*2/SC748)-B-9","FKVI","25ALM_BC1F3s1_1324","GMS_PV2324_MIN_15024_09","(IRAT204*2/SC748)-B-9",44468,"sgh1LYprz4DTt","GMS_PGF2025_MIN_1324","(IRAT204*2/SC748)-B-9-1","55322","sgh1LA1DrENTk","GMS_MN2025_119019","(IRAT204*2/SC748)-B-9-1-1","67360","sgh1LFhRxxSsq","NO_ISSUES_IDENTIFIED","Introgression_confirmed","ADVANCE BC1F5 IN PV2627","ADVANCE BC1F5 IN PV2627","BC1F5","67360","sgh1LFhRxxSsq"
"25ALM_BC1F3s1_1735","(IRAT204*2/SC748)-B-8","FNAI","25ALM_BC1F3s1_1323","GMS_PV2324_MIN_15024_08","(IRAT204*2/SC748)-B-8",44467,"sgh1LBZptMcft","GMS_PGF2025_MIN_1323","(IRAT204*2/SC748)-B-8-1","55321","sgh1LveeNxRhY",NA,NA,NA,NA,"NOT_HARVESTED_MN2025","Introgression_confirmed","ADVANCE BC1F4 IN PGF","ADVANCE BC1F4 IN PGF","BC1F4","55321","sgh1LveeNxRhY"
"25ALM_BC1F3s1_1963","(IRAT204*2/SC748)-B-5","FGOM","25ALM_BC1F3s1_1320","GMS_PV2324_MIN_15024_05","(IRAT204*2/SC748)-B-5",44464,"sgh1Ltv5Ev0Jk","GMS_PGF2025_MIN_1320","(IRAT204*2/SC748)-B-5-1","55318","sgh1LVhCupvjm","GMS_MN2025_132042","(IRAT204*2/SC748)-B-5-1-1","67722","sgh1Lc9lVLYXp","NO_ISSUES_IDENTIFIED","Introgression_confirmed","ADVANCE BC1F5 IN PV2627","ADVANCE BC1F5 IN PV2627","BC1F5","67722","sgh1Lc9lVLYXp"
"25ALM_BC1F3s1_0124","(IRAT204*2/SC748)-B-12","FLHE","25ALM_BC1F3s1_1327","GMS_PV2324_MIN_15024_12","(IRAT204*2/SC748)-B-12",44471,"sgh1L45cSZXuA","GMS_PGF2025_MIN_1327","(IRAT204*2/SC748)-B-12-1","55325","sgh1LKCuu6qJa","GMS_MN2025_231087","(IRAT204*2/SC748)-B-12-1-1","65820","sgh1LLQDbCcXH","NO_ISSUES_IDENTIFIED","Introgression_confirmed","ADVANCE BC1F5 IN PV2627","ADVANCE BC1F5 IN PV2627","BC1F5","65820","sgh1LLQDbCcXH"
"25ALM_BC1F3s1_1379","(IRAT204*2/SC748)-B-11","FRJC","25ALM_BC1F3s1_1326","GMS_PV2324_MIN_15024_11","(IRAT204*2/SC748)-B-11",44470,"sgh1LACv0dEaM","GMS_PGF2025_MIN_1326","(IRAT204*2/SC748)-B-11-1","55324","sgh1LJAhSGota","GMS_MN2025_124033","(IRAT204*2/SC748)-B-11-1-1","67512","sgh1LRKkI28XK","NO_ISSUES_IDENTIFIED","Introgression_confirmed","ADVANCE BC1F5 IN PV2627","ADVANCE BC1F5 IN PV2627","BC1F5","67512","sgh1LRKkI28XK"
"25ALM_BC1F3s1_0313","(IRAT204*2/SC562)-B-9","FKXE","25ALM_BC1F3s1_0254","GMS_PV2324_MIN_15004_09","(IRAT204*2/SC562)-B-9",42887,"sgh1LEh25hfOJ","GMS_PGF2025_MIN_0254","(IRAT204*2/SC562)-B-9-1","54349","sgh1LLZvV9hZL","GMS_MN2025_124022","(IRAT204*2/SC562)-B-9-1-1","67501","sgh1L9JOiCIVG","NO_ISSUES_IDENTIFIED","Introgression_confirmed","ADVANCE BC1F5 IN PV2627","ADVANCE BC1F5 IN PV2627","BC1F5","67501","sgh1L9JOiCIVG"
"25ALM_BC1F3s1_0486","(IRAT204*2/SC562)-B-8","FRIX","25ALM_BC1F3s1_0253","GMS_PV2324_MIN_15004_08","(IRAT204*2/SC562)-B-8",42886,"sgh1LyhlYWgDr","GMS_PGF2025_MIN_0253","(IRAT204*2/SC562)-B-8-1","54348","sgh1LYie4Ve6f","GMS_MN2025_129022","(IRAT204*2/SC562)-B-8-1-1","67627","sgh1LhlF4iGFo","NO_ISSUES_IDENTIFIED","Introgression_confirmed","ADVANCE BC1F5 IN PV2627","ADVANCE BC1F5 IN PV2627","BC1F5","67627","sgh1LhlF4iGFo"
"25ALM_BC1F3s1_1317","(IRAT204*2/SC562)-B-7","FFWK","25ALM_BC1F3s1_0252","GMS_PV2324_MIN_15004_07","(IRAT204*2/SC562)-B-7",42885,"sgh1LfusbTpXl","GMS_PGF2025_MIN_0252","(IRAT204*2/SC562)-B-7-1","54347","sgh1L7rPNdybw","GMS_MN2025_107030","(IRAT204*2/SC562)-B-7-1-1","67040","sgh1LovaTclIX","NO_ISSUES_IDENTIFIED","Introgression_confirmed","ADVANCE BC1F5 IN PV2627","ADVANCE BC1F5 IN PV2627","BC1F5","67040","sgh1LovaTclIX"
"25ALM_BC1F3s1_2589","(IRAT204*2/SC562)-B-6","FEJM","25ALM_BC1F3s1_0251","GMS_PV2324_MIN_15004_06","(IRAT204*2/SC562)-B-6",42884,"sgh1LuFvnAmot","GMS_PGF2025_MIN_0251","(IRAT204*2/SC562)-B-6-1","54346","sgh1LRhQZBMrP","GMS_MN2025_106020","(IRAT204*2/SC562)-B-6-1-1","67003","sgh1LbFnaw6av","NO_ISSUES_IDENTIFIED","Introgression_confirmed","ADVANCE BC1F5 IN PV2627","ADVANCE BC1F5 IN PV2627","BC1F5","67003","sgh1LbFnaw6av"
"25ALM_BC1F3s1_1609","(IRAT204*2/SC562)-B-5","FCJL","25ALM_BC1F3s1_0250","GMS_PV2324_MIN_15004_05","(IRAT204*2/SC562)-B-5",42883,"sgh1L5zl3ErGH","GMS_PGF2025_MIN_0250","(IRAT204*2/SC562)-B-5-1","54345","sgh1Lp7LVmEMn",NA,NA,NA,NA,"NO_ISSUES_IDENTIFIED","Introgression_confirmed","ADVANCE BC1F4 IN PGF","ADVANCE BC1F4 IN PGF","BC1F4","54345","sgh1Lp7LVmEMn"
"25ALM_BC1F3s1_2243","(IRAT204*2/SC562)-B-4","FCPD","25ALM_BC1F3s1_0249","GMS_PV2324_MIN_15004_04","(IRAT204*2/SC562)-B-4",42882,"sgh1LNwYODYpQ","GMS_PGF2025_MIN_0249","(IRAT204*2/SC562)-B-4-1","54344","sgh1LeddzfBUs","GMS_MN2025_111038","(IRAT204*2/SC562)-B-4-1-1","67155","sgh1Lq0wBj8si","NO_ISSUES_IDENTIFIED","Introgression_confirmed","ADVANCE BC1F5 IN PV2627","ADVANCE BC1F5 IN PV2627","BC1F5","67155","sgh1Lq0wBj8si"
"25ALM_BC1F3s1_2813","(IRAT204*2/SC562)-B-15","FEXN","25ALM_BC1F3s1_0260","GMS_PV2324_MIN_15004_15","(IRAT204*2/SC562)-B-15",42893,"sgh1LJfPTIHpD","GMS_PGF2025_MIN_0260","(IRAT204*2/SC562)-B-15-1","54355","sgh1LaPDNyAm4","GMS_MN2025_123008","(IRAT204*2/SC562)-B-15-1-1","67467","sgh1LgzirpCOZ","NO_ISSUES_IDENTIFIED","Introgression_confirmed","ADVANCE BC1F5 IN PV2627","ADVANCE BC1F5 IN PV2627","BC1F5","67467","sgh1LgzirpCOZ"
"25ALM_BC1F3s1_0440","(IRAT204*2/SC562)-B-14","FCLM","25ALM_BC1F3s1_0259","GMS_PV2324_MIN_15004_14","(IRAT204*2/SC562)-B-14",42892,"sgh1LIi4MpPoi","GMS_PGF2025_MIN_0259","(IRAT204*2/SC562)-B-14-1","54354","sgh1LdLap7fGM","GMS_MN2025_130007","(IRAT204*2/SC562)-B-14-1-1","67642","sgh1LdRgTUyxQ","NO_ISSUES_IDENTIFIED","Introgression_confirmed","ADVANCE BC1F5 IN PV2627","ADVANCE BC1F5 IN PV2627","BC1F5","67642","sgh1LdRgTUyxQ"
"25ALM_BC1F3s1_2569","(IRAT204*2/SC562)-B-13","FYYS","25ALM_BC1F3s1_0258","GMS_PV2324_MIN_15004_13","(IRAT204*2/SC562)-B-13",42891,"sgh1Lq686euOk","GMS_PGF2025_MIN_0258","(IRAT204*2/SC562)-B-13-1","54353","sgh1L4GWaqgnj","GMS_MN2025_219090","(IRAT204*2/SC562)-B-13-1-1","65585","sgh1Ljvgc8kYs","NO_ISSUES_IDENTIFIED","Introgression_confirmed","ADVANCE BC1F5 IN PV2627","ADVANCE BC1F5 IN PV2627","BC1F5","65585","sgh1Ljvgc8kYs"
"25ALM_BC1F3s1_1270","(IRAT204*2/SC562)-B-12","FTBV","25ALM_BC1F3s1_0257","GMS_PV2324_MIN_15004_12","(IRAT204*2/SC562)-B-12",42890,"sgh1LHZABsL6F","GMS_PGF2025_MIN_0257","(IRAT204*2/SC562)-B-12-1","54352","sgh1LWdFn5U3D","GMS_MN2025_103041","(IRAT204*2/SC562)-B-12-1-1","67222","sgh1LnIimiecB","NO_ISSUES_IDENTIFIED","Introgression_confirmed","ADVANCE BC1F5 IN PV2627","ADVANCE BC1F5 IN PV2627","BC1F5","67222","sgh1LnIimiecB"
"25ALM_BC1F3s1_1774","(IRAT204*2/SC562)-B-11","FBSR","25ALM_BC1F3s1_0256","GMS_PV2324_MIN_15004_11","(IRAT204*2/SC562)-B-11",42889,"sgh1LR0lY0htH","GMS_PGF2025_MIN_0256","(IRAT204*2/SC562)-B-11-1","54351","sgh1L0RlOe57b",NA,NA,NA,NA,"NO_ISSUES_IDENTIFIED","Introgression_confirmed","ADVANCE BC1F4 IN PGF","ADVANCE BC1F4 IN PGF","BC1F4","54351","sgh1L0RlOe57b"
"25ALM_BC1F3s1_1791","(IRAT204*2/SC562)-B-10","FBXE","25ALM_BC1F3s1_0255","GMS_PV2324_MIN_15004_10","(IRAT204*2/SC562)-B-10",42888,"sgh1L6nocvyTd","GMS_PGF2025_MIN_0255","(IRAT204*2/SC562)-B-10-1","54350","sgh1LhTQ8CPzb","GMS_MN2025_106009","(IRAT204*2/SC562)-B-10-1-1","67840","sgh1LMbMg2yId","NO_ISSUES_IDENTIFIED","Introgression_confirmed","ADVANCE BC1F5 IN PV2627","ADVANCE BC1F5 IN PV2627","BC1F5","67840","sgh1LMbMg2yId"
"25ALM_BC1F3s1_1346","(IRAT204*2/SC701)-B-9","FKPI","25ALM_BC1F3s1_0023","GMS_PV2324_MIN_15008_09","(IRAT204*2/SC701)-B-9",42647,"sgh1LdWIYo5AV","GMS_PGF2025_MIN_0023","(IRAT204*2/SC701)-B-9-1","54145","sgh1LVvN9gV81","GMS_MN2025_120040","(IRAT204*2/SC701)-B-9-1-1","67405","sgh1L81Uvx8Rp","NO_ISSUES_IDENTIFIED","Introgression_confirmed","ADVANCE BC1F5 IN PV2627","ADVANCE BC1F5 IN PV2627","BC1F5","67405","sgh1L81Uvx8Rp"
"25ALM_BC1F3s1_1106","(IRAT204*2/SC701)-B-6","FNOQ","25ALM_BC1F3s1_0020","GMS_PV2324_MIN_15008_06","(IRAT204*2/SC701)-B-6",42644,"sgh1LUSaB0skZ","GMS_PGF2025_MIN_0020","(IRAT204*2/SC701)-B-6-1","54142","sgh1LJ22GAgae","GMS_MN2025_214091","(IRAT204*2/SC701)-B-6-1-1","65477","sgh1LEQzpflMW","NO_ISSUES_IDENTIFIED","Introgression_confirmed","ADVANCE BC1F5 IN PV2627","ADVANCE BC1F5 IN PV2627","BC1F5","65477","sgh1LEQzpflMW"
"25ALM_BC1F3s1_1810","(IRAT204*2/SC701)-B-5","FPWL","25ALM_BC1F3s1_0019","GMS_PV2324_MIN_15008_05","(IRAT204*2/SC701)-B-5",42643,"sgh1LgVyHkHD9","GMS_PGF2025_MIN_0019","(IRAT204*2/SC701)-B-5-1","54141","sgh1L8bxZtILK","GMS_MN2025_230093","(IRAT204*2/SC701)-B-5-1-1","65804","sgh1L2rBQwxzA","NO_ISSUES_IDENTIFIED","Introgression_confirmed","ADVANCE BC1F5 IN PV2627","ADVANCE BC1F5 IN PV2627","BC1F5","65804","sgh1L2rBQwxzA"
"25ALM_BC1F3s1_0691","(IRAT204*2/SC701)-B-3","FPWV","25ALM_BC1F3s1_0017","GMS_PV2324_MIN_15008_03","(IRAT204*2/SC701)-B-3",42641,"sgh1LE0OVvFCW","GMS_PGF2025_MIN_0017","(IRAT204*2/SC701)-B-3-1","54139","sgh1L1Kz2JmiR",NA,NA,NA,NA,"NO_ISSUES_IDENTIFIED","Introgression_confirmed","ADVANCE BC1F4 IN PGF","ADVANCE BC1F4 IN PGF","BC1F4","54139","sgh1L1Kz2JmiR"
"25ALM_BC1F3s1_0650","(IRAT204*2/SC701)-B-15","FKRU","25ALM_BC1F3s1_0029","GMS_PV2324_MIN_15008_15","(IRAT204*2/SC701)-B-15",42653,"sgh1LiCXEGhoT","GMS_PGF2025_MIN_0029","(IRAT204*2/SC701)-B-15-1","54150","sgh1LeCFdr0zy","GMS_MN2025_115077","(IRAT204*2/SC701)-B-15-1-1","65507","sgh1Lk0vdbZzG","NO_ISSUES_IDENTIFIED","Introgression_confirmed","ADVANCE BC1F5 IN PV2627","ADVANCE BC1F5 IN PV2627","BC1F5","65507","sgh1Lk0vdbZzG"
"25ALM_BC1F3s1_1377","(IRAT204*2/SC701)-B-13","FNAP","25ALM_BC1F3s1_0027","GMS_PV2324_MIN_15008_13","(IRAT204*2/SC701)-B-13",42651,"sgh1L6aoT7rwr","GMS_PGF2025_MIN_0027","(IRAT204*2/SC701)-B-13-1","54148","sgh1LrY1ZXbvr",NA,NA,NA,NA,"NO_ISSUES_IDENTIFIED","Introgression_confirmed","ADVANCE BC1F4 IN PGF","ADVANCE BC1F4 IN PGF","BC1F4","54148","sgh1LrY1ZXbvr"
"25ALM_BC1F3s1_0247","(IRAT204*2/SC701)-B-10","FXNJ","25ALM_BC1F3s1_0024","GMS_PV2324_MIN_15008_10","(IRAT204*2/SC701)-B-10",42648,"sgh1L78TxbZBA","GMS_PGF2025_MIN_0024","(IRAT204*2/SC701)-B-10-1","54146","sgh1L3bMe5DgC","GMS_MN2025_229084","(IRAT204*2/SC701)-B-10-1-1","65787","sgh1LFLkSPWgm","NO_ISSUES_IDENTIFIED","Introgression_confirmed","ADVANCE BC1F5 IN PV2627","ADVANCE BC1F5 IN PV2627","BC1F5","65787","sgh1LFLkSPWgm"
"25ALM_BC1F3s1_1292","(IRAT204*2/SC628)-B-8","FCPX","25ALM_BC1F3s1_0076","GMS_PV2324_MIN_14028_08","(IRAT204*2/SC628)-B-8",42706,"sgh1L6Hd60BEx","GMS_PGF2025_MIN_0076","(IRAT204*2/SC628)-B-8-1","54191","sgh1LWenE1dUa",NA,NA,NA,NA,"NO_ISSUES_IDENTIFIED","Introgression_confirmed","ADVANCE BC1F4 IN PGF","ADVANCE BC1F4 IN PGF","BC1F4","54191","sgh1LWenE1dUa"
"25ALM_BC1F3s1_1288","(IRAT204*2/SC628)-B-3","FFZQ","25ALM_BC1F3s1_0071","GMS_PV2324_MIN_14028_03","(IRAT204*2/SC628)-B-3",42701,"sgh1Lr36vTYKK","GMS_PGF2025_MIN_0071","(IRAT204*2/SC628)-B-3-1","54188","sgh1L5ABsFNd8",NA,NA,NA,NA,"NOT_HARVESTED_MN2025","Introgression_confirmed","ADVANCE BC1F4 IN PV2627","ADVANCE BC1F4 IN PV2627","BC1F4","54188","sgh1L5ABsFNd8"
"25ALM_BC1F3s1_1028","(IRAT204*2/SC628)-B-2","FJZY","25ALM_BC1F3s1_0070","GMS_PV2324_MIN_14028_02","(IRAT204*2/SC628)-B-2",42700,"sgh1Lu4npnQQI","GMS_PGF2025_MIN_0070","(IRAT204*2/SC628)-B-2-1","54187","sgh1LytGNyNIt","GMS_MN2025_137018","(IRAT204*2/SC628)-B-2-1-1","67834","sgh1LhE61u4Lz","NO_ISSUES_IDENTIFIED","Introgression_confirmed","ADVANCE BC1F5 IN PV2627","ADVANCE BC1F5 IN PV2627","BC1F5","67834","sgh1LhE61u4Lz"
"25ALM_BC1F3s1_0336","(IRAT204*2/SC628)-B-12","FCYR","25ALM_BC1F3s1_0080","GMS_PV2324_MIN_14028_12","(IRAT204*2/SC628)-B-12",42710,"sgh1LLz5OINPg","GMS_PGF2025_MIN_0080","(IRAT204*2/SC628)-B-12-1","54194","sgh1L1YknyuUj","GMS_MN2025_137035","(IRAT204*2/SC628)-B-12-1-1","67847","sgh1Lam9z4rq3","NO_ISSUES_IDENTIFIED","Introgression_confirmed","ADVANCE BC1F5 IN PV2627","ADVANCE BC1F5 IN PV2627","BC1F5","67847","sgh1Lam9z4rq3"
"25ALM_BC1F3s1_0729","(IRAT204*2/SC628)-B-10","FJDY","25ALM_BC1F3s1_0078","GMS_PV2324_MIN_14028_10","(IRAT204*2/SC628)-B-10",42708,"sgh1LoUV4FOR4","GMS_PGF2025_MIN_0078","(IRAT204*2/SC628)-B-10-1","54192","sgh1LDJEsURPJ","GMS_MN2025_131016","(IRAT204*2/SC628)-B-10-1-1","67676","sgh1LeOGFynqp","NO_ISSUES_IDENTIFIED","Introgression_confirmed","ADVANCE BC1F5 IN PV2627","ADVANCE BC1F5 IN PV2627","BC1F5","67676","sgh1LeOGFynqp"
"25ALM_BC1F3s1_0003","(IRAT204*2/SC115)-B-8","FWHC","25ALM_BC1F3s1_0559","GMS_PV2324_MIN_15011_08","(IRAT204*2/SC115)-B-8",43282,"sgh1Lb7C9UY3B","GMS_PGF2025_MIN_0559","(IRAT204*2/SC115)-B-8-1","54607","sgh1LWpKwkWEG","GMS_MN2025_218101","(IRAT204*2/SC115)-B-8-1-1","65570","sgh1LsD74ioe6","NO_ISSUES_IDENTIFIED","Introgression_confirmed","ADVANCE BC1F5 IN PV2627","ADVANCE BC1F5 IN PV2627","BC1F5","65570","sgh1LsD74ioe6"
"25ALM_BC1F3s1_1152","(IRAT204*2/SC115)-B-7","FFAW","25ALM_BC1F3s1_0558","GMS_PV2324_MIN_15011_07","(IRAT204*2/SC115)-B-7",43281,"sgh1LsUANSRWv","GMS_PGF2025_MIN_0558","(IRAT204*2/SC115)-B-7-1","54606","sgh1LbEY2Dd6O","GMS_MN2025_121027","(IRAT204*2/SC115)-B-7-1-1","67422","sgh1LnWZvmOvu","NO_ISSUES_IDENTIFIED","Introgression_confirmed","ADVANCE BC1F5 IN PV2627","ADVANCE BC1F5 IN PV2627","BC1F5","67422","sgh1LnWZvmOvu"
"25ALM_BC1F3s1_2532","(IRAT204*2/SC115)-B-6","FCNR","25ALM_BC1F3s1_0557","GMS_PV2324_MIN_15011_06","(IRAT204*2/SC115)-B-6",43280,"sgh1LcT5d70FF","GMS_PGF2025_MIN_0557","(IRAT204*2/SC115)-B-6-1","54605","sgh1LW1uti4ru","GMS_MN2025_110077","(IRAT204*2/SC115)-B-6-1-1","65374","sgh1Lk7m9sTWS","NO_ISSUES_IDENTIFIED","Introgression_confirmed","ADVANCE BC1F5 IN PV2627","ADVANCE BC1F5 IN PV2627","BC1F5","65374","sgh1Lk7m9sTWS"
"25ALM_BC1F3s1_1833","(IRAT204*2/SC115)-B-4","FQNU","25ALM_BC1F3s1_0555","GMS_PV2324_MIN_15011_04","(IRAT204*2/SC115)-B-4",43278,"sgh1LWoFwLsZE","GMS_PGF2025_MIN_0555","(IRAT204*2/SC115)-B-4-1","54603","sgh1L4pvbjOS8",NA,NA,NA,NA,"NO_ISSUES_IDENTIFIED","Introgression_confirmed","ADVANCE BC1F4 IN PGF","ADVANCE BC1F4 IN PGF","BC1F4","54603","sgh1L4pvbjOS8"
"25ALM_BC1F3s1_1315","(IRAT204*2/SC115)-B-2","FXAJ","25ALM_BC1F3s1_0553","GMS_PV2324_MIN_15011_02","(IRAT204*2/SC115)-B-2",43276,"sgh1L6nOMFCOW","GMS_PGF2025_MIN_0553","(IRAT204*2/SC115)-B-2-1","54601","sgh1LYAWV1bDI","GMS_MN2025_137040","(IRAT204*2/SC115)-B-2-1-1","67852","sgh1LN6CuwvYW","NO_ISSUES_IDENTIFIED","Introgression_confirmed","ADVANCE BC1F5 IN PV2627","ADVANCE BC1F5 IN PV2627","BC1F5","67852","sgh1LN6CuwvYW"
"25ALM_BC1F3s1_2376","(IRAT204*2/SC115)-B-11","FMHO","25ALM_BC1F3s1_0561","GMS_PV2324_MIN_15011_11","(IRAT204*2/SC115)-B-11",43285,"sgh1LmrybsjcL","GMS_PGF2025_MIN_0561","(IRAT204*2/SC115)-B-11-1","54609","sgh1Ljb2HO16u","GMS_MN2025_113030","(IRAT204*2/SC115)-B-11-1-1","67206","sgh1LVxs37sa4","NO_ISSUES_IDENTIFIED","Introgression_confirmed","ADVANCE BC1F5 IN PV2627","ADVANCE BC1F5 IN PV2627","BC1F5","67206","sgh1LVxs37sa4"
"25ALM_BC1F3s1_0105","(IRAT204*2/SC121)-B-9","FMCF","25ALM_BC1F3s1_1632","GMS_MN2024_MIN_13069_09","(IRAT204*2/SC121)-B-9",48262,"sgh1L2dd3FbCn","GMS_PGF2025_MIN_1632","(IRAT204*2/SC121)-B-9-1","55507","sgh1LmhpBGp7V","GMS_MN2025_132019","(IRAT204*2/SC121)-B-9-1-1","67549","sgh1L5fYf4Ev3","NO_ISSUES_IDENTIFIED","Introgression_confirmed","ADVANCE BC1F5 IN PV2627","ADVANCE BC1F5 IN PV2627","BC1F5","67549","sgh1L5fYf4Ev3"
"25ALM_BC1F3s1_0539","(IRAT204*2/SC121)-B-9","FXLB","25ALM_BC1F3s1_1609","GMS_MN2024_MIN_13068_09","(IRAT204*2/SC121)-B-9",48262,"sgh1LmeTieUyi","GMS_PGF2025_MIN_1609","(IRAT204*2/SC121)-B-9-1","55507","sgh1LH2uYeDvJ","GMS_MN2025_126019","(IRAT204*2/SC121)-B-9-1-1","67549","sgh1L0ZdvQd4P","NO_ISSUES_IDENTIFIED","Introgression_confirmed","ADVANCE BC1F5 IN PV2627","ADVANCE BC1F5 IN PV2627","BC1F5","67549","sgh1L0ZdvQd4P"
"25ALM_BC1F3s1_1425","(IRAT204*2/SC121)-B-8","FFGJ","25ALM_BC1F3s1_1608","GMS_MN2024_MIN_13068_08","(IRAT204*2/SC121)-B-8",48261,"sgh1LxS6z7dCd","GMS_PGF2025_MIN_1608","(IRAT204*2/SC121)-B-8-1","55506","sgh1LrKiHRsOg",NA,NA,NA,NA,"NO_ISSUES_IDENTIFIED","Introgression_confirmed","ADVANCE BC1F4 IN PGF","ADVANCE BC1F4 IN PGF","BC1F4","55506","sgh1LrKiHRsOg"
"25ALM_BC1F3s1_2169","(IRAT204*2/SC121)-B-8","FPOF","25ALM_BC1F3s1_1631","GMS_MN2024_MIN_13069_08","(IRAT204*2/SC121)-B-8",48261,"sgh1LTWdS7nzi","GMS_PGF2025_MIN_1631","(IRAT204*2/SC121)-B-8-1","55506","sgh1L4z8be0gw","GMS_MN2025_103031","(IRAT204*2/SC121)-B-8-1-1","67133","sgh1LYB1HuuRp","NO_ISSUES_IDENTIFIED","Introgression_confirmed","ADVANCE BC1F5 IN PV2627","ADVANCE BC1F5 IN PV2627","BC1F5","67133","sgh1LYB1HuuRp"
"25ALM_BC1F3s1_2604","(IRAT204*2/SC121)-B-7","FQTW","25ALM_BC1F3s1_1607","GMS_MN2024_MIN_13068_07","(IRAT204*2/SC121)-B-7",48260,"sgh1Le18t7WfY","GMS_PGF2025_MIN_1607","(IRAT204*2/SC121)-B-7-1","55505","sgh1LC8s1DksD","GMS_MN2025_103037","(IRAT204*2/SC121)-B-7-1-1","67179","sgh1LcMYkk8ti","NO_ISSUES_IDENTIFIED","Introgression_confirmed","ADVANCE BC1F5 IN PV2627","ADVANCE BC1F5 IN PV2627","BC1F5","67179","sgh1LcMYkk8ti"
"25ALM_BC1F3s1_0210","(IRAT204*2/SC121)-B-6","FYGK","25ALM_BC1F3s1_1629","GMS_MN2024_MIN_13069_06","(IRAT204*2/SC121)-B-6",48259,"sgh1LyC3ElxWo","GMS_PGF2025_MIN_1629","(IRAT204*2/SC121)-B-6-1","55504","sgh1LxSqQvGGH","GMS_MN2025_230086","(IRAT204*2/SC121)-B-6-1-1","65799","sgh1LOFTtTt4P","NO_ISSUES_IDENTIFIED","Introgression_confirmed","ADVANCE BC1F5 IN PV2627","ADVANCE BC1F5 IN PV2627","BC1F5","65799","sgh1LOFTtTt4P"
"25ALM_BC1F3s1_0479","(IRAT204*2/SC121)-B-5","FGQN","25ALM_BC1F3s1_1605","GMS_MN2024_MIN_13068_05","(IRAT204*2/SC121)-B-5",48258,"sgh1LVCjroeQX","GMS_PGF2025_MIN_1605","(IRAT204*2/SC121)-B-5-1","55503","sgh1LwyxokShR","GMS_MN2025_213103","(IRAT204*2/SC121)-B-5-1-1","65439","sgh1LMMXs6JZM","NO_ISSUES_IDENTIFIED","Introgression_confirmed","ADVANCE BC1F5 IN PV2627","ADVANCE BC1F5 IN PV2627","BC1F5","65439","sgh1LMMXs6JZM"
"25ALM_BC1F3s1_1090","(IRAT204*2/SC121)-B-5","FAEE","25ALM_BC1F3s1_1628","GMS_MN2024_MIN_13069_05","(IRAT204*2/SC121)-B-5",48258,"sgh1LciMyQN7Q","GMS_PGF2025_MIN_1628","(IRAT204*2/SC121)-B-5-1","55503","sgh1LK78Yeq50","GMS_MN2025_133010","(IRAT204*2/SC121)-B-5-1-1","65439","sgh1L428I6WQ1","NO_ISSUES_IDENTIFIED","Introgression_confirmed","ADVANCE BC1F5 IN PV2627","ADVANCE BC1F5 IN PV2627","BC1F5","65439","sgh1L428I6WQ1"
"25ALM_BC1F3s1_0815","(IRAT204*2/SC121)-B-3","FZPT","25ALM_BC1F3s1_1603","GMS_MN2024_MIN_13068_03","(IRAT204*2/SC121)-B-3",48256,"sgh1LK4XI0DGY","GMS_PGF2025_MIN_1603","(IRAT204*2/SC121)-B-3-1","55501","sgh1Lw7IURJOD","GMS_MN2025_129080","(IRAT204*2/SC121)-B-3-1-1","65610","sgh1LkgMfwVXg","NO_ISSUES_IDENTIFIED","Introgression_confirmed","ADVANCE BC1F5 IN PV2627","ADVANCE BC1F5 IN PV2627","BC1F5","65610","sgh1LkgMfwVXg"
"25ALM_BC1F3s1_2163","(IRAT204*2/SC121)-B-3","FGRT","25ALM_BC1F3s1_1626","GMS_MN2024_MIN_13069_03","(IRAT204*2/SC121)-B-3",48256,"sgh1Lys50FdlL","GMS_PGF2025_MIN_1626","(IRAT204*2/SC121)-B-3-1","55501","sgh1LIn5fUrCi","GMS_MN2025_220090","(IRAT204*2/SC121)-B-3-1-1","65610","sgh1L5UoAAupi","NO_ISSUES_IDENTIFIED","Introgression_confirmed","ADVANCE BC1F5 IN PV2627","ADVANCE BC1F5 IN PV2627","BC1F5","65610","sgh1L5UoAAupi"
"25ALM_BC1F3s1_0224","(IRAT204*2/SC121)-B-23","FPZA","25ALM_BC1F3s1_1623","GMS_MN2024_MIN_13068_23","(IRAT204*2/SC121)-B-23",48276,"sgh1L6573FykA","GMS_PGF2025_MIN_1623","(IRAT204*2/SC121)-B-23-1","55520","sgh1LHBVMK6jU","GMS_MN2025_227089","(IRAT204*2/SC121)-B-23-1-1","65740","sgh1LnNAo0rh8","NO_ISSUES_IDENTIFIED","Introgression_confirmed","ADVANCE BC1F5 IN PV2627","ADVANCE BC1F5 IN PV2627","BC1F5","65740","sgh1LnNAo0rh8"
"25ALM_BC1F3s1_0185","(IRAT204*2/SC121)-B-22","FCFL","25ALM_BC1F3s1_1622","GMS_MN2024_MIN_13068_22","(IRAT204*2/SC121)-B-22",48275,"sgh1Lom9TPWQV","GMS_PGF2025_MIN_1622","(IRAT204*2/SC121)-B-22-1","55519","sgh1L8XfMlVzp","GMS_MN2025_134021","(IRAT204*2/SC121)-B-22-1-1","67760","sgh1LKRe8aHbb","NO_ISSUES_IDENTIFIED","Introgression_confirmed","ADVANCE BC1F5 IN PV2627","ADVANCE BC1F5 IN PV2627","BC1F5","67760","sgh1LKRe8aHbb"
"25ALM_BC1F3s1_2118","(IRAT204*2/SC121)-B-21","FRZI","25ALM_BC1F3s1_1621","GMS_MN2024_MIN_13068_21","(IRAT204*2/SC121)-B-21",48274,"sgh1Lslj0xICL","GMS_PGF2025_MIN_1621","(IRAT204*2/SC121)-B-21-1","55518","sgh1Lk2BKGasq","GMS_MN2025_113078","(IRAT204*2/SC121)-B-21-1-1","65461","sgh1LkdLIf8MR","NO_ISSUES_IDENTIFIED","Introgression_confirmed","ADVANCE BC1F5 IN PV2627","ADVANCE BC1F5 IN PV2627","BC1F5","65461","sgh1LkdLIf8MR"
"25ALM_BC1F3s1_2322","(IRAT204*2/SC121)-B-2","FVKS","25ALM_BC1F3s1_1602","GMS_MN2024_MIN_13068_02","(IRAT204*2/SC121)-B-2",48255,"sgh1LmKJIR3OI","GMS_PGF2025_MIN_1602","(IRAT204*2/SC121)-B-2-1","55500","sgh1LeLFt0QgD","GMS_MN2025_115040","(IRAT204*2/SC121)-B-2-1-1","67273","sgh1LrI2R6woc","NO_ISSUES_IDENTIFIED","Introgression_confirmed","ADVANCE BC1F5 IN PV2627","ADVANCE BC1F5 IN PV2627","BC1F5","67273","sgh1LrI2R6woc"
"25ALM_BC1F3s1_0488","(IRAT204*2/SC121)-B-18","FJQU","25ALM_BC1F3s1_1641","GMS_MN2024_MIN_13069_18","(IRAT204*2/SC121)-B-18",48271,"sgh1Lj04Yt1vj","GMS_PGF2025_MIN_1641","(IRAT204*2/SC121)-B-18-1","55521","sgh1L0ImXjyZN","GMS_MN2025_108009","(IRAT204*2/SC121)-B-18-1-1","67051","sgh1LHprHEPtK","NO_ISSUES_IDENTIFIED","Introgression_confirmed","ADVANCE BC1F5 IN PV2627","ADVANCE BC1F5 IN PV2627","BC1F5","67051","sgh1LHprHEPtK"
"25ALM_BC1F3s1_1142","(IRAT204*2/SC121)-B-17","FHJQ","25ALM_BC1F3s1_1640","GMS_MN2024_MIN_13069_17","(IRAT204*2/SC121)-B-17",48270,"sgh1LyIGKCkgA","GMS_PGF2025_MIN_1640","(IRAT204*2/SC121)-B-17-1","55515","sgh1L1AGBT3bX",NA,NA,NA,NA,"NOT_HARVESTED_MN2025","Introgression_confirmed","ADVANCE BC1F4 IN PGF","ADVANCE BC1F4 IN PGF","BC1F4","55515","sgh1L1AGBT3bX"
"25ALM_BC1F3s1_1111","(IRAT204*2/SC121)-B-16","FRTG","25ALM_BC1F3s1_1639","GMS_MN2024_MIN_13069_16","(IRAT204*2/SC121)-B-16",48269,"sgh1LZ6yCVJZl","GMS_PGF2025_MIN_1639","(IRAT204*2/SC121)-B-16-1","55514","sgh1LJwXjT8ho","GMS_MN2025_210101","(IRAT204*2/SC121)-B-16-1-1","65393","sgh1LFDrnJTE9","NO_ISSUES_IDENTIFIED","Introgression_confirmed","ADVANCE BC1F5 IN PV2627","ADVANCE BC1F5 IN PV2627","BC1F5","65393","sgh1LFDrnJTE9"
"25ALM_BC1F3s1_1328","(IRAT204*2/SC121)-B-16","FNFK","25ALM_BC1F3s1_1616","GMS_MN2024_MIN_13068_16","(IRAT204*2/SC121)-B-16",48269,"sgh1LOpbi7Kc2","GMS_PGF2025_MIN_1616","(IRAT204*2/SC121)-B-16-1","55514","sgh1LonPHcSVw","GMS_MN2025_215103","(IRAT204*2/SC121)-B-16-1-1","65393","sgh1Lghlyktig","NO_ISSUES_IDENTIFIED","Introgression_confirmed","ADVANCE BC1F5 IN PV2627","ADVANCE BC1F5 IN PV2627","BC1F5","65393","sgh1Lghlyktig"
"25ALM_BC1F3s1_1162","(IRAT204*2/SC121)-B-14","FOTG","25ALM_BC1F3s1_1614","GMS_MN2024_MIN_13068_14","(IRAT204*2/SC121)-B-14",48267,"sgh1LPRmRa6wy","GMS_PGF2025_MIN_1614","(IRAT204*2/SC121)-B-14-1","55512","sgh1Lh10CzeOG","GMS_MN2025_123024","(IRAT204*2/SC121)-B-14-1-1","67478","sgh1LCTF1AsIA","NO_ISSUES_IDENTIFIED","Introgression_confirmed","ADVANCE BC1F5 IN PV2627","ADVANCE BC1F5 IN PV2627","BC1F5","67478","sgh1LCTF1AsIA"
"25ALM_BC1F3s1_1020","(IRAT204*2/SC121)-B-13","FGGZ","25ALM_BC1F3s1_1636","GMS_MN2024_MIN_13069_13","(IRAT204*2/SC121)-B-13",48266,"sgh1LszAMKAw7","GMS_PGF2025_MIN_1636","(IRAT204*2/SC121)-B-13-1","55511","sgh1LfBOwV7xp","GMS_MN2025_230088","(IRAT204*2/SC121)-B-13-1-1","65800","sgh1LXYJRDiMG","NO_ISSUES_IDENTIFIED","Introgression_confirmed","ADVANCE BC1F5 IN PV2627","ADVANCE BC1F5 IN PV2627","BC1F5","65800","sgh1LXYJRDiMG"
"25ALM_BC1F3s1_2032","(IRAT204*2/SC121)-B-12","FFGQ","25ALM_BC1F3s1_1635","GMS_MN2024_MIN_13069_12","(IRAT204*2/SC121)-B-12",48265,"sgh1Lz56MLhzc","GMS_PGF2025_MIN_1635","(IRAT204*2/SC121)-B-12-1","55510","sgh1LK39qK4Qq","GMS_MN2025_222102","(IRAT204*2/SC121)-B-12-1-1","65662","sgh1L9xBymHZF","NO_ISSUES_IDENTIFIED","Introgression_confirmed","ADVANCE BC1F5 IN PV2627","ADVANCE BC1F5 IN PV2627","BC1F5","65662","sgh1L9xBymHZF"
"25ALM_BC1F3s1_0899","(IRAT204*2/SC121)-B-11","FLEC","25ALM_BC1F3s1_1611","GMS_MN2024_MIN_13068_11","(IRAT204*2/SC121)-B-11",48264,"sgh1Lk4DPOoqe","GMS_PGF2025_MIN_1611","(IRAT204*2/SC121)-B-11-1","55509","sgh1LQbpZl30A","GMS_MN2025_110076","(IRAT204*2/SC121)-B-11-1-1","65373","sgh1Lq0dnZGs5","NO_ISSUES_IDENTIFIED","Introgression_confirmed","ADVANCE BC1F5 IN PV2627","ADVANCE BC1F5 IN PV2627","BC1F5","65373","sgh1Lq0dnZGs5"
"25ALM_BC1F3s1_0510","(IRAT204*2/SC121)-B-10","FFAC","25ALM_BC1F3s1_1633","GMS_MN2024_MIN_13069_10","(IRAT204*2/SC121)-B-10",48263,"sgh1L1ZgQoFdY","GMS_PGF2025_MIN_1633","(IRAT204*2/SC121)-B-10-1","55508","sgh1LjzQ5TiZr","GMS_MN2025_115018","(IRAT204*2/SC121)-B-10-1-1","67207","sgh1LtcLwEJ0f","NO_ISSUES_IDENTIFIED","Introgression_confirmed","ADVANCE BC1F5 IN PV2627","ADVANCE BC1F5 IN PV2627","BC1F5","67207","sgh1LtcLwEJ0f"
"25ALM_BC1F3s1_2021","(IRAT204*2/SC121)-B-10","FDIM","25ALM_BC1F3s1_1610","GMS_MN2024_MIN_13068_10","(IRAT204*2/SC121)-B-10",48263,"sgh1LHZSNUt2O","GMS_PGF2025_MIN_1610","(IRAT204*2/SC121)-B-10-1","55508","sgh1Lt0MoMsTa","GMS_MN2025_113031","(IRAT204*2/SC121)-B-10-1-1","67207","sgh1L5cSoCUdB","NO_ISSUES_IDENTIFIED","Introgression_confirmed","ADVANCE BC1F5 IN PV2627","ADVANCE BC1F5 IN PV2627","BC1F5","67207","sgh1L5cSoCUdB"
"25ALM_BC1F3s1_1031","(IRAT204*2/SC121)-B-1","FESI","25ALM_BC1F3s1_1624","GMS_MN2024_MIN_13069_01","(IRAT204*2/SC121)-B-1",48254,"sgh1LpolB26OH","GMS_PGF2025_MIN_1624","(IRAT204*2/SC121)-B-1-1","55499","sgh1LXjTyKGnk","GMS_MN2025_104011","(IRAT204*2/SC121)-B-1-1-1","67271","sgh1LVu54qzXR","NO_ISSUES_IDENTIFIED","Introgression_confirmed","ADVANCE BC1F5 IN PV2627","ADVANCE BC1F5 IN PV2627","BC1F5","67271","sgh1LVu54qzXR"
"25ALM_BC1F3s1_1048","(IRAT204*2/SC121)-B-1","FRQK","25ALM_BC1F3s1_1601","GMS_MN2024_MIN_13068_01","(IRAT204*2/SC121)-B-1",48254,"sgh1LLKZ62kE0","GMS_PGF2025_MIN_1601","(IRAT204*2/SC121)-B-1-1","55499","sgh1LiLZAqKzd","GMS_MN2025_112033","(IRAT204*2/SC121)-B-1-1-1","67271","sgh1LTRGliRBs","NO_ISSUES_IDENTIFIED","Introgression_confirmed","ADVANCE BC1F5 IN PV2627","ADVANCE BC1F5 IN PV2627","BC1F5","67271","sgh1LTRGliRBs"
"25ALM_BC1F3s1_0122","(IRAT204*2/SC325)-B-9","FFOQ","25ALM_BC1F3s1_0814","GMS_PV2324_MIN_14024_09","(IRAT204*2/SC325)-B-9",43823,"sgh1LoLJj4XBl","GMS_PGF2025_MIN_0814","(IRAT204*2/SC325)-B-9-1","54848","sgh1LCebPhU2D","GMS_MN2025_216089","(IRAT204*2/SC325)-B-9-1-1","65520","sgh1LeblP7TIB","NO_ISSUES_IDENTIFIED","Introgression_confirmed","ADVANCE BC1F5 IN PV2627","ADVANCE BC1F5 IN PV2627","BC1F5","65520","sgh1LeblP7TIB"
"25ALM_BC1F3s1_1539","(IRAT204*2/SC325)-B-8","FHSE","25ALM_BC1F3s1_0813","GMS_PV2324_MIN_14024_08","(IRAT204*2/SC325)-B-8",43822,"sgh1Li3No996a","GMS_PGF2025_MIN_0813","(IRAT204*2/SC325)-B-8-1","54847","sgh1L2hYpPbwC","GMS_MN2025_212101","(IRAT204*2/SC325)-B-8-1-1","65436","sgh1LJI7r5uys","NO_ISSUES_IDENTIFIED","Introgression_confirmed","ADVANCE BC1F5 IN PV2627","ADVANCE BC1F5 IN PV2627","BC1F5","65436","sgh1LJI7r5uys"
"25ALM_BC1F3s1_1542","(IRAT204*2/SC325)-B-7","FPTW","25ALM_BC1F3s1_0812","GMS_PV2324_MIN_14024_07","(IRAT204*2/SC325)-B-7",43821,"sgh1LFpjcuFOp","GMS_PGF2025_MIN_0812","(IRAT204*2/SC325)-B-7-1","54846","sgh1Lf2hJg4XC","GMS_MN2025_133014","(IRAT204*2/SC325)-B-7-1-1","67728","sgh1L3cQDqQW2","NO_ISSUES_IDENTIFIED","Introgression_confirmed","ADVANCE BC1F5 IN PV2627","ADVANCE BC1F5 IN PV2627","BC1F5","67728","sgh1L3cQDqQW2"
"25ALM_BC1F3s1_0450","(IRAT204*2/SC325)-B-5","FHNI","25ALM_BC1F3s1_0810","GMS_PV2324_MIN_14024_05","(IRAT204*2/SC325)-B-5",43819,"sgh1LZ12ciIR1","GMS_PGF2025_MIN_0810","(IRAT204*2/SC325)-B-5-1","54844","sgh1LMwBdqWVp","GMS_MN2025_119039","(IRAT204*2/SC325)-B-5-1-1","67374","sgh1LUbYOgmJx","NO_ISSUES_IDENTIFIED","Introgression_confirmed","ADVANCE BC1F5 IN PV2627","ADVANCE BC1F5 IN PV2627","BC1F5","67374","sgh1LUbYOgmJx"
"25ALM_BC1F3s1_1756","(IRAT204*2/SC325)-B-4","FYAR","25ALM_BC1F3s1_0809","GMS_PV2324_MIN_14024_04","(IRAT204*2/SC325)-B-4",43818,"sgh1LZ68l29h9","GMS_PGF2025_MIN_0809","(IRAT204*2/SC325)-B-4-1","54843","sgh1LWS9IBmoZ","GMS_MN2025_229104","(IRAT204*2/SC325)-B-4-1-1","65769","sgh1Lgy2ziUiM","NO_ISSUES_IDENTIFIED","Introgression_confirmed","ADVANCE BC1F5 IN PV2627","ADVANCE BC1F5 IN PV2627","BC1F5","65769","sgh1Lgy2ziUiM"
"25ALM_BC1F3s1_2494","(IRAT204*2/SC325)-B-2","FNKH","25ALM_BC1F3s1_0807","GMS_PV2324_MIN_14024_02","(IRAT204*2/SC325)-B-2",43816,"sgh1LUdj4KALn","GMS_PGF2025_MIN_0807","(IRAT204*2/SC325)-B-2-1","54841","sgh1LwdSTF83B","GMS_MN2025_110007","(IRAT204*2/SC325)-B-2-1-1","67099","sgh1LURRxRjvo","NO_ISSUES_IDENTIFIED","Introgression_confirmed","ADVANCE BC1F5 IN PV2627","ADVANCE BC1F5 IN PV2627","BC1F5","67099","sgh1LURRxRjvo"
"25ALM_BC1F3s1_2735","(IRAT204*2/SC325)-B-10","FDAM","25ALM_BC1F3s1_0815","GMS_PV2324_MIN_14024_10","(IRAT204*2/SC325)-B-10",43824,"sgh1LyC2jvebw","GMS_PGF2025_MIN_0815","(IRAT204*2/SC325)-B-10-1","54849","sgh1LIulEQx7z","GMS_MN2025_112024","(IRAT204*2/SC325)-B-10-1-1","67171","sgh1Ld8PSAWjg","NO_ISSUES_IDENTIFIED","Introgression_confirmed","ADVANCE BC1F5 IN PV2627","ADVANCE BC1F5 IN PV2627","BC1F5","67171","sgh1Ld8PSAWjg"
"25ALM_BC1F3s1_1822","(IRAT204*2/SC760)-B-9","FXYV","25ALM_BC1F3s1_0769","GMS_PV2324_MIN_14021_09","(IRAT204*2/SC760)-B-9",43778,"sgh1LiHCVVLXx","GMS_PGF2025_MIN_0769","(IRAT204*2/SC760)-B-9-1","54804","sgh1LOCJvxJd8","GMS_MN2025_137034","(IRAT204*2/SC760)-B-9-1-1","67846","sgh1LJKaNuNv1","NO_ISSUES_IDENTIFIED","Introgression_confirmed","ADVANCE BC1F5 IN PV2627","ADVANCE BC1F5 IN PV2627","BC1F5","67846","sgh1LJKaNuNv1"
"25ALM_BC1F3s1_2300","(IRAT204*2/SC760)-B-8","FVNN","25ALM_BC1F3s1_0768","GMS_PV2324_MIN_14021_08","(IRAT204*2/SC760)-B-8",43777,"sgh1Lgbt1xKzK","GMS_PGF2025_MIN_0768","(IRAT204*2/SC760)-B-8-1","54803","sgh1LZaPFsay6","GMS_MN2025_118006","(IRAT204*2/SC760)-B-8-1-1","67323","sgh1LcOf2lx92","NO_ISSUES_IDENTIFIED","Introgression_confirmed","ADVANCE BC1F5 IN PV2627","ADVANCE BC1F5 IN PV2627","BC1F5","67323","sgh1LcOf2lx92"
"25ALM_BC1F3s1_2535","(IRAT204*2/SC760)-B-7","FEMT","25ALM_BC1F3s1_0767","GMS_PV2324_MIN_14021_07","(IRAT204*2/SC760)-B-7",43776,"sgh1LHJ0PWh0A","GMS_PGF2025_MIN_0767","(IRAT204*2/SC760)-B-7-1","54802","sgh1LVitv1YMl",NA,NA,NA,NA,"NOT_HARVESTED_MN2025","Introgression_confirmed","ADVANCE BC1F4 IN PV2627","ADVANCE BC1F4 IN PV2627","BC1F4","54802","sgh1LVitv1YMl"
"25ALM_BC1F3s1_2798","(IRAT204*2/SC760)-B-5","FROY","25ALM_BC1F3s1_0765","GMS_PV2324_MIN_14021_05","(IRAT204*2/SC760)-B-5",43774,"sgh1LBBgB4w1T","GMS_PGF2025_MIN_0765","(IRAT204*2/SC760)-B-5-1","54800","sgh1L9jLU3WT4","GMS_MN2025_133006","(IRAT204*2/SC760)-B-5-1-1","67723","sgh1LmlobNPgX","NO_ISSUES_IDENTIFIED","Introgression_confirmed","ADVANCE BC1F5 IN PV2627","ADVANCE BC1F5 IN PV2627","BC1F5","67723","sgh1LmlobNPgX"
"25ALM_BC1F3s1_0310","(IRAT204*2/SC760)-B-4","FXKP","25ALM_BC1F3s1_0764","GMS_PV2324_MIN_14021_04","(IRAT204*2/SC760)-B-4",43773,"sgh1LZTzmhIX1","GMS_PGF2025_MIN_0764","(IRAT204*2/SC760)-B-4-1","54799","sgh1LV9ZQSDoK","GMS_MN2025_129038","(IRAT204*2/SC760)-B-4-1-1","67637","sgh1LVlVaZmlD","NO_ISSUES_IDENTIFIED","Introgression_confirmed","ADVANCE BC1F5 IN PV2627","ADVANCE BC1F5 IN PV2627","BC1F5","67637","sgh1LVlVaZmlD"
"25ALM_BC1F3s1_0989","(IRAT204*2/SC760)-B-2","FBOY","25ALM_BC1F3s1_0762","GMS_PV2324_MIN_14021_02","(IRAT204*2/SC760)-B-2",43771,"sgh1LBiq0ctmo","GMS_PGF2025_MIN_0762","(IRAT204*2/SC760)-B-2-1","54797","sgh1LXymQ3810","GMS_MN2025_117015","(IRAT204*2/SC760)-B-2-1-1","67303","sgh1LY4p9h27d","NO_ISSUES_IDENTIFIED","Introgression_confirmed","ADVANCE BC1F5 IN PV2627","ADVANCE BC1F5 IN PV2627","BC1F5","67303","sgh1LY4p9h27d"
"25ALM_BC1F3s1_2227","(IRAT204*2/SC760)-B-15","FVGY","25ALM_BC1F3s1_0775","GMS_PV2324_MIN_14021_15","(IRAT204*2/SC760)-B-15",43784,"sgh1LkCYEerAo","GMS_PGF2025_MIN_0775","(IRAT204*2/SC760)-B-15-1","54810","sgh1Lhvr2jwle","GMS_MN2025_133012","(IRAT204*2/SC760)-B-15-1-1","67726","sgh1L56aHRWst","NO_ISSUES_IDENTIFIED","Introgression_confirmed","ADVANCE BC1F5 IN PV2627","ADVANCE BC1F5 IN PV2627","BC1F5","67726","sgh1L56aHRWst"
"25ALM_BC1F3s1_0590","(IRAT204*2/SC760)-B-12","FTVD","25ALM_BC1F3s1_0772","GMS_PV2324_MIN_14021_12","(IRAT204*2/SC760)-B-12",43781,"sgh1Lqkepr4uG","GMS_PGF2025_MIN_0772","(IRAT204*2/SC760)-B-12-1","54807","sgh1LgUs2Ab4W","GMS_MN2025_122020","(IRAT204*2/SC760)-B-12-1-1","67444","sgh1L21zPaptg","NO_ISSUES_IDENTIFIED","Introgression_confirmed","ADVANCE BC1F5 IN PV2627","ADVANCE BC1F5 IN PV2627","BC1F5","67444","sgh1L21zPaptg"
"25ALM_BC1F3s1_1311","(IRAT204*2/SC760)-B-11","FKOD","25ALM_BC1F3s1_0771","GMS_PV2324_MIN_14021_11","(IRAT204*2/SC760)-B-11",43780,"sgh1L1KjyYACu","GMS_PGF2025_MIN_0771","(IRAT204*2/SC760)-B-11-1","54806","sgh1L3pyeMPtz","GMS_MN2025_117036","(IRAT204*2/SC760)-B-11-1-1","67319","sgh1LP3vSwyih","NO_ISSUES_IDENTIFIED","Introgression_confirmed","ADVANCE BC1F5 IN PV2627","ADVANCE BC1F5 IN PV2627","BC1F5","67319","sgh1LP3vSwyih"
"25ALM_BC1F3s1_0979","(IRAT204*2/SC760)-B-10","FYRE","25ALM_BC1F3s1_0770","GMS_PV2324_MIN_14021_10","(IRAT204*2/SC760)-B-10",43779,"sgh1Lu6CR6o9x","GMS_PGF2025_MIN_0770","(IRAT204*2/SC760)-B-10-1","54805","sgh1Lz0zi7dDZ","GMS_MN2025_136010","(IRAT204*2/SC760)-B-10-1-1","67808","sgh1LtFcVdEXB","NO_ISSUES_IDENTIFIED","Introgression_confirmed","ADVANCE BC1F5 IN PV2627","ADVANCE BC1F5 IN PV2627","BC1F5","67808","sgh1LtFcVdEXB"
"25ALM_BC1F3s1_0471","(IRAT204*2/SC63)-B-6","FLHX","25ALM_BC1F3s1_0796","GMS_PV2324_MIN_14023_06","(IRAT204*2/SC63)-B-6",43805,"sgh1L3Qc1ShEz","GMS_PGF2025_MIN_0796","(IRAT204*2/SC63)-B-6-1","54831","sgh1LGuu1Qlqg","GMS_MN2025_227100","(IRAT204*2/SC63)-B-6-1-1","65738","sgh1Le2kmwtUP","NO_ISSUES_IDENTIFIED","Introgression_confirmed","ADVANCE BC1F5 IN PV2627","ADVANCE BC1F5 IN PV2627","BC1F5","65738","sgh1Le2kmwtUP"
"25ALM_BC1F3s1_2762","(IRAT204*2/SC63)-B-3","FBIO","25ALM_BC1F3s1_0793","GMS_PV2324_MIN_14023_03","(IRAT204*2/SC63)-B-3",43802,"sgh1LV2lqBGKi","GMS_PGF2025_MIN_0793","(IRAT204*2/SC63)-B-3-1","54828","sgh1LSBMKroVc","GMS_MN2025_230094","(IRAT204*2/SC63)-B-3-1-1","65805","sgh1LLwglBa0w","NO_ISSUES_IDENTIFIED","Introgression_confirmed","ADVANCE BC1F5 IN PV2627","ADVANCE BC1F5 IN PV2627","BC1F5","65805","sgh1LLwglBa0w"
"25ALM_BC1F3s1_0417","(IRAT204*2/SC63)-B-2","FHBM","25ALM_BC1F3s1_0792","GMS_PV2324_MIN_14023_02","(IRAT204*2/SC63)-B-2",43801,"sgh1LUxBeQQLy","GMS_PGF2025_MIN_0792","(IRAT204*2/SC63)-B-2-1","54827","sgh1LpEp9GA4q","GMS_MN2025_115079","(IRAT204*2/SC63)-B-2-1-1","65505","sgh1L8kjf2JwD","NO_ISSUES_IDENTIFIED","Introgression_confirmed","ADVANCE BC1F5 IN PV2627","ADVANCE BC1F5 IN PV2627","BC1F5","65505","sgh1L8kjf2JwD"
"25ALM_BC1F3s1_1025","(IRAT204*2/SC63)-B-15","FIXG","25ALM_BC1F3s1_0805","GMS_PV2324_MIN_14023_15","(IRAT204*2/SC63)-B-15",43814,"sgh1LaIVc6ih1","GMS_PGF2025_MIN_0805","(IRAT204*2/SC63)-B-15-1","54840","sgh1LE4BWMd9v","GMS_MN2025_220094","(IRAT204*2/SC63)-B-15-1-1","65612","sgh1LlK9a9B4A","NO_ISSUES_IDENTIFIED","Introgression_confirmed","ADVANCE BC1F5 IN PV2627","ADVANCE BC1F5 IN PV2627","BC1F5","65612","sgh1LlK9a9B4A"
"25ALM_BC1F3s1_1136","(IRAT204*2/SC63)-B-14","FXZQ","25ALM_BC1F3s1_0804","GMS_PV2324_MIN_14023_14","(IRAT204*2/SC63)-B-14",43813,"sgh1LWe5ETToi","GMS_PGF2025_MIN_0804","(IRAT204*2/SC63)-B-14-1","54839","sgh1LBFZyRgDO","GMS_MN2025_228103","(IRAT204*2/SC63)-B-14-1-1","65768","sgh1L5K1cL4Kz","NO_ISSUES_IDENTIFIED","Introgression_confirmed","ADVANCE BC1F5 IN PV2627","ADVANCE BC1F5 IN PV2627","BC1F5","65768","sgh1L5K1cL4Kz"
"25ALM_BC1F3s1_0052","(IRAT204*2/SC63)-B-11","FHNO","25ALM_BC1F3s1_0801","GMS_PV2324_MIN_14023_11","(IRAT204*2/SC63)-B-11",43810,"sgh1Lxu4GzfnD","GMS_PGF2025_MIN_0801","(IRAT204*2/SC63)-B-11-1","54836","sgh1L8RTmtYQ4","GMS_MN2025_134028","(IRAT204*2/SC63)-B-11-1-1","67767","sgh1LvNduwcP0","NO_ISSUES_IDENTIFIED","Introgression_confirmed","ADVANCE BC1F5 IN PV2627","ADVANCE BC1F5 IN PV2627","BC1F5","67767","sgh1LvNduwcP0"
"25ALM_BC1F3s1_0242","(IRAT204*2/SC63)-B-10","FPQX","25ALM_BC1F3s1_0800","GMS_PV2324_MIN_14023_10","(IRAT204*2/SC63)-B-10",43809,"sgh1LismcA1SJ","GMS_PGF2025_MIN_0800","(IRAT204*2/SC63)-B-10-1","54835","sgh1L7B0jXpSu","GMS_MN2025_130080","(IRAT204*2/SC63)-B-10-1-1","65797","sgh1LgHu5FzM2","NO_ISSUES_IDENTIFIED","Introgression_confirmed","ADVANCE BC1F5 IN PV2627","ADVANCE BC1F5 IN PV2627","BC1F5","65797","sgh1LgHu5FzM2"
"25ALM_BC1F3s1_2002","(IRAT204*2/SC63)-B-1","FVII","25ALM_BC1F3s1_0791","GMS_PV2324_MIN_14023_01","(IRAT204*2/SC63)-B-1",43800,"sgh1LX4Y8n5dZ","GMS_PGF2025_MIN_0791","(IRAT204*2/SC63)-B-1-1","54826","sgh1LShz6MtQl","GMS_MN2025_214081","(IRAT204*2/SC63)-B-1-1-1","65468","sgh1LF5N8woMQ","NO_ISSUES_IDENTIFIED","Introgression_confirmed","ADVANCE BC1F5 IN PV2627","ADVANCE BC1F5 IN PV2627","BC1F5","65468","sgh1LF5N8woMQ"
"25ALM_BC1F3s1_2442","(IRAT204*2/SC411)-B-9","FHFT","25ALM_BC1F3s1_0038","GMS_PV2324_MIN_15009_09","(IRAT204*2/SC411)-B-9",42662,"sgh1L1VHnJors","GMS_PGF2025_MIN_0038","(IRAT204*2/SC411)-B-9-1","54157","sgh1LA0NCGQrl","GMS_MN2025_126032","(IRAT204*2/SC411)-B-9-1-1","67559","sgh1LezLDKXxR","NO_ISSUES_IDENTIFIED","Introgression_confirmed","ADVANCE BC1F5 IN PV2627","ADVANCE BC1F5 IN PV2627","BC1F5","67559","sgh1LezLDKXxR"
"25ALM_BC1F3s1_1406","(IRAT204*2/SC411)-B-8","FWTB","25ALM_BC1F3s1_0037","GMS_PV2324_MIN_15009_08","(IRAT204*2/SC411)-B-8",42661,"sgh1LBrs5xqlP","GMS_PGF2025_MIN_0037","(IRAT204*2/SC411)-B-8-1","54156","sgh1LnMWjtckk","GMS_MN2025_118031","(IRAT204*2/SC411)-B-8-1-1","67341","sgh1LdVGFQwws","NO_ISSUES_IDENTIFIED","Introgression_confirmed","ADVANCE BC1F5 IN PV2627","ADVANCE BC1F5 IN PV2627","BC1F5","67341","sgh1LdVGFQwws"
"25ALM_BC1F3s1_0705","(IRAT204*2/SC411)-B-6","FWNR","25ALM_BC1F3s1_0035","GMS_PV2324_MIN_15009_06","(IRAT204*2/SC411)-B-6",42659,"sgh1LMh8F8YFM","GMS_PGF2025_MIN_0035","(IRAT204*2/SC411)-B-6-1","54155","sgh1L2QdTaU5y","GMS_MN2025_211085","(IRAT204*2/SC411)-B-6-1-1","65409","sgh1L1E7TIqXE","NO_ISSUES_IDENTIFIED","Introgression_confirmed","ADVANCE BC1F5 IN PV2627","ADVANCE BC1F5 IN PV2627","BC1F5","65409","sgh1L1E7TIqXE"
"25ALM_BC1F3s1_0774","(IRAT204*2/SC411)-B-5","FEVU","25ALM_BC1F3s1_0034","GMS_PV2324_MIN_15009_05","(IRAT204*2/SC411)-B-5",42658,"sgh1L7FOHpYCx","GMS_PGF2025_MIN_0034","(IRAT204*2/SC411)-B-5-1","54154","sgh1LpAj8vsHR","GMS_MN2025_111024","(IRAT204*2/SC411)-B-5-1-1","67142","sgh1LjYgzmFO0","NO_ISSUES_IDENTIFIED","Introgression_confirmed","ADVANCE BC1F5 IN PV2627","ADVANCE BC1F5 IN PV2627","BC1F5","67142","sgh1LjYgzmFO0"
"25ALM_BC1F3s1_1538","(IRAT204*2/SC411)-B-4","FITY","25ALM_BC1F3s1_0033","GMS_PV2324_MIN_15009_04","(IRAT204*2/SC411)-B-4",42657,"sgh1LEtKZu1qS","GMS_PGF2025_MIN_0033","(IRAT204*2/SC411)-B-4-1","54153","sgh1LFvPWmolW","GMS_MN2025_215100","(IRAT204*2/SC411)-B-4-1-1","65488","sgh1LZ4fGeDKe","NO_ISSUES_IDENTIFIED","Introgression_confirmed","ADVANCE BC1F5 IN PV2627","ADVANCE BC1F5 IN PV2627","BC1F5","65488","sgh1LZ4fGeDKe"
"25ALM_BC1F3s1_2316","(IRAT204*2/SC411)-B-3","FLUR","25ALM_BC1F3s1_0032","GMS_PV2324_MIN_15009_03","(IRAT204*2/SC411)-B-3",42656,"sgh1LZHxFGwsW","GMS_PGF2025_MIN_0032","(IRAT204*2/SC411)-B-3-1","54152","sgh1LPlAAx2Bg","GMS_MN2025_221085","(IRAT204*2/SC411)-B-3-1-1","65633","sgh1LAtF6wj7z","NO_ISSUES_IDENTIFIED","Introgression_confirmed","ADVANCE BC1F5 IN PV2627","ADVANCE BC1F5 IN PV2627","BC1F5","65633","sgh1LAtF6wj7z"
"25ALM_BC1F3s1_0170","(IRAT204*2/SC411)-B-2","FSBI","25ALM_BC1F3s1_0031","GMS_PV2324_MIN_15009_02","(IRAT204*2/SC411)-B-2",42655,"sgh1LoeLMFPbj","GMS_PGF2025_MIN_0031","(IRAT204*2/SC411)-B-2-1","54151","sgh1LWclPPkU8","GMS_MN2025_135029","(IRAT204*2/SC411)-B-2-1-1","67797","sgh1LU9pyZBbr","NO_ISSUES_IDENTIFIED","Introgression_confirmed","ADVANCE BC1F5 IN PV2627","ADVANCE BC1F5 IN PV2627","BC1F5","67797","sgh1LU9pyZBbr"
"25ALM_BC1F3s1_1200","(IRAT204*2/SC52)-B-8","FZJC","25ALM_BC1F3s1_0061","GMS_PV2324_MIN_14027_08","(IRAT204*2/SC52)-B-8",42691,"sgh1Lb8F4fi4G","GMS_PGF2025_MIN_0061","(IRAT204*2/SC52)-B-8-1","54180","sgh1Lip2o0QwA","GMS_MN2025_111009","(IRAT204*2/SC52)-B-8-1-1","67131","sgh1LIV4YaCAI","NO_ISSUES_IDENTIFIED","Introgression_confirmed","ADVANCE BC1F5 IN PV2627","ADVANCE BC1F5 IN PV2627","BC1F5","67131","sgh1LIV4YaCAI"
"25ALM_BC1F3s1_2189","(IRAT204*2/SC52)-B-7","FEUH","25ALM_BC1F3s1_0060","GMS_PV2324_MIN_14027_07","(IRAT204*2/SC52)-B-7",42690,"sgh1L3c1jGKSx","GMS_PGF2025_MIN_0060","(IRAT204*2/SC52)-B-7-1","54179","sgh1LIn0HaHbs","GMS_MN2025_222097","(IRAT204*2/SC52)-B-7-1-1","65660","sgh1LzNOorj84","NO_ISSUES_IDENTIFIED","Introgression_confirmed","ADVANCE BC1F5 IN PV2627","ADVANCE BC1F5 IN PV2627","BC1F5","65660","sgh1LzNOorj84"
"25ALM_BC1F3s1_2368","(IRAT204*2/SC52)-B-6","FUIB","25ALM_BC1F3s1_0059","GMS_PV2324_MIN_14027_06","(IRAT204*2/SC52)-B-6",42689,"sgh1LURYp2EmC","GMS_PGF2025_MIN_0059","(IRAT204*2/SC52)-B-6-1","54178","sgh1Lq3Zx4mG5","GMS_MN2025_105040","(IRAT204*2/SC52)-B-6-1-1","67800","sgh1LD8YQKPcQ","NO_ISSUES_IDENTIFIED","Introgression_confirmed","ADVANCE BC1F5 IN PV2627","ADVANCE BC1F5 IN PV2627","BC1F5","67800","sgh1LD8YQKPcQ"
"25ALM_BC1F3s1_1973","(IRAT204*2/SC52)-B-5","FSRL","25ALM_BC1F3s1_0058","GMS_PV2324_MIN_14027_05","(IRAT204*2/SC52)-B-5",42688,"sgh1L4cuh5IJA","GMS_PGF2025_MIN_0058","(IRAT204*2/SC52)-B-5-1","54177","sgh1L17QnqL3u","GMS_MN2025_215084","(IRAT204*2/SC52)-B-5-1-1","65502","sgh1LRGDm6Xfd","NO_ISSUES_IDENTIFIED","Introgression_confirmed","ADVANCE BC1F5 IN PV2627","ADVANCE BC1F5 IN PV2627","BC1F5","65502","sgh1LRGDm6Xfd"
"25ALM_BC1F3s1_0672","(IRAT204*2/SC52)-B-4","FVSA","25ALM_BC1F3s1_0057","GMS_PV2324_MIN_14027_04","(IRAT204*2/SC52)-B-4",42687,"sgh1LfKLKIGjB","GMS_PGF2025_MIN_0057","(IRAT204*2/SC52)-B-4-1","54176","sgh1LMlnzmgsR","GMS_MN2025_134035","(IRAT204*2/SC52)-B-4-1-1","67772","sgh1Lfyh9H6F7","NO_ISSUES_IDENTIFIED","Introgression_confirmed","ADVANCE BC1F5 IN PV2627","ADVANCE BC1F5 IN PV2627","BC1F5","67772","sgh1Lfyh9H6F7"
"25ALM_BC1F3s1_2914","(IRAT204*2/SC52)-B-3","FNSA","25ALM_BC1F3s1_0056","GMS_PV2324_MIN_14027_03","(IRAT204*2/SC52)-B-3",42686,"sgh1LjZyVaiOv","GMS_PGF2025_MIN_0056","(IRAT204*2/SC52)-B-3-1","54175","sgh1L9hvnQXYV","GMS_MN2025_104022","(IRAT204*2/SC52)-B-3-1-1","67369","sgh1LlkYULqwa","NO_ISSUES_IDENTIFIED","Introgression_confirmed","ADVANCE BC1F5 IN PV2627","ADVANCE BC1F5 IN PV2627","BC1F5","67369","sgh1LlkYULqwa"
"25ALM_BC1F3s1_0544","(IRAT204*2/SC52)-B-2","FTRD","25ALM_BC1F3s1_0055","GMS_PV2324_MIN_14027_02","(IRAT204*2/SC52)-B-2",42685,"sgh1L3bbEUGsQ","GMS_PGF2025_MIN_0055","(IRAT204*2/SC52)-B-2-1","54174","sgh1LnIBTPapI","GMS_MN2025_124012","(IRAT204*2/SC52)-B-2-1-1","67493","sgh1Lic0euKG2","NO_ISSUES_IDENTIFIED","Introgression_confirmed","ADVANCE BC1F5 IN PV2627","ADVANCE BC1F5 IN PV2627","BC1F5","67493","sgh1Lic0euKG2"
"25ALM_BC1F3s1_0634","(IRAT204*2/SC52)-B-15","FMAW","25ALM_BC1F3s1_0068","GMS_PV2324_MIN_14027_15","(IRAT204*2/SC52)-B-15",42698,"sgh1LDl94mpRL","GMS_PGF2025_MIN_0068","(IRAT204*2/SC52)-B-15-1","54186","sgh1LfCVPuROX","GMS_MN2025_229095","(IRAT204*2/SC52)-B-15-1-1","65777","sgh1L3smBg7iL","NO_ISSUES_IDENTIFIED","Introgression_confirmed","ADVANCE BC1F5 IN PV2627","ADVANCE BC1F5 IN PV2627","BC1F5","65777","sgh1L3smBg7iL"
"25ALM_BC1F3s1_2386","(IRAT204*2/SC52)-B-14","FDBB","25ALM_BC1F3s1_0067","GMS_PV2324_MIN_14027_14","(IRAT204*2/SC52)-B-14",42697,"sgh1Lyzkd1q1p","GMS_PGF2025_MIN_0067","(IRAT204*2/SC52)-B-14-1","54185","sgh1LnT2jVHH2",NA,NA,NA,NA,"NO_ISSUES_IDENTIFIED","Introgression_confirmed","ADVANCE BC1F4 IN PGF","ADVANCE BC1F4 IN PGF","BC1F4","54185","sgh1LnT2jVHH2"
"25ALM_BC1F3s1_1765","(IRAT204*2/SC52)-B-12","FPXA","25ALM_BC1F3s1_0065","GMS_PV2324_MIN_14027_12","(IRAT204*2/SC52)-B-12",42695,"sgh1Ltuipr6Ih","GMS_PGF2025_MIN_0065","(IRAT204*2/SC52)-B-12-1","54183","sgh1L8FPhjKiz","GMS_MN2025_138023","(IRAT204*2/SC52)-B-12-1-1","67863","sgh1LlNlw92yd","NO_ISSUES_IDENTIFIED","Introgression_confirmed","ADVANCE BC1F5 IN PV2627","ADVANCE BC1F5 IN PV2627","BC1F5","67863","sgh1LlNlw92yd"
"25ALM_BC1F3s1_1707","(IRAT204*2/SC52)-B-11","FYXU","25ALM_BC1F3s1_0064","GMS_PV2324_MIN_14027_11","(IRAT204*2/SC52)-B-11",42694,"sgh1L2JenIHKN","GMS_PGF2025_MIN_0064","(IRAT204*2/SC52)-B-11-1","54182","sgh1L5EBGYHvM",NA,NA,NA,NA,"NO_ISSUES_IDENTIFIED","Introgression_confirmed","ADVANCE BC1F4 IN PGF","ADVANCE BC1F4 IN PGF","BC1F4","54182","sgh1L5EBGYHvM"
"25ALM_BC1F3s1_1094","(IRAT204*2/SC52)-B-1","FHHT","25ALM_BC1F3s1_0054","GMS_PV2324_MIN_14027_01","(IRAT204*2/SC52)-B-1",42684,"sgh1LMFTGnKWQ","GMS_PGF2025_MIN_0054","(IRAT204*2/SC52)-B-1-1","54173","sgh1LYaQJt33R",NA,NA,NA,NA,"NO_ISSUES_IDENTIFIED","Introgression_confirmed","ADVANCE BC1F4 IN PGF","ADVANCE BC1F4 IN PGF","BC1F4","54173","sgh1LYaQJt33R"
"25ALM_BC1F3s1_2228","(IRAT204*2/SC173)-B-9","FHWR","25ALM_BC1F3s1_0570","GMS_PV2324_MIN_15012_09","(IRAT204*2/SC173)-B-9",43298,"sgh1LDujf7KPT","GMS_PGF2025_MIN_0570","(IRAT204*2/SC173)-B-9-1","54616","sgh1LQ3CCTYQg","GMS_MN2025_216084","(IRAT204*2/SC173)-B-9-1-1","65515","sgh1Lbrif9Q3R","NO_ISSUES_IDENTIFIED","Introgression_confirmed","ADVANCE BC1F5 IN PV2627","ADVANCE BC1F5 IN PV2627","BC1F5","65515","sgh1Lbrif9Q3R"
"25ALM_BC1F3s1_0051","(IRAT204*2/SC173)-B-8","FLCU","25ALM_BC1F3s1_0569","GMS_PV2324_MIN_15012_08","(IRAT204*2/SC173)-B-8",43297,"sgh1LQhcfpo9X","GMS_PGF2025_MIN_0569","(IRAT204*2/SC173)-B-8-1","54615","sgh1LweSOIDMb","GMS_MN2025_229098","(IRAT204*2/SC173)-B-8-1-1","65774","sgh1LH9LzfSOV","NO_ISSUES_IDENTIFIED","Introgression_confirmed","ADVANCE BC1F5 IN PV2627","ADVANCE BC1F5 IN PV2627","BC1F5","65774","sgh1LH9LzfSOV"
"25ALM_BC1F3s1_2215","(IRAT204*2/SC173)-B-6","FFMJ","25ALM_BC1F3s1_0567","GMS_PV2324_MIN_15012_06","(IRAT204*2/SC173)-B-6",43295,"sgh1LWv7jviUl","GMS_PGF2025_MIN_0567","(IRAT204*2/SC173)-B-6-1","54614","sgh1LiNm1ZsUw","GMS_MN2025_218090","(IRAT204*2/SC173)-B-6-1-1","65561","sgh1LW40xcPqA","NO_ISSUES_IDENTIFIED","Introgression_confirmed","ADVANCE BC1F5 IN PV2627","ADVANCE BC1F5 IN PV2627","BC1F5","65561","sgh1LW40xcPqA"
"25ALM_BC1F3s1_2492","(IRAT204*2/SC173)-B-3","FZMP","25ALM_BC1F3s1_0564","GMS_PV2324_MIN_15012_03","(IRAT204*2/SC173)-B-3",43292,"sgh1Lrzri7aSr","GMS_PGF2025_MIN_0564","(IRAT204*2/SC173)-B-3-1","54612","sgh1LCW6HgNxL",NA,NA,NA,NA,"NOT_HARVESTED_MN2025","Introgression_confirmed","ADVANCE BC1F4 IN PV2627","ADVANCE BC1F4 IN PV2627","BC1F4","54612","sgh1LCW6HgNxL"
"25ALM_BC1F3s1_1642","(IRAT204*2/SC173)-B-2","FESK","25ALM_BC1F3s1_0563","GMS_PV2324_MIN_15012_02","(IRAT204*2/SC173)-B-2",43291,"sgh1L5AgrpfbT","GMS_PGF2025_MIN_0563","(IRAT204*2/SC173)-B-2-1","54611","sgh1LXrIJeUSJ","GMS_MN2025_133035","(IRAT204*2/SC173)-B-2-1-1","67744","sgh1LFyR2L9mm","NO_ISSUES_IDENTIFIED","Introgression_confirmed","ADVANCE BC1F5 IN PV2627","ADVANCE BC1F5 IN PV2627","BC1F5","67744","sgh1LFyR2L9mm"
"25ALM_BC1F3s1_1549","(IRAT204*2/SC173)-B-11","FTCM","25ALM_BC1F3s1_0572","GMS_PV2324_MIN_15012_11","(IRAT204*2/SC173)-B-11",43300,"sgh1LkxutVYwW","GMS_PGF2025_MIN_0572","(IRAT204*2/SC173)-B-11-1","54618","sgh1LekRobuk8",NA,NA,NA,NA,"NOT_HARVESTED_MN2025","Introgression_confirmed","ADVANCE BC1F4 IN PGF","ADVANCE BC1F4 IN PGF","BC1F4","54618","sgh1LekRobuk8"
"25ALM_BC1F3s1_2047","(IRAT204*2/SC173)-B-1","FJQY","25ALM_BC1F3s1_0562","GMS_PV2324_MIN_15012_01","(IRAT204*2/SC173)-B-1",43290,"sgh1LdRR7G535","GMS_PGF2025_MIN_0562","(IRAT204*2/SC173)-B-1-1","54610","sgh1LVHCdogcY","GMS_MN2025_230096","(IRAT204*2/SC173)-B-1-1-1","65806","sgh1Lujqj5deE","NO_ISSUES_IDENTIFIED","Introgression_confirmed","ADVANCE BC1F5 IN PV2627","ADVANCE BC1F5 IN PV2627","BC1F5","65806","sgh1Lujqj5deE"
"25ALM_BC1F3s1_1498","(IRAT204*2/SC53)-B-9","FJZL","25ALM_BC1F3s1_0548","GMS_PV2324_MIN_15010_09","(IRAT204*2/SC53)-B-9",43268,"sgh1L1mOotBCU","GMS_PGF2025_MIN_0548","(IRAT204*2/SC53)-B-9-1","54597","sgh1Ltxaz6VZp","GMS_MN2025_125079","(IRAT204*2/SC53)-B-9-1-1","65717","sgh1L026o3Pbz","NO_ISSUES_IDENTIFIED","Introgression_confirmed","ADVANCE BC1F5 IN PV2627","ADVANCE BC1F5 IN PV2627","BC1F5","65717","sgh1L026o3Pbz"
"25ALM_BC1F3s1_1830","(IRAT204*2/SC53)-B-8","FNRI","25ALM_BC1F3s1_0547","GMS_PV2324_MIN_15010_08","(IRAT204*2/SC53)-B-8",43267,"sgh1LcbeKNg6B","GMS_PGF2025_MIN_0547","(IRAT204*2/SC53)-B-8-1","54596","sgh1Lh9bwwwBj","GMS_MN2025_134015","(IRAT204*2/SC53)-B-8-1-1","67756","sgh1LOZOtwFEw","NO_ISSUES_IDENTIFIED","Introgression_confirmed","ADVANCE BC1F5 IN PV2627","ADVANCE BC1F5 IN PV2627","BC1F5","67756","sgh1LOZOtwFEw"
"25ALM_BC1F3s1_2436","(IRAT204*2/SC53)-B-7","FXAU","25ALM_BC1F3s1_0546","GMS_PV2324_MIN_15010_07","(IRAT204*2/SC53)-B-7",43266,"sgh1LrA6SzbGr","GMS_PGF2025_MIN_0546","(IRAT204*2/SC53)-B-7-1","54595","sgh1LxGoKAfLd","GMS_MN2025_127023","(IRAT204*2/SC53)-B-7-1-1","67573","sgh1LtJOyYJeO","NO_ISSUES_IDENTIFIED","Introgression_confirmed","ADVANCE BC1F5 IN PV2627","ADVANCE BC1F5 IN PV2627","BC1F5","67573","sgh1LtJOyYJeO"
"25ALM_BC1F3s1_2252","(IRAT204*2/SC53)-B-6","FQYG","25ALM_BC1F3s1_0545","GMS_PV2324_MIN_15010_06","(IRAT204*2/SC53)-B-6",43265,"sgh1LJxBm1Sud","GMS_PGF2025_MIN_0545","(IRAT204*2/SC53)-B-6-1","54594","sgh1LqguWkb8L","GMS_MN2025_125014","(IRAT204*2/SC53)-B-6-1-1","67525","sgh1LRtsYRlZn","NO_ISSUES_IDENTIFIED","Introgression_confirmed","ADVANCE BC1F5 IN PV2627","ADVANCE BC1F5 IN PV2627","BC1F5","67525","sgh1LRtsYRlZn"
"25ALM_BC1F3s1_0067","(IRAT204*2/SC53)-B-5","FHKX","25ALM_BC1F3s1_0544","GMS_PV2324_MIN_15010_05","(IRAT204*2/SC53)-B-5",43264,"sgh1LIslTZjNf","GMS_PGF2025_MIN_0544","(IRAT204*2/SC53)-B-5-1","54593","sgh1LHcDqdpPx","GMS_MN2025_219093","(IRAT204*2/SC53)-B-5-1-1","65582","sgh1LVPzRCwd5","NO_ISSUES_IDENTIFIED","Introgression_confirmed","ADVANCE BC1F5 IN PV2627","ADVANCE BC1F5 IN PV2627","BC1F5","65582","sgh1LVPzRCwd5"
"25ALM_BC1F3s1_1540","(IRAT204*2/SC53)-B-4","FXTN","25ALM_BC1F3s1_0543","GMS_PV2324_MIN_15010_04","(IRAT204*2/SC53)-B-4",43263,"sgh1LVveQEZ9R","GMS_PGF2025_MIN_0543","(IRAT204*2/SC53)-B-4-1","54592","sgh1LSI2eZwTE",NA,NA,NA,NA,"NOT_HARVESTED_MN2025","Introgression_confirmed","ADVANCE BC1F4 IN PV2627","ADVANCE BC1F4 IN PV2627","BC1F4","54592","sgh1LSI2eZwTE"
"25ALM_BC1F3s1_0911","(IRAT204*2/SC53)-B-3","FZDC","25ALM_BC1F3s1_0542","GMS_PV2324_MIN_15010_03","(IRAT204*2/SC53)-B-3",43262,"sgh1LSW1hZK0H","GMS_PGF2025_MIN_0542","(IRAT204*2/SC53)-B-3-1","54591","sgh1LMs3JZxmg","GMS_MN2025_105031","(IRAT204*2/SC53)-B-3-1-1","67731","sgh1LaSis7nH0","NO_ISSUES_IDENTIFIED","Introgression_confirmed","ADVANCE BC1F5 IN PV2627","ADVANCE BC1F5 IN PV2627","BC1F5","67731","sgh1LaSis7nH0"
"25ALM_BC1F3s1_2430","(IRAT204*2/SC53)-B-12","FXSF","25ALM_BC1F3s1_0551","GMS_PV2324_MIN_15010_12","(IRAT204*2/SC53)-B-12",43271,"sgh1LDoAyiyaC","GMS_PGF2025_MIN_0551","(IRAT204*2/SC53)-B-12-1","54599","sgh1LL71HTPA7","GMS_MN2025_122019","(IRAT204*2/SC53)-B-12-1-1","67443","sgh1L09fIhEY8","NO_ISSUES_IDENTIFIED","Introgression_confirmed","ADVANCE BC1F5 IN PV2627","ADVANCE BC1F5 IN PV2627","BC1F5","67443","sgh1L09fIhEY8"
"25ALM_BC1F3s1_0894","(IRAT204*2/SC53)-B-10","FZJR","25ALM_BC1F3s1_0549","GMS_PV2324_MIN_15010_10","(IRAT204*2/SC53)-B-10",43269,"sgh1L49zirQot","GMS_PGF2025_MIN_0549","(IRAT204*2/SC53)-B-10-1","54598","sgh1L1lMI3Gb9","GMS_MN2025_123026","(IRAT204*2/SC53)-B-10-1-1","67480","sgh1LF1Pkdd17","NO_ISSUES_IDENTIFIED","Introgression_confirmed","ADVANCE BC1F5 IN PV2627","ADVANCE BC1F5 IN PV2627","BC1F5","67480","sgh1LF1Pkdd17"
"25ALM_BC1F3s1_0467","(IRAT204*2/SC53)-B-1","FKQI","25ALM_BC1F3s1_0540","GMS_PV2324_MIN_15010_01","(IRAT204*2/SC53)-B-1",43260,"sgh1LHxYaMEag","GMS_PGF2025_MIN_0540","(IRAT204*2/SC53)-B-1-1","54590","sgh1LvPODwMxO","GMS_MN2025_127025","(IRAT204*2/SC53)-B-1-1-1","67574","sgh1LoSqlDYYf","NO_ISSUES_IDENTIFIED","Introgression_confirmed","ADVANCE BC1F5 IN PV2627","ADVANCE BC1F5 IN PV2627","BC1F5","67574","sgh1LoSqlDYYf"
"25ALM_BC1F3s1_0828","(CSM-63*2/SC145)-B-9","FULN","25ALM_BC1F3s1_0920","GMS_PV2324_MIN_17004_09","(CSM-63*2/SC145)-B-9",43973,"sgh1L1gA0omgX","GMS_PGF2025_MIN_0920","(CSM-63*2/SC145)-B-9-1","54947","sgh1Lbr3aSu2b",NA,NA,NA,NA,"NO_ISSUES_IDENTIFIED","Introgression_confirmed","ADVANCE BC1F4 IN PGF","ADVANCE BC1F4 IN PGF","BC1F4","54947","sgh1Lbr3aSu2b"
"25ALM_BC1F3s1_1944","(CSM-63*2/SC145)-B-6","FSPR","25ALM_BC1F3s1_0917","GMS_PV2324_MIN_17004_06","(CSM-63*2/SC145)-B-6",43970,"sgh1L9SZjdT6G","GMS_PGF2025_MIN_0917","(CSM-63*2/SC145)-B-6-1","54944","sgh1LYCIpn5h8","GMS_MN2025_229087","(CSM-63*2/SC145)-B-6-1-1","65784","sgh1Lror4Loai","NO_ISSUES_IDENTIFIED","Introgression_confirmed","ADVANCE BC1F5 IN PV2627","ADVANCE BC1F5 IN PV2627","BC1F5","65784","sgh1Lror4Loai"
"25ALM_BC1F3s1_0120","(CSM-63*2/SC145)-B-5","FRMC","25ALM_BC1F3s1_0916","GMS_PV2324_MIN_17004_05","(CSM-63*2/SC145)-B-5",43969,"sgh1LpLCfQ1hr","GMS_PGF2025_MIN_0916","(CSM-63*2/SC145)-B-5-1","54943","sgh1L1jm5QA9H","GMS_MN2025_116013","(CSM-63*2/SC145)-B-5-1-1","67276","sgh1LqwmunBdx","NO_ISSUES_IDENTIFIED","Introgression_confirmed","ADVANCE BC1F5 IN PV2627","ADVANCE BC1F5 IN PV2627","BC1F5","67276","sgh1LqwmunBdx"
"25ALM_BC1F3s1_1786","(CSM-63*2/SC145)-B-2","FVNY","25ALM_BC1F3s1_0913","GMS_PV2324_MIN_17004_02","(CSM-63*2/SC145)-B-2",43966,"sgh1LDK63yhqs","GMS_PGF2025_MIN_0913","(CSM-63*2/SC145)-B-2-1","54941","sgh1LQJMJMrjL",NA,NA,NA,NA,"NO_ISSUES_IDENTIFIED","Introgression_confirmed","ADVANCE BC1F4 IN PGF","ADVANCE BC1F4 IN PGF","BC1F4","54941","sgh1LQJMJMrjL"
"25ALM_BC1F3s1_0661","(CSM-63*2/SC145)-B-12","FUPG","25ALM_BC1F3s1_0923","GMS_PV2324_MIN_17004_12","(CSM-63*2/SC145)-B-12",43976,"sgh1LrdUpC2XS","GMS_PGF2025_MIN_0923","(CSM-63*2/SC145)-B-12-1","54950","sgh1LUCIqXo4w","GMS_MN2025_117023","(CSM-63*2/SC145)-B-12-1-1","67308","sgh1LciKMb6xP","NO_ISSUES_IDENTIFIED","Introgression_confirmed","ADVANCE BC1F5 IN PV2627","ADVANCE BC1F5 IN PV2627","BC1F5","67308","sgh1LciKMb6xP"
"25ALM_BC1F3s1_2237","(CSM-63*2/SC145)-B-11","FAPO","25ALM_BC1F3s1_0922","GMS_PV2324_MIN_17004_11","(CSM-63*2/SC145)-B-11",43975,"sgh1L8wxDz068","GMS_PGF2025_MIN_0922","(CSM-63*2/SC145)-B-11-1","54949","sgh1Lo8saTFjm","GMS_MN2025_111015","(CSM-63*2/SC145)-B-11-1-1","67136","sgh1LZmqSsMvR","NO_ISSUES_IDENTIFIED","Introgression_confirmed","ADVANCE BC1F5 IN PV2627","ADVANCE BC1F5 IN PV2627","BC1F5","67136","sgh1LZmqSsMvR"
"25ALM_BC1F3s1_1612","(CSM-63*2/SC145)-B-10","FNGF","25ALM_BC1F3s1_0921","GMS_PV2324_MIN_17004_10","(CSM-63*2/SC145)-B-10",43974,"sgh1LS6JU8aJO","GMS_PGF2025_MIN_0921","(CSM-63*2/SC145)-B-10-1","54948","sgh1LMumwrdSj","GMS_MN2025_231091","(CSM-63*2/SC145)-B-10-1-1","65818","sgh1LGvx98IDG","NO_ISSUES_IDENTIFIED","Introgression_confirmed","ADVANCE BC1F5 IN PV2627","ADVANCE BC1F5 IN PV2627","BC1F5","65818","sgh1LGvx98IDG"
"25ALM_BC1F3s1_0403","(CSM-63*2/SC145)-B-1","FNZD","25ALM_BC1F3s1_0912","GMS_PV2324_MIN_17004_01","(CSM-63*2/SC145)-B-1",43965,"sgh1LzNzl2eNs","GMS_PGF2025_MIN_0912","(CSM-63*2/SC145)-B-1-1","54940","sgh1Li1GQCd70","GMS_MN2025_119080","(CSM-63*2/SC145)-B-1-1-1","65594","sgh1L8N0lF72k","NO_ISSUES_IDENTIFIED","Introgression_confirmed","ADVANCE BC1F5 IN PV2627","ADVANCE BC1F5 IN PV2627","BC1F5","65594","sgh1L8N0lF72k"
"25ALM_BC1F3s1_0132","(CSM-63*2/80M)-B-9","FZWF","25ALM_BC1F3s1_0869","GMS_PV2324_MIN_16036_09","(CSM-63*2/80M)-B-9",43913,"sgh1L1JMWyy97","GMS_PGF2025_MIN_0869","(CSM-63*2/80M)-B-9-1","54900","sgh1LPqCSwXK0",NA,NA,NA,NA,"NOT_HARVESTED_MN2025","Introgression_confirmed","ADVANCE BC1F4 IN PGF","ADVANCE BC1F4 IN PGF","BC1F4","54900","sgh1LPqCSwXK0"
"25ALM_BC1F3s1_1472","(CSM-63*2/80M)-B-8","FEPS","25ALM_BC1F3s1_0868","GMS_PV2324_MIN_16036_08","(CSM-63*2/80M)-B-8",43912,"sgh1LNVNkAISb","GMS_PGF2025_MIN_0868","(CSM-63*2/80M)-B-8-1","54899","sgh1LGRHwNVD4",NA,NA,NA,NA,"NOT_HARVESTED_MN2025","Introgression_confirmed","ADVANCE BC1F4 IN PV2627","ADVANCE BC1F4 IN PV2627","BC1F4","54899","sgh1LGRHwNVD4"
"25ALM_BC1F3s1_0790","(CSM-63*2/80M)-B-7","FDBS","25ALM_BC1F3s1_0867","GMS_PV2324_MIN_16036_07","(CSM-63*2/80M)-B-7",43911,"sgh1LBuYyYxXK","GMS_PGF2025_MIN_0867","(CSM-63*2/80M)-B-7-1","54898","sgh1LQPHYYg3T","GMS_MN2025_118025","(CSM-63*2/80M)-B-7-1-1","67338","sgh1LlCPFT2s7","NO_ISSUES_IDENTIFIED","Introgression_confirmed","ADVANCE BC1F5 IN PV2627","ADVANCE BC1F5 IN PV2627","BC1F5","67338","sgh1LlCPFT2s7"
"25ALM_BC1F3s1_0958","(CSM-63*2/80M)-B-6","FVHG","25ALM_BC1F3s1_0866","GMS_PV2324_MIN_16036_06","(CSM-63*2/80M)-B-6",43910,"sgh1LfgRvzabj","GMS_PGF2025_MIN_0866","(CSM-63*2/80M)-B-6-1","54897","sgh1LiSO3ARMO","GMS_MN2025_214086","(CSM-63*2/80M)-B-6-1-1","65473","sgh1LdRoqTPrm","NO_ISSUES_IDENTIFIED","Introgression_confirmed","ADVANCE BC1F5 IN PV2627","ADVANCE BC1F5 IN PV2627","BC1F5","65473","sgh1LdRoqTPrm"
"25ALM_BC1F3s1_0221","(CSM-63*2/80M)-B-5","FJXK","25ALM_BC1F3s1_0865","GMS_PV2324_MIN_16036_05","(CSM-63*2/80M)-B-5",43909,"sgh1LiIfFLCPR","GMS_PGF2025_MIN_0865","(CSM-63*2/80M)-B-5-1","54896","sgh1LGAev2fuP",NA,NA,NA,NA,"NOT_HARVESTED_MN2025","Introgression_confirmed","ADVANCE BC1F4 IN PGF","ADVANCE BC1F4 IN PGF","BC1F4","54896","sgh1LGAev2fuP"
"25ALM_BC1F3s1_0419","(CSM-63*2/80M)-B-4","FBNI","25ALM_BC1F3s1_0864","GMS_PV2324_MIN_16036_04","(CSM-63*2/80M)-B-4",43908,"sgh1LiNbkegjt","GMS_PGF2025_MIN_0864","(CSM-63*2/80M)-B-4-1","54895","sgh1Lz8NiOt70",NA,NA,NA,NA,"NOT_HARVESTED_MN2025","Introgression_confirmed","ADVANCE BC1F4 IN PGF","ADVANCE BC1F4 IN PGF","BC1F4","54895","sgh1Lz8NiOt70"
"25ALM_BC1F3s1_1381","(CSM-63*2/80M)-B-3","FWMO","25ALM_BC1F3s1_0863","GMS_PV2324_MIN_16036_03","(CSM-63*2/80M)-B-3",43907,"sgh1LOdFjsbji","GMS_PGF2025_MIN_0863","(CSM-63*2/80M)-B-3-1","54894","sgh1LVBERjVEI",NA,NA,NA,NA,"NO_ISSUES_IDENTIFIED","Introgression_confirmed","ADVANCE BC1F4 IN PGF","ADVANCE BC1F4 IN PGF","BC1F4","54894","sgh1LVBERjVEI"
"25ALM_BC1F3s1_2283","(CSM-63*2/80M)-B-2","FODJ","25ALM_BC1F3s1_0862","GMS_PV2324_MIN_16036_02","(CSM-63*2/80M)-B-2",43906,"sgh1LyM9gcDWa","GMS_PGF2025_MIN_0862","(CSM-63*2/80M)-B-2-1","54893","sgh1LB87ezOEL",NA,NA,NA,NA,"NOT_HARVESTED_MN2025","Introgression_confirmed","ADVANCE BC1F4 IN PGF","ADVANCE BC1F4 IN PGF","BC1F4","54893","sgh1LB87ezOEL"
"25ALM_BC1F3s1_1865","(CSM-63*2/80M)-B-12","FJUE","25ALM_BC1F3s1_0872","GMS_PV2324_MIN_16036_12","(CSM-63*2/80M)-B-12",43916,"sgh1LQey4y9Zs","GMS_PGF2025_MIN_0872","(CSM-63*2/80M)-B-12-1","54903","sgh1L6CPPepdJ",NA,NA,NA,NA,"NOT_HARVESTED_MN2025","Introgression_confirmed","ADVANCE BC1F4 IN PGF","ADVANCE BC1F4 IN PGF","BC1F4","54903","sgh1L6CPPepdJ"
"25ALM_BC1F3s1_1034","(CSM-63*2/80M)-B-11","FVZC","25ALM_BC1F3s1_0871","GMS_PV2324_MIN_16036_11","(CSM-63*2/80M)-B-11",43915,"sgh1LbRQu1HnW","GMS_PGF2025_MIN_0871","(CSM-63*2/80M)-B-11-1","54902","sgh1L8eswbXUH","GMS_MN2025_221096","(CSM-63*2/80M)-B-11-1-1","65625","sgh1LsXHN6iOg","NO_ISSUES_IDENTIFIED","Introgression_confirmed","ADVANCE BC1F5 IN PV2627","ADVANCE BC1F5 IN PV2627","BC1F5","65625","sgh1LsXHN6iOg"
"25ALM_BC1F3s1_1602","(CSM-63*2/80M)-B-1","FZTK","25ALM_BC1F3s1_0861","GMS_PV2324_MIN_16036_01","(CSM-63*2/80M)-B-1",43905,"sgh1L6obk6zfJ","GMS_PGF2025_MIN_0861","(CSM-63*2/80M)-B-1-1","54892","sgh1LzjyFLg4R",NA,NA,NA,NA,"NOT_HARVESTED_MN2025","Introgression_confirmed","ADVANCE BC1F4 IN PGF","ADVANCE BC1F4 IN PGF","BC1F4","54892","sgh1LzjyFLg4R"
"25ALM_BC1F3s1_1720","(CSM-63*2/90M)-B-9","FCPR","25ALM_BC1F3s1_0909","GMS_PV2324_MIN_17003_09","(CSM-63*2/90M)-B-9",43958,"sgh1L9zy1yRsZ","GMS_PGF2025_MIN_0909","(CSM-63*2/90M)-B-9-1","54937","sgh1Lx50Oqp9C","GMS_MN2025_213083","(CSM-63*2/90M)-B-9-1-1","65456","sgh1LjePt9prO","NO_ISSUES_IDENTIFIED","Introgression_confirmed","ADVANCE BC1F5 IN PV2627","ADVANCE BC1F5 IN PV2627","BC1F5","65456","sgh1LjePt9prO"
"25ALM_BC1F3s1_1443","(CSM-63*2/90M)-B-7","FRDB","25ALM_BC1F3s1_0907","GMS_PV2324_MIN_17003_07","(CSM-63*2/90M)-B-7",43956,"sgh1LNrt39P7I","GMS_PGF2025_MIN_0907","(CSM-63*2/90M)-B-7-1","54936","sgh1LNg3msKAX","GMS_MN2025_130030","(CSM-63*2/90M)-B-7-1-1","67662","sgh1LeCBTIuEZ","NO_ISSUES_IDENTIFIED","Introgression_confirmed","ADVANCE BC1F5 IN PV2627","ADVANCE BC1F5 IN PV2627","BC1F5","67662","sgh1LeCBTIuEZ"
"25ALM_BC1F3s1_0387","(CSM-63*2/90M)-B-6","FTKG","25ALM_BC1F3s1_0906","GMS_PV2324_MIN_17003_06","(CSM-63*2/90M)-B-6",43955,"sgh1LyUmFw7WA","GMS_PGF2025_MIN_0906","(CSM-63*2/90M)-B-6-1","54935","sgh1LR3p5D3E1","GMS_MN2025_132026","(CSM-63*2/90M)-B-6-1-1","67712","sgh1LrSRN85jo","NO_ISSUES_IDENTIFIED","Introgression_confirmed","ADVANCE BC1F5 IN PV2627","ADVANCE BC1F5 IN PV2627","BC1F5","67712","sgh1LrSRN85jo"
"25ALM_BC1F3s1_2230","(CSM-63*2/90M)-B-4","FDAC","25ALM_BC1F3s1_0904","GMS_PV2324_MIN_17003_04","(CSM-63*2/90M)-B-4",43953,"sgh1LjGmjZBb4","GMS_PGF2025_MIN_0904","(CSM-63*2/90M)-B-4-1","54933","sgh1L5cnrEomQ",NA,NA,NA,NA,"NO_ISSUES_IDENTIFIED","Introgression_confirmed","ADVANCE BC1F4 IN PGF","ADVANCE BC1F4 IN PGF","BC1F4","54933","sgh1L5cnrEomQ"
"25ALM_BC1F3s1_0589","(CSM-63*2/90M)-B-3","FDWX","25ALM_BC1F3s1_0903","GMS_PV2324_MIN_17003_03","(CSM-63*2/90M)-B-3",43952,"sgh1LcwpSHFZH","GMS_PGF2025_MIN_0903","(CSM-63*2/90M)-B-3-1","54932","sgh1LjBMlSc6w","GMS_MN2025_132023","(CSM-63*2/90M)-B-3-1-1","67708","sgh1LyZBm3kEe","NO_ISSUES_IDENTIFIED","Introgression_confirmed","ADVANCE BC1F5 IN PV2627","ADVANCE BC1F5 IN PV2627","BC1F5","67708","sgh1LyZBm3kEe"
"25ALM_BC1F3s1_2143","(CSM-63*2/90M)-B-2","FHOA","25ALM_BC1F3s1_0902","GMS_PV2324_MIN_17003_02","(CSM-63*2/90M)-B-2",43951,"sgh1LlHXBtgSf","GMS_PGF2025_MIN_0902","(CSM-63*2/90M)-B-2-1","54931","sgh1Lo134WPwZ",NA,NA,NA,NA,"NO_ISSUES_IDENTIFIED","Introgression_confirmed","ADVANCE BC1F4 IN PGF","ADVANCE BC1F4 IN PGF","BC1F4","54931","sgh1Lo134WPwZ"
"25ALM_BC1F3s1_1560","(CSM-63*2/90M)-B-11","FYBX","25ALM_BC1F3s1_0911","GMS_PV2324_MIN_17003_11","(CSM-63*2/90M)-B-11",43960,"sgh1Ll1o7363D","GMS_PGF2025_MIN_0911","(CSM-63*2/90M)-B-11-1","54939","sgh1LrMf2IsA3","GMS_MN2025_107008","(CSM-63*2/90M)-B-11-1-1","67023","sgh1LnT526Z1s","NO_ISSUES_IDENTIFIED","Introgression_confirmed","ADVANCE BC1F5 IN PV2627","ADVANCE BC1F5 IN PV2627","BC1F5","67023","sgh1LnT526Z1s"
"25ALM_BC1F3s1_0234","(CSM-63*2/90M)-B-1","FGFY","25ALM_BC1F3s1_0901","GMS_PV2324_MIN_17003_01","(CSM-63*2/90M)-B-1",43950,"sgh1LQLVX64C6","GMS_PGF2025_MIN_0901","(CSM-63*2/90M)-B-1-1","54930","sgh1LpLewimdg","GMS_MN2025_119017","(CSM-63*2/90M)-B-1-1-1","67357","sgh1LUWyvqYIG","NO_ISSUES_IDENTIFIED","Introgression_confirmed","ADVANCE BC1F5 IN PV2627","ADVANCE BC1F5 IN PV2627","BC1F5","67357","sgh1LUWyvqYIG"
"25ALM_BC1F3s1_1357","(CSM-63*2/Deer Broomcorn)-B-9","FNYK","25ALM_BC1F3s1_0894","GMS_PV2324_MIN_17002_09","(CSM-63*2/Deer Broomcorn)-B-9",43943,"sgh1LmRxFHlp3","GMS_PGF2025_MIN_0894","(CSM-63*2/Deer Broomcorn)-B-9-1","54924","sgh1L0XMwEtDs","GMS_MN2025_113080","(CSM-63*2/Deer Broomcorn)-B-9-1-1","65459","sgh1LOYLlgS7r","NO_ISSUES_IDENTIFIED","Introgression_confirmed","ADVANCE BC1F5 IN PV2627","ADVANCE BC1F5 IN PV2627","BC1F5","65459","sgh1LOYLlgS7r"
"25ALM_BC1F3s1_1508","(CSM-63*2/Deer Broomcorn)-B-8","FKTD","25ALM_BC1F3s1_0893","GMS_PV2324_MIN_17002_08","(CSM-63*2/Deer Broomcorn)-B-8",43942,"sgh1LigSeuTzp","GMS_PGF2025_MIN_0893","(CSM-63*2/Deer Broomcorn)-B-8-1","54923","sgh1Lmr0ehCPS","GMS_MN2025_109078","(CSM-63*2/Deer Broomcorn)-B-8-1-1","65370","sgh1LAPkkKRmX","NO_ISSUES_IDENTIFIED","Introgression_confirmed","ADVANCE BC1F5 IN PV2627","ADVANCE BC1F5 IN PV2627","BC1F5","65370","sgh1LAPkkKRmX"
"25ALM_BC1F3s1_1881","(CSM-63*2/Deer Broomcorn)-B-7","FBUO","25ALM_BC1F3s1_0892","GMS_PV2324_MIN_17002_07","(CSM-63*2/Deer Broomcorn)-B-7",43941,"sgh1L0yQN4lA6","GMS_PGF2025_MIN_0892","(CSM-63*2/Deer Broomcorn)-B-7-1","54922","sgh1Ll1qZsgsg",NA,NA,NA,NA,"NOT_HARVESTED_MN2025","Introgression_confirmed","ADVANCE BC1F4 IN PGF","ADVANCE BC1F4 IN PGF","BC1F4","54922","sgh1Ll1qZsgsg"
"25ALM_BC1F3s1_2790","(CSM-63*2/Deer Broomcorn)-B-6","FSWO","25ALM_BC1F3s1_0891","GMS_PV2324_MIN_17002_06","(CSM-63*2/Deer Broomcorn)-B-6",43940,"sgh1LiMkg69VH","GMS_PGF2025_MIN_0891","(CSM-63*2/Deer Broomcorn)-B-6-1","54921","sgh1LGnxifp6k",NA,NA,NA,NA,"NOT_HARVESTED_MN2025","Introgression_confirmed","ADVANCE BC1F4 IN PGF","ADVANCE BC1F4 IN PGF","BC1F4","54921","sgh1LGnxifp6k"
"25ALM_BC1F3s1_2644","(CSM-63*2/Deer Broomcorn)-B-5","FQMX","25ALM_BC1F3s1_0890","GMS_PV2324_MIN_17002_05","(CSM-63*2/Deer Broomcorn)-B-5",43939,"sgh1LBAzNNw9K","GMS_PGF2025_MIN_0890","(CSM-63*2/Deer Broomcorn)-B-5-1","54920","sgh1LuCIAMzXr","GMS_MN2025_209085","(CSM-63*2/Deer Broomcorn)-B-5-1-1","65364","sgh1Ljq2GAiIh","NO_ISSUES_IDENTIFIED","Introgression_confirmed","ADVANCE BC1F5 IN PV2627","ADVANCE BC1F5 IN PV2627","BC1F5","65364","sgh1Ljq2GAiIh"
"25ALM_BC1F3s1_0284","(CSM-63*2/Deer Broomcorn)-B-4","FSSN","25ALM_BC1F3s1_0889","GMS_PV2324_MIN_17002_04","(CSM-63*2/Deer Broomcorn)-B-4",43938,"sgh1LhJ9JwFk1","GMS_PGF2025_MIN_0889","(CSM-63*2/Deer Broomcorn)-B-4-1","54919","sgh1L4yp5m3t8","GMS_MN2025_227101","(CSM-63*2/Deer Broomcorn)-B-4-1-1","65737","sgh1LZI4A1RgI","NO_ISSUES_IDENTIFIED","Introgression_confirmed","ADVANCE BC1F5 IN PV2627","ADVANCE BC1F5 IN PV2627","BC1F5","65737","sgh1LZI4A1RgI"
"25ALM_BC1F3s1_0635","(CSM-63*2/Deer Broomcorn)-B-3","FZET","25ALM_BC1F3s1_0888","GMS_PV2324_MIN_17002_03","(CSM-63*2/Deer Broomcorn)-B-3",43937,"sgh1Lrtf0fcwv","GMS_PGF2025_MIN_0888","(CSM-63*2/Deer Broomcorn)-B-3-1","54918","sgh1LohCeatrZ","GMS_MN2025_221095","(CSM-63*2/Deer Broomcorn)-B-3-1-1","65626","sgh1LbX19jqJV","NO_ISSUES_IDENTIFIED","Introgression_confirmed","ADVANCE BC1F5 IN PV2627","ADVANCE BC1F5 IN PV2627","BC1F5","65626","sgh1LbX19jqJV"
"25ALM_BC1F3s1_0346","(CSM-63*2/Deer Broomcorn)-B-2","FOOQ","25ALM_BC1F3s1_0887","GMS_PV2324_MIN_17002_02","(CSM-63*2/Deer Broomcorn)-B-2",43936,"sgh1LSrH5E2A6","GMS_PGF2025_MIN_0887","(CSM-63*2/Deer Broomcorn)-B-2-1","54917","sgh1LL1MWhII0","GMS_MN2025_213093","(CSM-63*2/Deer Broomcorn)-B-2-1-1","65448","sgh1LOoiifH91","NO_ISSUES_IDENTIFIED","Introgression_confirmed","ADVANCE BC1F5 IN PV2627","ADVANCE BC1F5 IN PV2627","BC1F5","65448","sgh1LOoiifH91"
"25ALM_BC1F3s1_1639","(CSM-63*2/Deer Broomcorn)-B-15","FIGN","25ALM_BC1F3s1_0900","GMS_PV2324_MIN_17002_15","(CSM-63*2/Deer Broomcorn)-B-15",43949,"sgh1L1p7yTrXE","GMS_PGF2025_MIN_0900","(CSM-63*2/Deer Broomcorn)-B-15-1","54929","sgh1LPCVsvr8G","GMS_MN2025_108026","(CSM-63*2/Deer Broomcorn)-B-15-1-1","67062","sgh1L6CjIhgFF","NO_ISSUES_IDENTIFIED","Introgression_confirmed","ADVANCE BC1F5 IN PV2627","ADVANCE BC1F5 IN PV2627","BC1F5","67062","sgh1L6CjIhgFF"
"25ALM_BC1F3s1_1375","(CSM-63*2/Deer Broomcorn)-B-14","FOGR","25ALM_BC1F3s1_0899","GMS_PV2324_MIN_17002_14","(CSM-63*2/Deer Broomcorn)-B-14",43948,"sgh1LbSt0wcyz","GMS_PGF2025_MIN_0899","(CSM-63*2/Deer Broomcorn)-B-14-1","54928","sgh1LQDIcg7Ok",NA,NA,NA,NA,"NO_ISSUES_IDENTIFIED","Introgression_confirmed","ADVANCE BC1F4 IN PGF","ADVANCE BC1F4 IN PGF","BC1F4","54928","sgh1LQDIcg7Ok"
"25ALM_BC1F3s1_1567","(CSM-63*2/Deer Broomcorn)-B-13","FLUH","25ALM_BC1F3s1_0898","GMS_PV2324_MIN_17002_13","(CSM-63*2/Deer Broomcorn)-B-13",43947,"sgh1LFtUFVfgS","GMS_PGF2025_MIN_0898","(CSM-63*2/Deer Broomcorn)-B-13-1","54927","sgh1LLcT5SMU3","GMS_MN2025_116015","(CSM-63*2/Deer Broomcorn)-B-13-1-1","67278","sgh1LoECus3YA","NO_ISSUES_IDENTIFIED","Introgression_confirmed","ADVANCE BC1F5 IN PV2627","ADVANCE BC1F5 IN PV2627","BC1F5","67278","sgh1LoECus3YA"
"25ALM_BC1F3s1_0988","(CSM-63*2/Deer Broomcorn)-B-12","FBKG","25ALM_BC1F3s1_0897","GMS_PV2324_MIN_17002_12","(CSM-63*2/Deer Broomcorn)-B-12",43946,"sgh1LUyppK0Kc","GMS_PGF2025_MIN_0897","(CSM-63*2/Deer Broomcorn)-B-12-1","54926","sgh1LYDuzDG77","GMS_MN2025_222089","(CSM-63*2/Deer Broomcorn)-B-12-1-1","65654","sgh1L9VTFyB02","NO_ISSUES_IDENTIFIED","Introgression_confirmed","ADVANCE BC1F5 IN PV2627","ADVANCE BC1F5 IN PV2627","BC1F5","65654","sgh1L9VTFyB02"
"25ALM_BC1F3s1_2493","(CSM-63*2/Deer Broomcorn)-B-10","FWMG","25ALM_BC1F3s1_0895","GMS_PV2324_MIN_17002_10","(CSM-63*2/Deer Broomcorn)-B-10",43944,"sgh1LklekT0o5","GMS_PGF2025_MIN_0895","(CSM-63*2/Deer Broomcorn)-B-10-1","54925","sgh1Ly7TjZCZl",NA,NA,NA,NA,"NO_ISSUES_IDENTIFIED","Introgression_confirmed","ADVANCE BC1F4 IN PGF","ADVANCE BC1F4 IN PGF","BC1F4","54925","sgh1Ly7TjZCZl"
"25ALM_BC1F3s1_0001","(CSM-63*2/Deer Broomcorn)-B-1","FBZG","25ALM_BC1F3s1_0886","GMS_PV2324_MIN_17002_01","(CSM-63*2/Deer Broomcorn)-B-1",43935,"sgh1LV3mqENQm","GMS_PGF2025_MIN_0886","(CSM-63*2/Deer Broomcorn)-B-1-1","54916","sgh1LVxj8S6mN",NA,NA,NA,NA,"NOT_HARVESTED_MN2025","Introgression_confirmed","ADVANCE BC1F4 IN PGF","ADVANCE BC1F4 IN PGF","BC1F4","54916","sgh1LVxj8S6mN"
"25ALM_BC1F3s1_1692","(CSM-63*2/ICSV400)-B-4","FEUD","25ALM_BC1F3s1_0860","GMS_PV2324_MIN_16035_04","(CSM-63*2/ICSV400)-B-4",43893,"sgh1LDfLnSydh","GMS_PGF2025_MIN_0860","(CSM-63*2/ICSV400)-B-4-1","54891","sgh1Ld2vqILwU","GMS_MN2025_121031","(CSM-63*2/ICSV400)-B-4-1-1","67425","sgh1LZoWLPefF","NO_ISSUES_IDENTIFIED","Introgression_confirmed","ADVANCE BC1F5 IN PV2627","ADVANCE BC1F5 IN PV2627","BC1F5","67425","sgh1LZoWLPefF"
"25ALM_BC1F3s1_1577","(CSM-63*2/ICSV400)-B-3","FJYF","25ALM_BC1F3s1_0859","GMS_PV2324_MIN_16035_03","(CSM-63*2/ICSV400)-B-3",43892,"sgh1LGGUUCBkX","GMS_PGF2025_MIN_0859","(CSM-63*2/ICSV400)-B-3-1","54890","sgh1LwJbCxpQl",NA,NA,NA,NA,"NOT_HARVESTED_MN2025","Introgression_confirmed","ADVANCE BC1F4 IN PGF","ADVANCE BC1F4 IN PGF","BC1F4","54890","sgh1LwJbCxpQl"
"25ALM_BC1F3s1_1860","(CSM-63*2/ICSV400)-B-2","FUGT","25ALM_BC1F3s1_0858","GMS_PV2324_MIN_16035_02","(CSM-63*2/ICSV400)-B-2",43891,"sgh1LmKR1KY82","GMS_PGF2025_MIN_0858","(CSM-63*2/ICSV400)-B-2-1","54889","sgh1LKgNfHLSR","GMS_MN2025_229100","(CSM-63*2/ICSV400)-B-2-1-1","65772","sgh1Lym4mD8HY","NO_ISSUES_IDENTIFIED","Introgression_confirmed","ADVANCE BC1F5 IN PV2627","ADVANCE BC1F5 IN PV2627","BC1F5","65772","sgh1Lym4mD8HY"
"25ALM_BC1F3s1_0350","(CSM-63*2/ICSV400)-B-1","FZNO","25ALM_BC1F3s1_0857","GMS_PV2324_MIN_16035_01","(CSM-63*2/ICSV400)-B-1",43890,"sgh1LhN55Mawj","GMS_PGF2025_MIN_0857","(CSM-63*2/ICSV400)-B-1-1","54888","sgh1LzCnhWwur","GMS_MN2025_136035","(CSM-63*2/ICSV400)-B-1-1-1","67825","sgh1LD47aJ5qm","NO_ISSUES_IDENTIFIED","Introgression_confirmed","ADVANCE BC1F5 IN PV2627","ADVANCE BC1F5 IN PV2627","BC1F5","67825","sgh1LD47aJ5qm"
"25ALM_BC1F3s1_0303","(CSM-63*2/SC1055)-B-9","FSMA","25ALM_BC1F3s1_2401","GMS_MN2024_MIN_15073_09","(CSM-63*2/SC1055)-B-9",48567,"sgh1LebVj7EE9","GMS_PGF2025_MIN_2401","(CSM-63*2/SC1055)-B-9-1","55813","sgh1LE9780Vkd","GMS_MN2025_133029","(CSM-63*2/SC1055)-B-9-1-1","67466","sgh1L1HQStV9E","NO_ISSUES_IDENTIFIED","Introgression_confirmed","ADVANCE BC1F5 IN PV2627","ADVANCE BC1F5 IN PV2627","BC1F5","67466","sgh1L1HQStV9E"
"25ALM_BC1F3s1_0538","(CSM-63*2/SC1055)-B-9","FQNX","25ALM_BC1F3s1_2346","GMS_MN2024_MIN_15070_09","(CSM-63*2/SC1055)-B-9",48567,"sgh1LE518RR5o","GMS_PGF2025_MIN_2346","(CSM-63*2/SC1055)-B-9-1","55813","sgh1LDGHOkcH5","GMS_MN2025_123007","(CSM-63*2/SC1055)-B-9-1-1","67466","sgh1Lcfj3knVd","NO_ISSUES_IDENTIFIED","Introgression_confirmed","ADVANCE BC1F5 IN PV2627","ADVANCE BC1F5 IN PV2627","BC1F5","67466","sgh1Lcfj3knVd"
"25ALM_BC1F3s1_1824","(CSM-63*2/SC1055)-B-8","FKHQ","25ALM_BC1F3s1_2345","GMS_MN2024_MIN_15070_08","(CSM-63*2/SC1055)-B-8",48566,"sgh1LSK8eJQL3","GMS_PGF2025_MIN_2345","(CSM-63*2/SC1055)-B-8-1","55812","sgh1LsUcMEEfe","GMS_MN2025_114013","(CSM-63*2/SC1055)-B-8-1-1","67223","sgh1LHfHH1EoB","NO_ISSUES_IDENTIFIED","Introgression_confirmed","ADVANCE BC1F5 IN PV2627","ADVANCE BC1F5 IN PV2627","BC1F5","67223","sgh1LHfHH1EoB"
"25ALM_BC1F3s1_2356","(CSM-63*2/SC1055)-B-8","FYXN","25ALM_BC1F3s1_2400","GMS_MN2024_MIN_15073_08","(CSM-63*2/SC1055)-B-8",48566,"sgh1LFe5beJLR","GMS_PGF2025_MIN_2400","(CSM-63*2/SC1055)-B-8-1","55812","sgh1Lg5VKEDjY",NA,NA,NA,NA,"NOT_HARVESTED_MN2025","Introgression_confirmed","ADVANCE BC1F4 IN PGF","ADVANCE BC1F4 IN PGF","BC1F4","55812","sgh1Lg5VKEDjY"
"25ALM_BC1F3s1_1659","(CSM-63*2/SC1055)-B-7","FBST","25ALM_BC1F3s1_2383","GMS_MN2024_MIN_15072_07","(CSM-63*2/SC1055)-B-7",48565,"sgh1LmeIvndl3","GMS_PGF2025_MIN_2383","(CSM-63*2/SC1055)-B-7-1","55811","sgh1L3ZbfHIv0","GMS_MN2025_125018","(CSM-63*2/SC1055)-B-7-1-1","65758","sgh1LSNhh7uMj","NO_ISSUES_IDENTIFIED","Introgression_confirmed","ADVANCE BC1F5 IN PV2627","ADVANCE BC1F5 IN PV2627","BC1F5","65758","sgh1LSNhh7uMj"
"25ALM_BC1F3s1_2514","(CSM-63*2/SC1055)-B-7","FVRO","25ALM_BC1F3s1_2344","GMS_MN2024_MIN_15070_07","(CSM-63*2/SC1055)-B-7",48565,"sgh1L8TQloVte","GMS_PGF2025_MIN_2344","(CSM-63*2/SC1055)-B-7-1","55811","sgh1L23QmK95K","GMS_MN2025_126009","(CSM-63*2/SC1055)-B-7-1-1","65758","sgh1LvbhVDRFe","NO_ISSUES_IDENTIFIED","Introgression_confirmed","ADVANCE BC1F5 IN PV2627","ADVANCE BC1F5 IN PV2627","BC1F5","65758","sgh1LvbhVDRFe"
"25ALM_BC1F3s1_2544","(CSM-63*2/SC1055)-B-7","FVYV","25ALM_BC1F3s1_2399","GMS_MN2024_MIN_15073_07","(CSM-63*2/SC1055)-B-7",48565,"sgh1LRHMTIRmH","GMS_PGF2025_MIN_2399","(CSM-63*2/SC1055)-B-7-1","55811","sgh1LmzgGIZbt","GMS_MN2025_118011","(CSM-63*2/SC1055)-B-7-1-1","65758","sgh1LJ4dVu6Sl","NO_ISSUES_IDENTIFIED","Introgression_confirmed","ADVANCE BC1F5 IN PV2627","ADVANCE BC1F5 IN PV2627","BC1F5","65758","sgh1LJ4dVu6Sl"
"25ALM_BC1F3s1_2549","(CSM-63*2/SC1055)-B-7","FPZC","25ALM_BC1F3s1_2365","GMS_MN2024_MIN_15071_07","(CSM-63*2/SC1055)-B-7",48565,"sgh1LA6vyfEY6","GMS_PGF2025_MIN_2365","(CSM-63*2/SC1055)-B-7-1","55811","sgh1LC9rzhTlX","GMS_MN2025_228088","(CSM-63*2/SC1055)-B-7-1-1","65758","sgh1Lj2vV4ksf","NO_ISSUES_IDENTIFIED","Introgression_confirmed","ADVANCE BC1F5 IN PV2627","ADVANCE BC1F5 IN PV2627","BC1F5","65758","sgh1Lj2vV4ksf"
"25ALM_BC1F3s1_1266","(CSM-63*2/SC1055)-B-6","FJIL","25ALM_BC1F3s1_2343","GMS_MN2024_MIN_15070_06","(CSM-63*2/SC1055)-B-6",48564,"sgh1LDzxeUjaO","GMS_PGF2025_MIN_2343","(CSM-63*2/SC1055)-B-6-1","55810","sgh1LtE64wnmA",NA,NA,NA,NA,"NOT_HARVESTED_MN2025","Introgression_confirmed","ADVANCE BC1F4 IN PGF","ADVANCE BC1F4 IN PGF","BC1F4","55810","sgh1LtE64wnmA"
"25ALM_BC1F3s1_1807","(CSM-63*2/SC1055)-B-6","FHCK","25ALM_BC1F3s1_2364","GMS_MN2024_MIN_15071_06","(CSM-63*2/SC1055)-B-6",48564,"sgh1LRsZcRZVF","GMS_PGF2025_MIN_2364","(CSM-63*2/SC1055)-B-6-1","55810","sgh1L99OCeWhG",NA,NA,NA,NA,"NOT_HARVESTED_MN2025","Introgression_confirmed","ADVANCE BC1F4 IN PGF","ADVANCE BC1F4 IN PGF","BC1F4","55810","sgh1L99OCeWhG"
"25ALM_BC1F3s1_1870","(CSM-63*2/SC1055)-B-6","FXWB","25ALM_BC1F3s1_2382","GMS_MN2024_MIN_15072_06","(CSM-63*2/SC1055)-B-6",48564,"sgh1LXLlF7YMb","GMS_PGF2025_MIN_2382","(CSM-63*2/SC1055)-B-6-1","55810","sgh1LptbSZSmf","GMS_MN2025_130033","(CSM-63*2/SC1055)-B-6-1-1","67324","sgh1LVpz3EdGY","NO_ISSUES_IDENTIFIED","Introgression_confirmed","ADVANCE BC1F5 IN PV2627","ADVANCE BC1F5 IN PV2627","BC1F5","67324","sgh1LVpz3EdGY"
"25ALM_BC1F3s1_2246","(CSM-63*2/SC1055)-B-6","FKWA","25ALM_BC1F3s1_2398","GMS_MN2024_MIN_15073_06","(CSM-63*2/SC1055)-B-6",48564,"sgh1Lpu1e6clF","GMS_PGF2025_MIN_2398","(CSM-63*2/SC1055)-B-6-1","55810","sgh1LHprAdDXL","GMS_MN2025_118007","(CSM-63*2/SC1055)-B-6-1-1","67324","sgh1LbXSUWZBE","NO_ISSUES_IDENTIFIED","Introgression_confirmed","ADVANCE BC1F5 IN PV2627","ADVANCE BC1F5 IN PV2627","BC1F5","67324","sgh1LbXSUWZBE"
"25ALM_BC1F3s1_0028","(CSM-63*2/SC1055)-B-5","FFSW","25ALM_BC1F3s1_2363","GMS_MN2024_MIN_15071_05","(CSM-63*2/SC1055)-B-5",48563,"sgh1LwT0IA04h","GMS_PGF2025_MIN_2363","(CSM-63*2/SC1055)-B-5-1","55809","sgh1LeOuPFJxg","GMS_MN2025_124010","(CSM-63*2/SC1055)-B-5-1-1","67335","sgh1L6ckDrO18","NO_ISSUES_IDENTIFIED","Introgression_confirmed","ADVANCE BC1F5 IN PV2627","ADVANCE BC1F5 IN PV2627","BC1F5","67335","sgh1L6ckDrO18"
"25ALM_BC1F3s1_0321","(CSM-63*2/SC1055)-B-5","FYSU","25ALM_BC1F3s1_2397","GMS_MN2024_MIN_15073_05","(CSM-63*2/SC1055)-B-5",48563,"sgh1L9YoyxmUc","GMS_PGF2025_MIN_2397","(CSM-63*2/SC1055)-B-5-1","55809","sgh1L1sqmp2Dn","GMS_MN2025_118023","(CSM-63*2/SC1055)-B-5-1-1","67335","sgh1LYMKLg9SF","NO_ISSUES_IDENTIFIED","Introgression_confirmed","ADVANCE BC1F5 IN PV2627","ADVANCE BC1F5 IN PV2627","BC1F5","67335","sgh1LYMKLg9SF"
"25ALM_BC1F3s1_2035","(CSM-63*2/SC1055)-B-5","FBYS","25ALM_BC1F3s1_2381","GMS_MN2024_MIN_15072_05","(CSM-63*2/SC1055)-B-5",48563,"sgh1Ljchl3Nig","GMS_PGF2025_MIN_2381","(CSM-63*2/SC1055)-B-5-1","55809","sgh1LxkrjQ8oU","GMS_MN2025_119009","(CSM-63*2/SC1055)-B-5-1-1","67335","sgh1LxPeXdwpa","NO_ISSUES_IDENTIFIED","Introgression_confirmed","ADVANCE BC1F5 IN PV2627","ADVANCE BC1F5 IN PV2627","BC1F5","67335","sgh1LxPeXdwpa"
"25ALM_BC1F3s1_2784","(CSM-63*2/SC1055)-B-5","FXNC","25ALM_BC1F3s1_2342","GMS_MN2024_MIN_15070_05","(CSM-63*2/SC1055)-B-5",48563,"sgh1LGFGHpQDr","GMS_PGF2025_MIN_2342","(CSM-63*2/SC1055)-B-5-1","55809","sgh1LNW8GTi5x","GMS_MN2025_122032","(CSM-63*2/SC1055)-B-5-1-1","67335","sgh1Ls0cfekzA","NO_ISSUES_IDENTIFIED","Introgression_confirmed","ADVANCE BC1F5 IN PV2627","ADVANCE BC1F5 IN PV2627","BC1F5","67335","sgh1Ls0cfekzA"
"25ALM_BC1F3s1_0706","(CSM-63*2/SC1055)-B-4","FJZQ","25ALM_BC1F3s1_2396","GMS_MN2024_MIN_15073_04","(CSM-63*2/SC1055)-B-4",48562,"sgh1LiGYTjm1E","GMS_PGF2025_MIN_2396","(CSM-63*2/SC1055)-B-4-1","55808","sgh1LCzBwm0r0","GMS_MN2025_117039","(CSM-63*2/SC1055)-B-4-1-1","65637","sgh1LXIO9BMvO","NO_ISSUES_IDENTIFIED","Introgression_confirmed","ADVANCE BC1F5 IN PV2627","ADVANCE BC1F5 IN PV2627","BC1F5","65637","sgh1LXIO9BMvO"
"25ALM_BC1F3s1_1006","(CSM-63*2/SC1055)-B-4","FENW","25ALM_BC1F3s1_2341","GMS_MN2024_MIN_15070_04","(CSM-63*2/SC1055)-B-4",48562,"sgh1LSfYRTmJS","GMS_PGF2025_MIN_2341","(CSM-63*2/SC1055)-B-4-1","55808","sgh1LqnC9JqBB","GMS_MN2025_221081","(CSM-63*2/SC1055)-B-4-1-1","65637","sgh1Lqdev7SpX","NO_ISSUES_IDENTIFIED","Introgression_confirmed","ADVANCE BC1F5 IN PV2627","ADVANCE BC1F5 IN PV2627","BC1F5","65637","sgh1Lqdev7SpX"
"25ALM_BC1F3s1_1693","(CSM-63*2/SC1055)-B-4","FOFY","25ALM_BC1F3s1_2380","GMS_MN2024_MIN_15072_04","(CSM-63*2/SC1055)-B-4",48562,"sgh1LmtM1lOGy","GMS_PGF2025_MIN_2380","(CSM-63*2/SC1055)-B-4-1","55808","sgh1Ld2Qfg6fs",NA,NA,NA,NA,"NO_ISSUES_IDENTIFIED","Introgression_confirmed","ADVANCE BC1F4 IN PGF","ADVANCE BC1F4 IN PGF","BC1F4","55808","sgh1Ld2Qfg6fs"
"25ALM_BC1F3s1_2325","(CSM-63*2/SC1055)-B-4","FMAV","25ALM_BC1F3s1_2362","GMS_MN2024_MIN_15071_04","(CSM-63*2/SC1055)-B-4",48562,"sgh1L3FpVfSyu","GMS_PGF2025_MIN_2362","(CSM-63*2/SC1055)-B-4-1","55808","sgh1LwgqwuF6q","GMS_MN2025_126040","(CSM-63*2/SC1055)-B-4-1-1","65637","sgh1LImsAxIYp","NO_ISSUES_IDENTIFIED","Introgression_confirmed","ADVANCE BC1F5 IN PV2627","ADVANCE BC1F5 IN PV2627","BC1F5","65637","sgh1LImsAxIYp"
"25ALM_BC1F3s1_0772","(CSM-63*2/SC1055)-B-3","FXYQ","25ALM_BC1F3s1_2395","GMS_MN2024_MIN_15073_03","(CSM-63*2/SC1055)-B-3",48561,"sgh1L7mYkMRD0","GMS_PGF2025_MIN_2395","(CSM-63*2/SC1055)-B-3-1","55807","sgh1L3ifWeQKN","GMS_MN2025_130079","(CSM-63*2/SC1055)-B-3-1-1","65796","sgh1Lcq4rEd5g","NO_ISSUES_IDENTIFIED","Introgression_confirmed","ADVANCE BC1F5 IN PV2627","ADVANCE BC1F5 IN PV2627","BC1F5","65796","sgh1Lcq4rEd5g"
"25ALM_BC1F3s1_1068","(CSM-63*2/SC1055)-B-3","FEBB","25ALM_BC1F3s1_2379","GMS_MN2024_MIN_15072_03","(CSM-63*2/SC1055)-B-3",48561,"sgh1LoNzfbNsq","GMS_PGF2025_MIN_2379","(CSM-63*2/SC1055)-B-3-1","55807","sgh1L18aCHLNU","GMS_MN2025_127034","(CSM-63*2/SC1055)-B-3-1-1","65796","sgh1LLzd2GFrp","NO_ISSUES_IDENTIFIED","Introgression_confirmed","ADVANCE BC1F5 IN PV2627","ADVANCE BC1F5 IN PV2627","BC1F5","65796","sgh1LLzd2GFrp"
"25ALM_BC1F3s1_1710","(CSM-63*2/SC1055)-B-3","FQCW","25ALM_BC1F3s1_2340","GMS_MN2024_MIN_15070_03","(CSM-63*2/SC1055)-B-3",48561,"sgh1Lo7sXtzaU","GMS_PGF2025_MIN_2340","(CSM-63*2/SC1055)-B-3-1","55807","sgh1LT1NPYMe7",NA,NA,NA,NA,"NOT_HARVESTED_MN2025","Introgression_confirmed","ADVANCE BC1F4 IN PGF","ADVANCE BC1F4 IN PGF","BC1F4","55807","sgh1LT1NPYMe7"
"25ALM_BC1F3s1_1984","(CSM-63*2/SC1055)-B-3","FEUV","25ALM_BC1F3s1_2361","GMS_MN2024_MIN_15071_03","(CSM-63*2/SC1055)-B-3",48561,"sgh1LVcjzVSxU","GMS_PGF2025_MIN_2361","(CSM-63*2/SC1055)-B-3-1","55807","sgh1L0OmEgve4","GMS_MN2025_136007","(CSM-63*2/SC1055)-B-3-1-1","65796","sgh1LUvKZV5cz","NO_ISSUES_IDENTIFIED","Introgression_confirmed","ADVANCE BC1F5 IN PV2627","ADVANCE BC1F5 IN PV2627","BC1F5","65796","sgh1LUvKZV5cz"
"25ALM_BC1F3s1_2255","(CSM-63*2/SC1055)-B-21","FLAZ","25ALM_BC1F3s1_2358","GMS_MN2024_MIN_15070_21","(CSM-63*2/SC1055)-B-21",55825,"sgh1LCklItva3","GMS_PGF2025_MIN_2358","(CSM-63*2/SC1055)-B-21-1","55872","sgh1L3FRnv9Zc","GMS_MN2025_226099","(CSM-63*2/SC1055)-B-21-1-1","65733","sgh1LOEnEtFhC","NO_ISSUES_IDENTIFIED","Introgression_confirmed","ADVANCE BC1F5 IN PV2627","ADVANCE BC1F5 IN PV2627","BC1F5","65733","sgh1LOEnEtFhC"
"25ALM_BC1F3s1_0578","(CSM-63*2/SC1055)-B-20","FPBR","25ALM_BC1F3s1_2412","GMS_MN2024_MIN_15073_20","(CSM-63*2/SC1055)-B-20",48578,"sgh1Lp02OEbGU","GMS_PGF2025_MIN_2412","(CSM-63*2/SC1055)-B-20-1","55824","sgh1LBTDvoPeq","GMS_MN2025_134039","(CSM-63*2/SC1055)-B-20-1-1","67776","sgh1LLLhoQrRO","NO_ISSUES_IDENTIFIED","Introgression_confirmed","ADVANCE BC1F5 IN PV2627","ADVANCE BC1F5 IN PV2627","BC1F5","67776","sgh1LLLhoQrRO"
"25ALM_BC1F3s1_1817","(CSM-63*2/SC1055)-B-20","FGUT","25ALM_BC1F3s1_2357","GMS_MN2024_MIN_15070_20","(CSM-63*2/SC1055)-B-20",48578,"sgh1LIMWWcCZ1","GMS_PGF2025_MIN_2357","(CSM-63*2/SC1055)-B-20-1","55824","sgh1LyAJwojyv",NA,NA,NA,NA,"NO_ISSUES_IDENTIFIED","Introgression_confirmed","ADVANCE BC1F4 IN PGF","ADVANCE BC1F4 IN PGF","BC1F4","55824","sgh1LyAJwojyv"
"25ALM_BC1F3s1_0811","(CSM-63*2/SC1055)-B-2","FROC","25ALM_BC1F3s1_2378","GMS_MN2024_MIN_15072_02","(CSM-63*2/SC1055)-B-2",48560,"sgh1L4W3Rhizu","GMS_PGF2025_MIN_2378","(CSM-63*2/SC1055)-B-2-1","55806","sgh1LlFYh6ppw","GMS_MN2025_131009","(CSM-63*2/SC1055)-B-2-1-1","67470","sgh1Lnaf4VbkQ","NO_ISSUES_IDENTIFIED","Introgression_confirmed","ADVANCE BC1F5 IN PV2627","ADVANCE BC1F5 IN PV2627","BC1F5","67470","sgh1Lnaf4VbkQ"
"25ALM_BC1F3s1_0962","(CSM-63*2/SC1055)-B-2","FKWU","25ALM_BC1F3s1_2360","GMS_MN2024_MIN_15071_02","(CSM-63*2/SC1055)-B-2",48560,"sgh1LC3ojlMtf","GMS_PGF2025_MIN_2360","(CSM-63*2/SC1055)-B-2-1","55806","sgh1LlXKT8gAW","GMS_MN2025_123011","(CSM-63*2/SC1055)-B-2-1-1","67470","sgh1Lliy4pSbR","NO_ISSUES_IDENTIFIED","Introgression_confirmed","ADVANCE BC1F5 IN PV2627","ADVANCE BC1F5 IN PV2627","BC1F5","67470","sgh1Lliy4pSbR"
"25ALM_BC1F3s1_1754","(CSM-63*2/SC1055)-B-2","FAOK","25ALM_BC1F3s1_2394","GMS_MN2024_MIN_15073_02","(CSM-63*2/SC1055)-B-2",48560,"sgh1LuZxI02xi","GMS_PGF2025_MIN_2394","(CSM-63*2/SC1055)-B-2-1","55806","sgh1L1FeZ9LY7","GMS_MN2025_127024","(CSM-63*2/SC1055)-B-2-1-1","67470","sgh1LfOU0Gamc","NO_ISSUES_IDENTIFIED","Introgression_confirmed","ADVANCE BC1F5 IN PV2627","ADVANCE BC1F5 IN PV2627","BC1F5","67470","sgh1LfOU0Gamc"
"25ALM_BC1F3s1_1813","(CSM-63*2/SC1055)-B-2","FUIP","25ALM_BC1F3s1_2339","GMS_MN2024_MIN_15070_02","(CSM-63*2/SC1055)-B-2",48560,"sgh1LngaKkugH","GMS_PGF2025_MIN_2339","(CSM-63*2/SC1055)-B-2-1","55806","sgh1L0Ks2FkDN","GMS_MN2025_125031","(CSM-63*2/SC1055)-B-2-1-1","67470","sgh1LvGe6FVuS","NO_ISSUES_IDENTIFIED","Introgression_confirmed","ADVANCE BC1F5 IN PV2627","ADVANCE BC1F5 IN PV2627","BC1F5","67470","sgh1LvGe6FVuS"
"25ALM_BC1F3s1_0629","(CSM-63*2/SC1055)-B-19","FMTV","25ALM_BC1F3s1_2411","GMS_MN2024_MIN_15073_19","(CSM-63*2/SC1055)-B-20",48578,"sgh1LzsQbLlBL","GMS_PGF2025_MIN_2411","(CSM-63*2/SC1055)-B-19-1","55823","sgh1LJbtJjHlC","GMS_MN2025_108032","(CSM-63*2/SC1055)-B-19-1-1","65699","sgh1L50r8rdEb","BC1F3:PEDIGREE_MISMATCH_B19_VS_B20","Introgression_confirmed","ADVANCE BC1F5 IN PV2627","ADVANCE BC1F5 IN PV2627","BC1F5","65699","sgh1L50r8rdEb"
"25ALM_BC1F3s1_2162","(CSM-63*2/SC1055)-B-19","FYZO","25ALM_BC1F3s1_2356","GMS_MN2024_MIN_15070_19","(CSM-63*2/SC1055)-B-19",48577,"sgh1LxLz8I51s","GMS_PGF2025_MIN_2356","(CSM-63*2/SC1055)-B-19-1","55823","sgh1Le8xjoA23","GMS_MN2025_224095","(CSM-63*2/SC1055)-B-19-1-1","65699","sgh1L6RZBq8zA","NO_ISSUES_IDENTIFIED","Introgression_confirmed","ADVANCE BC1F5 IN PV2627","ADVANCE BC1F5 IN PV2627","BC1F5","65699","sgh1L6RZBq8zA"
"25ALM_BC1F3s1_0145","(CSM-63*2/SC1055)-B-18","FGKI","25ALM_BC1F3s1_2376","GMS_MN2024_MIN_15071_18","(CSM-63*2/SC1055)-B-18",48576,"sgh1LOULePlh0","GMS_PGF2025_MIN_2376","(CSM-63*2/SC1055)-B-18-1","55822","sgh1LXBCA3ssI",NA,NA,NA,NA,"NOT_HARVESTED_MN2025","Introgression_confirmed","ADVANCE BC1F4 IN PV2627","ADVANCE BC1F4 IN PV2627","BC1F4","55822","sgh1LXBCA3ssI"
"25ALM_BC1F3s1_1809","(CSM-63*2/SC1055)-B-18","FKMX","25ALM_BC1F3s1_2355","GMS_MN2024_MIN_15070_18","(CSM-63*2/SC1055)-B-18",48576,"sgh1L3Yjznf9F","GMS_PGF2025_MIN_2355","(CSM-63*2/SC1055)-B-18-1","55822","sgh1LGZjeBKpA","GMS_MN2025_115020","(CSM-63*2/SC1055)-B-18-1-1","67255","sgh1LumFrIX0g","NO_ISSUES_IDENTIFIED","Introgression_confirmed","ADVANCE BC1F5 IN PV2627","ADVANCE BC1F5 IN PV2627","BC1F5","67255","sgh1LumFrIX0g"
"25ALM_BC1F3s1_1248","(CSM-63*2/SC1055)-B-17","FPVW","25ALM_BC1F3s1_2409","GMS_MN2024_MIN_15073_17","(CSM-63*2/SC1055)-B-17",48575,"sgh1LCdogF0IE","GMS_PGF2025_MIN_2409","(CSM-63*2/SC1055)-B-17-1","55821","sgh1LDOhp4Pp4","GMS_MN2025_134024","(CSM-63*2/SC1055)-B-17-1-1","67764","sgh1L8d2iq75c","NO_ISSUES_IDENTIFIED","Introgression_confirmed","ADVANCE BC1F5 IN PV2627","ADVANCE BC1F5 IN PV2627","BC1F5","67764","sgh1L8d2iq75c"
"25ALM_BC1F3s1_0410","(CSM-63*2/SC1055)-B-16","FJYV","25ALM_BC1F3s1_2392","GMS_MN2024_MIN_15072_16","(CSM-63*2/SC1055)-B-16",48574,"sgh1LAJTNfJsJ","GMS_PGF2025_MIN_2392","(CSM-63*2/SC1055)-B-16-1","55820","sgh1Luqhh9doN","GMS_MN2025_104026","(CSM-63*2/SC1055)-B-16-1-1","65350","sgh1LuYg89ojo","NO_ISSUES_IDENTIFIED","Introgression_confirmed","ADVANCE BC1F5 IN PV2627","ADVANCE BC1F5 IN PV2627","BC1F5","65350","sgh1LuYg89ojo"
"25ALM_BC1F3s1_0529","(CSM-63*2/SC1055)-B-16","FEOE","25ALM_BC1F3s1_2353","GMS_MN2024_MIN_15070_16","(CSM-63*2/SC1055)-B-16",48574,"sgh1LfEOByFAO","GMS_PGF2025_MIN_2353","(CSM-63*2/SC1055)-B-16-1","55820","sgh1LE0n7jH2l","GMS_MN2025_225094","(CSM-63*2/SC1055)-B-16-1-1","65350","sgh1L7aAqLqQs","NO_ISSUES_IDENTIFIED","Introgression_confirmed","ADVANCE BC1F5 IN PV2627","ADVANCE BC1F5 IN PV2627","BC1F5","65350","sgh1L7aAqLqQs"
"25ALM_BC1F3s1_0974","(CSM-63*2/SC1055)-B-16","FPKL","25ALM_BC1F3s1_2408","GMS_MN2024_MIN_15073_16","(CSM-63*2/SC1055)-B-16",48574,"sgh1L6NT32MG6","GMS_PGF2025_MIN_2408","(CSM-63*2/SC1055)-B-16-1","55820","sgh1LRlXjbqRO","GMS_MN2025_209102","(CSM-63*2/SC1055)-B-16-1-1","65350","sgh1L3Ma3j7WL","NO_ISSUES_IDENTIFIED","Introgression_confirmed","ADVANCE BC1F5 IN PV2627","ADVANCE BC1F5 IN PV2627","BC1F5","65350","sgh1L3Ma3j7WL"
"25ALM_BC1F3s1_2418","(CSM-63*2/SC1055)-B-16","FZKT","25ALM_BC1F3s1_2374","GMS_MN2024_MIN_15071_16","(CSM-63*2/SC1055)-B-16",48574,"sgh1LM98a2WBF","GMS_PGF2025_MIN_2374","(CSM-63*2/SC1055)-B-16-1","55820","sgh1L0UuiZlBh","GMS_MN2025_114022","(CSM-63*2/SC1055)-B-16-1-1","65350","sgh1LxSnx1bR2","NO_ISSUES_IDENTIFIED","Introgression_confirmed","ADVANCE BC1F5 IN PV2627","ADVANCE BC1F5 IN PV2627","BC1F5","65350","sgh1LxSnx1bR2"
"25ALM_BC1F3s1_2063","(CSM-63*2/SC1055)-B-15","FVHI","25ALM_BC1F3s1_2373","GMS_MN2024_MIN_15071_15","(CSM-63*2/SC1055)-B-15",48573,"sgh1LapCWxT3C","GMS_PGF2025_MIN_2373","(CSM-63*2/SC1055)-B-15-1","55819","sgh1LM59Nu4ae",NA,NA,NA,NA,"NOT_HARVESTED_MN2025","Introgression_confirmed","ADVANCE BC1F4 IN PGF","ADVANCE BC1F4 IN PGF","BC1F4","55819","sgh1LM59Nu4ae"
"25ALM_BC1F3s1_2663","(CSM-63*2/SC1055)-B-15","FEOC","25ALM_BC1F3s1_2407","GMS_MN2024_MIN_15073_15","(CSM-63*2/SC1055)-B-15",48573,"sgh1L4X3cg5ft","GMS_PGF2025_MIN_2407","(CSM-63*2/SC1055)-B-15-1","55819","sgh1LDCM6Gs1g","GMS_MN2025_112007","(CSM-63*2/SC1055)-B-15-1-1","67095","sgh1LZw8xV7J9","NO_ISSUES_IDENTIFIED","Introgression_confirmed","ADVANCE BC1F5 IN PV2627","ADVANCE BC1F5 IN PV2627","BC1F5","67095","sgh1LZw8xV7J9"
"25ALM_BC1F3s1_2750","(CSM-63*2/SC1055)-B-15","FJKQ","25ALM_BC1F3s1_2352","GMS_MN2024_MIN_15070_15","(CSM-63*2/SC1055)-B-15",48573,"sgh1LdvjJNKAJ","GMS_PGF2025_MIN_2352","(CSM-63*2/SC1055)-B-15-1","55819","sgh1LK61CGYK5","GMS_MN2025_109038","(CSM-63*2/SC1055)-B-15-1-1","67095","sgh1LI3poADwA","NO_ISSUES_IDENTIFIED","Introgression_confirmed","ADVANCE BC1F5 IN PV2627","ADVANCE BC1F5 IN PV2627","BC1F5","67095","sgh1LI3poADwA"
"25ALM_BC1F3s1_2898","(CSM-63*2/SC1055)-B-15","FLPW","25ALM_BC1F3s1_2391","GMS_MN2024_MIN_15072_15","(CSM-63*2/SC1055)-B-15",48573,"sgh1L70G0TkOc","GMS_PGF2025_MIN_2391","(CSM-63*2/SC1055)-B-15-1","55819","sgh1LljB7P8ow",NA,NA,NA,NA,"NO_ISSUES_IDENTIFIED","Introgression_confirmed","ADVANCE BC1F4 IN PGF","ADVANCE BC1F4 IN PGF","BC1F4","55819","sgh1LljB7P8ow"
"25ALM_BC1F3s1_0393","(CSM-63*2/SC1055)-B-14","FLXE","25ALM_BC1F3s1_2372","GMS_MN2024_MIN_15071_14","(CSM-63*2/SC1055)-B-14",48572,"sgh1LSdchG8ZF","GMS_PGF2025_MIN_2372","(CSM-63*2/SC1055)-B-14-1","55818","sgh1L8cWQhQpd","GMS_MN2025_138007","(CSM-63*2/SC1055)-B-14-1-1","67215","sgh1L1Yg5sZzO","NO_ISSUES_IDENTIFIED","Introgression_confirmed","ADVANCE BC1F5 IN PV2627","ADVANCE BC1F5 IN PV2627","BC1F5","67215","sgh1L1Yg5sZzO"
"25ALM_BC1F3s1_1285","(CSM-63*2/SC1055)-B-14","FSGO","25ALM_BC1F3s1_2390","GMS_MN2024_MIN_15072_14","(CSM-63*2/SC1055)-B-14",48572,"sgh1LzU8UODR4","GMS_PGF2025_MIN_2390","(CSM-63*2/SC1055)-B-14-1","55818","sgh1LkNGvXF96","GMS_MN2025_129036","(CSM-63*2/SC1055)-B-14-1-1","67215","sgh1LlEDEP2OT","NO_ISSUES_IDENTIFIED","Introgression_confirmed","ADVANCE BC1F5 IN PV2627","ADVANCE BC1F5 IN PV2627","BC1F5","67215","sgh1LlEDEP2OT"
"25ALM_BC1F3s1_2263","(CSM-63*2/SC1055)-B-14","FKMC","25ALM_BC1F3s1_2351","GMS_MN2024_MIN_15070_14","(CSM-63*2/SC1055)-B-14",48572,"sgh1LG6ktaxU9","GMS_PGF2025_MIN_2351","(CSM-63*2/SC1055)-B-14-1","55818","sgh1LAdWbhpyK","GMS_MN2025_113039","(CSM-63*2/SC1055)-B-14-1-1","67215","sgh1LvMXP1qyl","NO_ISSUES_IDENTIFIED","Introgression_confirmed","ADVANCE BC1F5 IN PV2627","ADVANCE BC1F5 IN PV2627","BC1F5","67215","sgh1LvMXP1qyl"
"25ALM_BC1F3s1_2890","(CSM-63*2/SC1055)-B-14","FPRT","25ALM_BC1F3s1_2406","GMS_MN2024_MIN_15073_14","(CSM-63*2/SC1055)-B-14",48572,"sgh1Lox1UlptW","GMS_PGF2025_MIN_2406","(CSM-63*2/SC1055)-B-14-1","55818","sgh1L8glOxH9C",NA,NA,NA,NA,"NO_ISSUES_IDENTIFIED","Introgression_confirmed","ADVANCE BC1F4 IN PGF","ADVANCE BC1F4 IN PGF","BC1F4","55818","sgh1L8glOxH9C"
"25ALM_BC1F3s1_1695","(CSM-63*2/SC1055)-B-13","FBOQ","25ALM_BC1F3s1_2350","GMS_MN2024_MIN_15070_13","(CSM-63*2/SC1055)-B-13",48571,"sgh1LLHEhZ8lq","GMS_PGF2025_MIN_2350","(CSM-63*2/SC1055)-B-13-1","55817","sgh1L4lP4Wa7K",NA,NA,NA,NA,"NOT_HARVESTED_MN2025","Introgression_confirmed","ADVANCE BC1F4 IN PV2627","ADVANCE BC1F4 IN PV2627","BC1F4","55817","sgh1L4lP4Wa7K"
"25ALM_BC1F3s1_2323","(CSM-63*2/SC1055)-B-13","FIPZ","25ALM_BC1F3s1_2405","GMS_MN2024_MIN_15073_13","(CSM-63*2/SC1055)-B-13",48571,"sgh1LR7cx1bvU","GMS_PGF2025_MIN_2405","(CSM-63*2/SC1055)-B-13-1","55817","sgh1LriO9gMi3",NA,NA,NA,NA,"NO_ISSUES_IDENTIFIED","Introgression_confirmed","ADVANCE BC1F4 IN PGF","ADVANCE BC1F4 IN PGF","BC1F4","55817","sgh1LriO9gMi3"
"25ALM_BC1F3s1_0499","(CSM-63*2/SC1055)-B-12","FMAM","25ALM_BC1F3s1_2349","GMS_MN2024_MIN_15070_12","(CSM-63*2/SC1055)-B-12",48570,"sgh1LWW3PHztJ","GMS_PGF2025_MIN_2349","(CSM-63*2/SC1055)-B-12-1","55816","sgh1LLxIEqogt","GMS_MN2025_115025","(CSM-63*2/SC1055)-B-12-1-1","67258","sgh1LU4pRYJn7","NO_ISSUES_IDENTIFIED","Introgression_confirmed","ADVANCE BC1F5 IN PV2627","ADVANCE BC1F5 IN PV2627","BC1F5","67258","sgh1LU4pRYJn7"
"25ALM_BC1F3s1_0863","(CSM-63*2/SC1055)-B-12","FEEG","25ALM_BC1F3s1_2388","GMS_MN2024_MIN_15072_12","(CSM-63*2/SC1055)-B-12",48570,"sgh1LgdoxK1Ir","GMS_PGF2025_MIN_2388","(CSM-63*2/SC1055)-B-12-1","55816","sgh1LuyI1B06J","GMS_MN2025_121006","(CSM-63*2/SC1055)-B-12-1-1","67258","sgh1LlZyoxJ8i","NO_ISSUES_IDENTIFIED","Introgression_confirmed","ADVANCE BC1F5 IN PV2627","ADVANCE BC1F5 IN PV2627","BC1F5","67258","sgh1LlZyoxJ8i"
"25ALM_BC1F3s1_1001","(CSM-63*2/SC1055)-B-12","FBMP","25ALM_BC1F3s1_2370","GMS_MN2024_MIN_15071_12","(CSM-63*2/SC1055)-B-12",48570,"sgh1L3nn9kqM2","GMS_PGF2025_MIN_2370","(CSM-63*2/SC1055)-B-12-1","55816","sgh1LzbVewZug","GMS_MN2025_129017","(CSM-63*2/SC1055)-B-12-1-1","67258","sgh1LYQQxednz","NO_ISSUES_IDENTIFIED","Introgression_confirmed","ADVANCE BC1F5 IN PV2627","ADVANCE BC1F5 IN PV2627","BC1F5","67258","sgh1LYQQxednz"
"25ALM_BC1F3s1_1929","(CSM-63*2/SC1055)-B-12","FLSV","25ALM_BC1F3s1_2404","GMS_MN2024_MIN_15073_12","(CSM-63*2/SC1055)-B-12",48570,"sgh1LhkTuPaRZ","GMS_PGF2025_MIN_2404","(CSM-63*2/SC1055)-B-12-1","55816","sgh1L9UfgEf6x",NA,NA,NA,NA,"NOT_HARVESTED_MN2025","Introgression_confirmed","ADVANCE BC1F4 IN PGF","ADVANCE BC1F4 IN PGF","BC1F4","55816","sgh1L9UfgEf6x"
"25ALM_BC1F3s1_0766","(CSM-63*2/SC1055)-B-11","FBUB","25ALM_BC1F3s1_2403","GMS_MN2024_MIN_15073_11","(CSM-63*2/SC1055)-B-11",48569,"sgh1LlVOJ1T2T","GMS_PGF2025_MIN_2403","(CSM-63*2/SC1055)-B-11-1","55815","sgh1Lae86VYam",NA,NA,NA,NA,"NOT_HARVESTED_MN2025","Introgression_confirmed","ADVANCE BC1F4 IN PV2627","ADVANCE BC1F4 IN PV2627","BC1F4","55815","sgh1Lae86VYam"
"25ALM_BC1F3s1_1451","(CSM-63*2/SC1055)-B-11","FFFB","25ALM_BC1F3s1_2348","GMS_MN2024_MIN_15070_11","(CSM-63*2/SC1055)-B-11",48569,"sgh1L4DDs3v3w","GMS_PGF2025_MIN_2348","(CSM-63*2/SC1055)-B-11-1","55815","sgh1L2eT5gXsL","GMS_MN2025_105028","(CSM-63*2/SC1055)-B-11-1-1","67711","sgh1LsQnibCCG","NO_ISSUES_IDENTIFIED","Introgression_confirmed","ADVANCE BC1F5 IN PV2627","ADVANCE BC1F5 IN PV2627","BC1F5","67711","sgh1LsQnibCCG"
"25ALM_BC1F3s1_1887","(CSM-63*2/SC1055)-B-11","FBZP","25ALM_BC1F3s1_2369","GMS_MN2024_MIN_15071_11","(CSM-63*2/SC1055)-B-11",48569,"sgh1L6TUYymJN","GMS_PGF2025_MIN_2369","(CSM-63*2/SC1055)-B-11-1","55815","sgh1LnPZbSs9R","GMS_MN2025_113040","(CSM-63*2/SC1055)-B-11-1-1","67711","sgh1L98AhLNyd","NO_ISSUES_IDENTIFIED","Introgression_confirmed","ADVANCE BC1F5 IN PV2627","ADVANCE BC1F5 IN PV2627","BC1F5","67711","sgh1L98AhLNyd"
"25ALM_BC1F3s1_2140","(CSM-63*2/SC1055)-B-11","FDYT","25ALM_BC1F3s1_2387","GMS_MN2024_MIN_15072_11","(CSM-63*2/SC1055)-B-11",48569,"sgh1LwbMi5bOP","GMS_PGF2025_MIN_2387","(CSM-63*2/SC1055)-B-11-1","55815","sgh1L65YBDtht","GMS_MN2025_119030","(CSM-63*2/SC1055)-B-11-1-1","67711","sgh1LQArJl6nv","NO_ISSUES_IDENTIFIED","Introgression_confirmed","ADVANCE BC1F5 IN PV2627","ADVANCE BC1F5 IN PV2627","BC1F5","67711","sgh1LQArJl6nv"
"25ALM_BC1F3s1_0446","(CSM-63*2/SC1055)-B-10","FMZM","25ALM_BC1F3s1_2386","GMS_MN2024_MIN_15072_10","(CSM-63*2/SC1055)-B-10",48568,"sgh1LvaqGlEnM","GMS_PGF2025_MIN_2386","(CSM-63*2/SC1055)-B-10-1","55814","sgh1LhrCi8ICF","GMS_MN2025_115022","(CSM-63*2/SC1055)-B-10-1-1","67132","sgh1LV4tGrm0c","NO_ISSUES_IDENTIFIED","Introgression_confirmed","ADVANCE BC1F5 IN PV2627","ADVANCE BC1F5 IN PV2627","BC1F5","67132","sgh1LV4tGrm0c"
"25ALM_BC1F3s1_1496","(CSM-63*2/SC1055)-B-10","FVEV","25ALM_BC1F3s1_2368","GMS_MN2024_MIN_15071_10","(CSM-63*2/SC1055)-B-10",48568,"sgh1LcGWoiSeV","GMS_PGF2025_MIN_2368","(CSM-63*2/SC1055)-B-10-1","55814","sgh1Lew7NKtxc",NA,NA,NA,NA,"NO_ISSUES_IDENTIFIED","Introgression_confirmed","ADVANCE BC1F4 IN PGF","ADVANCE BC1F4 IN PGF","BC1F4","55814","sgh1Lew7NKtxc"
"25ALM_BC1F3s1_1517","(CSM-63*2/SC1055)-B-10","FRFU","25ALM_BC1F3s1_2402","GMS_MN2024_MIN_15073_10","(CSM-63*2/SC1055)-B-10",48568,"sgh1LmgfXdHPO","GMS_PGF2025_MIN_2402","(CSM-63*2/SC1055)-B-10-1","55814","sgh1L1SZxCt8F","GMS_MN2025_111010","(CSM-63*2/SC1055)-B-10-1-1","67132","sgh1LTs6T5xQh","NO_ISSUES_IDENTIFIED","Introgression_confirmed","ADVANCE BC1F5 IN PV2627","ADVANCE BC1F5 IN PV2627","BC1F5","67132","sgh1LTs6T5xQh"
"25ALM_BC1F3s1_2687","(CSM-63*2/SC1055)-B-10","FGDL","25ALM_BC1F3s1_2347","GMS_MN2024_MIN_15070_10","(CSM-63*2/SC1055)-B-10",48568,"sgh1LEgOV6xUA","GMS_PGF2025_MIN_2347","(CSM-63*2/SC1055)-B-10-1","55814","sgh1LEXBHhZDV","GMS_MN2025_112017","(CSM-63*2/SC1055)-B-10-1-1","67132","sgh1LuZngdPie","NO_ISSUES_IDENTIFIED","Introgression_confirmed","ADVANCE BC1F5 IN PV2627","ADVANCE BC1F5 IN PV2627","BC1F5","67132","sgh1LuZngdPie"
"25ALM_BC1F3s1_0116","(CSM-63*2/SC1055)-B-1","FWTV","25ALM_BC1F3s1_2393","GMS_MN2024_MIN_15073_01","(CSM-63*2/SC1055)-B-1",48559,"sgh1LMrQhiq0o","GMS_PGF2025_MIN_2393","(CSM-63*2/SC1055)-B-1-1","55826","sgh1LNKYnwTRY","GMS_MN2025_227090","(CSM-63*2/SC1055)-B-1-1-1","65642","sgh1LcrJlratf","NO_ISSUES_IDENTIFIED","Introgression_confirmed","ADVANCE BC1F5 IN PV2627","ADVANCE BC1F5 IN PV2627","BC1F5","65642","sgh1LcrJlratf"
"25ALM_BC1F3s1_1634","(CSM-63*2/SC1055)-B-1","FUEK","25ALM_BC1F3s1_2377","GMS_MN2024_MIN_15072_01","(CSM-63*2/SC1055)-B-1",48559,"sgh1L7mj8T8ig","GMS_PGF2025_MIN_2377","(CSM-63*2/SC1055)-B-1-1","55826","sgh1LuLTZAm31","GMS_MN2025_122076","(CSM-63*2/SC1055)-B-1-1-1","65642","sgh1Liwu3Nh9P","NO_ISSUES_IDENTIFIED","Introgression_confirmed","ADVANCE BC1F5 IN PV2627","ADVANCE BC1F5 IN PV2627","BC1F5","65642","sgh1Liwu3Nh9P"
"25ALM_BC1F3s1_1917","(CSM-63*2/SC1055)-B-1","FKUO","25ALM_BC1F3s1_2359","GMS_MN2024_MIN_15071_01","(CSM-63*2/SC1055)-B-1",48559,"sgh1Lh5uagxI3","GMS_PGF2025_MIN_2359","(CSM-63*2/SC1055)-B-1-1","55826","sgh1LTjfj7AiD","GMS_MN2025_106006","(CSM-63*2/SC1055)-B-1-1-1","65642","sgh1LZTiNSmyO","NO_ISSUES_IDENTIFIED","Introgression_confirmed","ADVANCE BC1F5 IN PV2627","ADVANCE BC1F5 IN PV2627","BC1F5","65642","sgh1LZTiNSmyO"
"25ALM_BC1F3s1_2577","(CSM-63*2/SC1055)-B-09","FHTW","25ALM_BC1F3s1_2385","GMS_MN2024_MIN_15072_09","(CSM-63*2/SC1055)-B-09",48567,"sgh1LWEynyMy9","GMS_PGF2025_MIN_2385","(CSM-63*2/SC1055)-B-9-1","55813","sgh1LJhoB5jQB","GMS_MN2025_135009","(CSM-63*2/SC1055)-B-09-1-1","67466","sgh1LxjT7gQzc","BC1F3:FORMAT_MISMATCH","Introgression_confirmed","ADVANCE BC1F5 IN PV2627","ADVANCE BC1F5 IN PV2627","BC1F5","67466","sgh1LxjT7gQzc"
"25ALM_BC1F3s1_1886","(CSM-63*2/SC1085)-B-9","FTQH","25ALM_BC1F3s1_0932","GMS_PV2324_MIN_17005_09","(CSM-63*2/SC1085)-B-9",43988,"sgh1L7KGc9ki7","GMS_PGF2025_MIN_0932","(CSM-63*2/SC1085)-B-9-1","54959","sgh1LWfkCayCx",NA,NA,NA,NA,"NO_ISSUES_IDENTIFIED","Introgression_confirmed","ADVANCE BC1F4 IN PGF","ADVANCE BC1F4 IN PGF","BC1F4","54959","sgh1LWfkCayCx"
"25ALM_BC1F3s1_1505","(CSM-63*2/SC1085)-B-8","FWXI","25ALM_BC1F3s1_0931","GMS_PV2324_MIN_17005_08","(CSM-63*2/SC1085)-B-8",43987,"sgh1LQHFUQP7P","GMS_PGF2025_MIN_0931","(CSM-63*2/SC1085)-B-8-1","54958","sgh1Lgwm2bosK","GMS_MN2025_229092","(CSM-63*2/SC1085)-B-8-1-1","65780","sgh1LkmKgxkPi","NO_ISSUES_IDENTIFIED","Introgression_confirmed","ADVANCE BC1F5 IN PV2627","ADVANCE BC1F5 IN PV2627","BC1F5","65780","sgh1LkmKgxkPi"
"25ALM_BC1F3s1_0034","(CSM-63*2/SC1085)-B-7","FAHZ","25ALM_BC1F3s1_0930","GMS_PV2324_MIN_17005_07","(CSM-63*2/SC1085)-B-7",43986,"sgh1L4lopQjW8","GMS_PGF2025_MIN_0930","(CSM-63*2/SC1085)-B-7-1","54957","sgh1Ly81wcjPc",NA,NA,NA,NA,"NO_ISSUES_IDENTIFIED","Introgression_confirmed","ADVANCE BC1F4 IN PGF","ADVANCE BC1F4 IN PGF","BC1F4","54957","sgh1Ly81wcjPc"
"25ALM_BC1F3s1_2398","(CSM-63*2/SC1085)-B-6","FRWI","25ALM_BC1F3s1_0929","GMS_PV2324_MIN_17005_06","(CSM-63*2/SC1085)-B-6",43985,"sgh1Ledwb4H3Q","GMS_PGF2025_MIN_0929","(CSM-63*2/SC1085)-B-6-1","54956","sgh1LymgnTLjn",NA,NA,NA,NA,"NO_ISSUES_IDENTIFIED","Introgression_confirmed","ADVANCE BC1F4 IN PGF","ADVANCE BC1F4 IN PGF","BC1F4","54956","sgh1LymgnTLjn"
"25ALM_BC1F3s1_1871","(CSM-63*2/SC1085)-B-5","FCGD","25ALM_BC1F3s1_0928","GMS_PV2324_MIN_17005_05","(CSM-63*2/SC1085)-B-5",43984,"sgh1L46lPDzLa","GMS_PGF2025_MIN_0928","(CSM-63*2/SC1085)-B-5-1","54955","sgh1LPk5eh15e","GMS_MN2025_115038","(CSM-63*2/SC1085)-B-5-1-1","67270","sgh1LWTJ3xzYh","NO_ISSUES_IDENTIFIED","Introgression_confirmed","ADVANCE BC1F5 IN PV2627","ADVANCE BC1F5 IN PV2627","BC1F5","67270","sgh1LWTJ3xzYh"
"25ALM_BC1F3s1_1923","(CSM-63*2/SC1085)-B-4","FUKG","25ALM_BC1F3s1_0927","GMS_PV2324_MIN_17005_04","(CSM-63*2/SC1085)-B-4",43983,"sgh1LnkBnKXpb","GMS_PGF2025_MIN_0927","(CSM-63*2/SC1085)-B-4-1","54954","sgh1Lasd4lKxP",NA,NA,NA,NA,"NO_ISSUES_IDENTIFIED","Introgression_confirmed","ADVANCE BC1F4 IN PGF","ADVANCE BC1F4 IN PGF","BC1F4","54954","sgh1Lasd4lKxP"
"25ALM_BC1F3s1_1212","(CSM-63*2/SC1085)-B-3","FKDW","25ALM_BC1F3s1_0926","GMS_PV2324_MIN_17005_03","(CSM-63*2/SC1085)-B-3",43982,"sgh1Lzr8kAAxN","GMS_PGF2025_MIN_0926","(CSM-63*2/SC1085)-B-3-1","54953","sgh1LTNAzcPXK",NA,NA,NA,NA,"NO_ISSUES_IDENTIFIED","Introgression_confirmed","ADVANCE BC1F4 IN PGF","ADVANCE BC1F4 IN PGF","BC1F4","54953","sgh1LTNAzcPXK"
"25ALM_BC1F3s1_2680","(CSM-63*2/SC1085)-B-15","FGYZ","25ALM_BC1F3s1_0938","GMS_PV2324_MIN_17005_15","(CSM-63*2/SC1085)-B-15",43994,"sgh1LLiqljqO9","GMS_PGF2025_MIN_0938","(CSM-63*2/SC1085)-B-15-1","54964","sgh1L0o2TkG1w","GMS_MN2025_228098","(CSM-63*2/SC1085)-B-15-1-1","65765","sgh1LfU8RX8wr","NO_ISSUES_IDENTIFIED","Introgression_confirmed","ADVANCE BC1F5 IN PV2627","ADVANCE BC1F5 IN PV2627","BC1F5","65765","sgh1LfU8RX8wr"
"25ALM_BC1F3s1_0183","(CSM-63*2/SC1085)-B-12","FYCZ","25ALM_BC1F3s1_0935","GMS_PV2324_MIN_17005_12","(CSM-63*2/SC1085)-B-12",43991,"sgh1LT0feTlKh","GMS_PGF2025_MIN_0935","(CSM-63*2/SC1085)-B-12-1","54962","sgh1L8auZLXRC","GMS_MN2025_106038","(CSM-63*2/SC1085)-B-12-1-1","67019","sgh1LikGqjlhO","NO_ISSUES_IDENTIFIED","Introgression_confirmed","ADVANCE BC1F5 IN PV2627","ADVANCE BC1F5 IN PV2627","BC1F5","67019","sgh1LikGqjlhO"
"25ALM_BC1F3s1_2701","(CSM-63*2/SC1085)-B-11","FXMM","25ALM_BC1F3s1_0934","GMS_PV2324_MIN_17005_11","(CSM-63*2/SC1085)-B-11",43990,"sgh1LXqQIXl72","GMS_PGF2025_MIN_0934","(CSM-63*2/SC1085)-B-11-1","54961","sgh1LPdTQw62D",NA,NA,NA,NA,"NOT_HARVESTED_MN2025","Introgression_confirmed","ADVANCE BC1F4 IN PGF","ADVANCE BC1F4 IN PGF","BC1F4","54961","sgh1LPdTQw62D"
"25ALM_BC1F3s1_1024","(CSM-63*2/SC1085)-B-10","FEDW","25ALM_BC1F3s1_0933","GMS_PV2324_MIN_17005_10","(CSM-63*2/SC1085)-B-10",43989,"sgh1LvtuKFrBM","GMS_PGF2025_MIN_0933","(CSM-63*2/SC1085)-B-10-1","54960","sgh1L0QBITG67","GMS_MN2025_131017","(CSM-63*2/SC1085)-B-10-1-1","67677","sgh1LayFnnwot","NO_ISSUES_IDENTIFIED","Introgression_confirmed","ADVANCE BC1F5 IN PV2627","ADVANCE BC1F5 IN PV2627","BC1F5","67677","sgh1LayFnnwot"
"25ALM_BC1F3s1_1013","(CSM-63*2/SC1085)-B-1","FBFA","25ALM_BC1F3s1_0924","GMS_PV2324_MIN_17005_01","(CSM-63*2/SC1085)-B-1",43980,"sgh1LM8LHls23","GMS_PGF2025_MIN_0924","(CSM-63*2/SC1085)-B-1-1","54951","sgh1L5wo5Blu1",NA,NA,NA,NA,"NOT_HARVESTED_MN2025","Introgression_confirmed","ADVANCE BC1F4 IN PGF","ADVANCE BC1F4 IN PGF","BC1F4","54951","sgh1L5wo5Blu1"
"25ALM_BC1F3s1_1897","(CSM-63*2/Sureno)-B-9","FHRW","25ALM_BC1F3s1_0881","GMS_PV2324_MIN_17001_09","(CSM-63*2/Sureno)-B-9",43928,"sgh1LY7JTxRH0","GMS_PGF2025_MIN_0881","(CSM-63*2/Sureno)-B-9-1","54911","sgh1LxPPY2uGt","GMS_MN2025_108015","(CSM-63*2/Sureno)-B-9-1-1","65645","sgh1LegZGSwU5","NO_ISSUES_IDENTIFIED","Introgression_confirmed","ADVANCE BC1F5 IN PV2627","ADVANCE BC1F5 IN PV2627","BC1F5","65645","sgh1LegZGSwU5"
"25ALM_BC1F3s1_2226","(CSM-63*2/Sureno)-B-8","FFZN","25ALM_BC1F3s1_0880","GMS_PV2324_MIN_17001_08","(CSM-63*2/Sureno)-B-8",43927,"sgh1LpVMvmjRM","GMS_PGF2025_MIN_0880","(CSM-63*2/Sureno)-B-8-1","54910","sgh1LsHYLPXQE","GMS_MN2025_230103","(CSM-63*2/Sureno)-B-8-1-1","65771","sgh1LLNrB299W","NO_ISSUES_IDENTIFIED","Introgression_confirmed","ADVANCE BC1F5 IN PV2627","ADVANCE BC1F5 IN PV2627","BC1F5","65771","sgh1LLNrB299W"
"25ALM_BC1F3s1_0409","(CSM-63*2/Sureno)-B-7","FLYU","25ALM_BC1F3s1_2523","GMS_MN2024_MIN_15080_07","(CSM-63*2/Sureno)-B-7",43926,"sgh1LE6czNNRA","GMS_PGF2025_MIN_2523","(CSM-63*2/Sureno)-B-7-1","54909","sgh1LX49pRp0X","GMS_MN2025_209081","(CSM-63*2/Sureno)-B-7-1-1","65363","sgh1L3uf8LgDu","NO_ISSUES_IDENTIFIED","Introgression_confirmed","ADVANCE BC1F5 IN PV2627","ADVANCE BC1F5 IN PV2627","BC1F5","65363","sgh1L3uf8LgDu"
"25ALM_BC1F3s1_0993","(CSM-63*2/Sureno)-B-7","FECU","25ALM_BC1F3s1_0879","GMS_PV2324_MIN_17001_07","(CSM-63*2/Sureno)-B-7",43926,"sgh1LRLghEXz8","GMS_PGF2025_MIN_0879","(CSM-63*2/Sureno)-B-7-1","54909","sgh1LVDlALoEA","GMS_MN2025_130018","(CSM-63*2/Sureno)-B-7-1-1","65363","sgh1LOxtzM2jV","NO_ISSUES_IDENTIFIED","Introgression_confirmed","ADVANCE BC1F5 IN PV2627","ADVANCE BC1F5 IN PV2627","BC1F5","65363","sgh1LOxtzM2jV"
"25ALM_BC1F3s1_2752","(CSM-63*2/Sureno)-B-6","FJPD","25ALM_BC1F3s1_0878","GMS_PV2324_MIN_17001_06","(CSM-63*2/Sureno)-B-6",43925,"sgh1L39GybSCi","GMS_PGF2025_MIN_0878","(CSM-63*2/Sureno)-B-6-1","54908","sgh1LdDR0Tfx8",NA,NA,NA,NA,"NOT_HARVESTED_MN2025","Introgression_confirmed","ADVANCE BC1F4 IN PGF","ADVANCE BC1F4 IN PGF","BC1F4","54908","sgh1LdDR0Tfx8"
"25ALM_BC1F3s1_0619","(CSM-63*2/Sureno)-B-5","FUGP","25ALM_BC1F3s1_0877","GMS_PV2324_MIN_17001_05","(CSM-63*2/Sureno)-B-5",43924,"sgh1LehmiHnOt","GMS_PGF2025_MIN_0877","(CSM-63*2/Sureno)-B-5-1","54907","sgh1LbEKM2qbk",NA,NA,NA,NA,"NO_ISSUES_IDENTIFIED","Introgression_confirmed","ADVANCE BC1F4 IN PGF","ADVANCE BC1F4 IN PGF","BC1F4","54907","sgh1LbEKM2qbk"
"25ALM_BC1F3s1_0144","(CSM-63*2/Sureno)-B-4","FKUJ","25ALM_BC1F3s1_0876","GMS_PV2324_MIN_17001_04","(CSM-63*2/Sureno)-B-4",43923,"sgh1LG04NiPnw","GMS_PGF2025_MIN_0876","(CSM-63*2/Sureno)-B-4-1","54906","sgh1LgnGfvrw5","GMS_MN2025_231092","(CSM-63*2/Sureno)-B-4-1-1","65754","sgh1L5DPYyy2V","NO_ISSUES_IDENTIFIED","Introgression_confirmed","ADVANCE BC1F5 IN PV2627","ADVANCE BC1F5 IN PV2627","BC1F5","65754","sgh1L5DPYyy2V"
"25ALM_BC1F3s1_1079","(CSM-63*2/Sureno)-B-3","FKPE","25ALM_BC1F3s1_0875","GMS_PV2324_MIN_17001_03","(CSM-63*2/Sureno)-B-3",43922,"sgh1LmoXah8Z2","GMS_PGF2025_MIN_0875","(CSM-63*2/Sureno)-B-3-1","54905","sgh1L44zD8llm","GMS_MN2025_107011","(CSM-63*2/Sureno)-B-3-1-1","67024","sgh1L2vsCCCD5","NO_ISSUES_IDENTIFIED","Introgression_confirmed","ADVANCE BC1F5 IN PV2627","ADVANCE BC1F5 IN PV2627","BC1F5","67024","sgh1L2vsCCCD5"
"25ALM_BC1F3s1_2718","(CSM-63*2/Sureno)-B-13","FPKH","25ALM_BC1F3s1_0885","GMS_PV2324_MIN_17001_13","(CSM-63*2/Sureno)-B-13",43932,"sgh1LCGC0Hbqp","GMS_PGF2025_MIN_0885","(CSM-63*2/Sureno)-B-13-1","54915","sgh1LPvr9rgvW","GMS_MN2025_223098","(CSM-63*2/Sureno)-B-13-1-1","65668","sgh1LAPaiCXxa","NO_ISSUES_IDENTIFIED","Introgression_confirmed","ADVANCE BC1F5 IN PV2627","ADVANCE BC1F5 IN PV2627","BC1F5","65668","sgh1LAPaiCXxa"
"25ALM_BC1F3s1_2600","(CSM-63*2/Sureno)-B-12","FMSO","25ALM_BC1F3s1_0884","GMS_PV2324_MIN_17001_12","(CSM-63*2/Sureno)-B-12",43931,"sgh1LDwCAh3iB","GMS_PGF2025_MIN_0884","(CSM-63*2/Sureno)-B-12-1","54914","sgh1L3YlPwbBB",NA,NA,NA,NA,"NO_ISSUES_IDENTIFIED","Introgression_confirmed","ADVANCE BC1F4 IN PGF","ADVANCE BC1F4 IN PGF","BC1F4","54914","sgh1L3YlPwbBB"
"25ALM_BC1F3s1_0087","(CSM-63*2/Sureno)-B-11","FTUL","25ALM_BC1F3s1_0883","GMS_PV2324_MIN_17001_11","(CSM-63*2/Sureno)-B-11",43930,"sgh1LY91TdZda","GMS_PGF2025_MIN_0883","(CSM-63*2/Sureno)-B-11-1","54913","sgh1LUtB5zrUs","GMS_MN2025_125029","(CSM-63*2/Sureno)-B-11-1-1","65380","sgh1LtTtj78YR","NO_ISSUES_IDENTIFIED","Introgression_confirmed","ADVANCE BC1F5 IN PV2627","ADVANCE BC1F5 IN PV2627","BC1F5","65380","sgh1LtTtj78YR"
"25ALM_BC1F3s1_0893","(CSM-63*2/Sureno)-B-10","FSVX","25ALM_BC1F3s1_0882","GMS_PV2324_MIN_17001_10","(CSM-63*2/Sureno)-B-10",43929,"sgh1LU8CubXHp","GMS_PGF2025_MIN_0882","(CSM-63*2/Sureno)-B-10-1","54912","sgh1LF6rKhoES",NA,NA,NA,NA,"NOT_HARVESTED_MN2025","Introgression_confirmed","ADVANCE BC1F4 IN PGF","ADVANCE BC1F4 IN PGF","BC1F4","54912","sgh1LF6rKhoES"
"25ALM_BC1F3s1_2778","(CSM-63*2/Sureno)-B-1","FXNA","25ALM_BC1F3s1_0873","GMS_PV2324_MIN_17001_01","(CSM-63*2/Sureno)-B-1",43920,"sgh1L1E6L2FdD","GMS_PGF2025_MIN_0873","(CSM-63*2/Sureno)-B-1-1","54904","sgh1LYZWOsddX","GMS_MN2025_211097","(CSM-63*2/Sureno)-B-1-1-1","65399","sgh1LKnIGNyuU","NO_ISSUES_IDENTIFIED","Introgression_confirmed","ADVANCE BC1F5 IN PV2627","ADVANCE BC1F5 IN PV2627","BC1F5","65399","sgh1LKnIGNyuU"
"25ALM_BC1F3s1_0397","(CSM-63*2/SC21)-B-9","FAKF","25ALM_BC1F3s1_2465","GMS_MN2024_MIN_15077_09","(CSM-63*2/SC21)-B-9",48587,"sgh1Lws178wvx","GMS_PGF2025_MIN_2465","(CSM-63*2/SC21)-B-9-1","55834","sgh1LRxjhSOWY",NA,NA,NA,NA,"NO_ISSUES_IDENTIFIED","Introgression_confirmed","ADVANCE BC1F4 IN PGF","ADVANCE BC1F4 IN PGF","BC1F4","55834","sgh1LRxjhSOWY"
"25ALM_BC1F3s1_0879","(CSM-63*2/SC21)-B-9","FOPU","25ALM_BC1F3s1_2443","GMS_MN2024_MIN_15075_09","(CSM-63*2/SC21)-B-9",48587,"sgh1LogO76OGg","GMS_PGF2025_MIN_2443","(CSM-63*2/SC21)-B-9-1","55834","sgh1LvaTRG49p","GMS_MN2025_218088","(CSM-63*2/SC21)-B-9-1-1","65560","sgh1L0IDfdNgi","NO_ISSUES_IDENTIFIED","Introgression_confirmed","ADVANCE BC1F5 IN PV2627","ADVANCE BC1F5 IN PV2627","BC1F5","65560","sgh1L0IDfdNgi"
"25ALM_BC1F3s1_2119","(CSM-63*2/SC21)-B-9","FGZV","25ALM_BC1F3s1_2421","GMS_MN2024_MIN_15074_09","(CSM-63*2/SC21)-B-9",48587,"sgh1LEdun2AeF","GMS_PGF2025_MIN_2421","(CSM-63*2/SC21)-B-9-1","55834","sgh1LzPrsMh7D",NA,NA,NA,NA,"NOT_HARVESTED_MN2025","Introgression_confirmed","ADVANCE BC1F4 IN PGF","ADVANCE BC1F4 IN PGF","BC1F4","55834","sgh1LzPrsMh7D"
"25ALM_BC1F3s1_0497","(CSM-63*2/SC21)-B-8","FPAR","25ALM_BC1F3s1_2454","GMS_MN2024_MIN_15076_08","(CSM-63*2/SC21)-B-8",48586,"sgh1LHhEjcdXu","GMS_PGF2025_MIN_2454","(CSM-63*2/SC21)-B-8-1","55833","sgh1LkeWFtLhT","GMS_MN2025_130014","(CSM-63*2/SC21)-B-8-1-1","67626","sgh1LeKpUM2w7","NO_ISSUES_IDENTIFIED","Introgression_confirmed","ADVANCE BC1F5 IN PV2627","ADVANCE BC1F5 IN PV2627","BC1F5","67626","sgh1LeKpUM2w7"
"25ALM_BC1F3s1_2434","(CSM-63*2/SC21)-B-8","FEQC","25ALM_BC1F3s1_2420","GMS_MN2024_MIN_15074_08","(CSM-63*2/SC21)-B-8",48586,"sgh1L3a47p5yK","GMS_PGF2025_MIN_2420","(CSM-63*2/SC21)-B-8-1","55833","sgh1LiD7PH1nl","GMS_MN2025_129020","(CSM-63*2/SC21)-B-8-1-1","67626","sgh1LyRpKnKEt","NO_ISSUES_IDENTIFIED","Introgression_confirmed","ADVANCE BC1F5 IN PV2627","ADVANCE BC1F5 IN PV2627","BC1F5","67626","sgh1LyRpKnKEt"
"25ALM_BC1F3s1_0248","(CSM-63*2/SC21)-B-7","FXPQ","25ALM_BC1F3s1_2441","GMS_MN2024_MIN_15075_07","(CSM-63*2/SC21)-B-7",48585,"sgh1LLPviOKgd","GMS_PGF2025_MIN_2441","(CSM-63*2/SC21)-B-7-1","55832","sgh1LWJM2uP3j","GMS_MN2025_213101","(CSM-63*2/SC21)-B-7-1-1","65441","sgh1LvZFgyhZL","NO_ISSUES_IDENTIFIED","Introgression_confirmed","ADVANCE BC1F5 IN PV2627","ADVANCE BC1F5 IN PV2627","BC1F5","65441","sgh1LvZFgyhZL"
"25ALM_BC1F3s1_1773","(CSM-63*2/SC21)-B-7","FNQY","25ALM_BC1F3s1_2463","GMS_MN2024_MIN_15077_07","(CSM-63*2/SC21)-B-7",48585,"sgh1LryjifAb5","GMS_PGF2025_MIN_2463","(CSM-63*2/SC21)-B-7-1","55832","sgh1Lt2Adztkj",NA,NA,NA,NA,"NOT_HARVESTED_MN2025","Introgression_confirmed","ADVANCE BC1F4 IN PGF","ADVANCE BC1F4 IN PGF","BC1F4","55832","sgh1Lt2Adztkj"
"25ALM_BC1F3s1_2903","(CSM-63*2/SC21)-B-7","FMZD","25ALM_BC1F3s1_2419","GMS_MN2024_MIN_15074_07","(CSM-63*2/SC21)-B-7",48585,"sgh1L7ispTWda","GMS_PGF2025_MIN_2419","(CSM-63*2/SC21)-B-7-1","55832","sgh1LS41Qg0is",NA,NA,NA,NA,"NO_ISSUES_IDENTIFIED","Introgression_confirmed","ADVANCE BC1F4 IN PGF","ADVANCE BC1F4 IN PGF","BC1F4","55832","sgh1LS41Qg0is"
"25ALM_BC1F3s1_0174","(CSM-63*2/SC21)-B-6","FCLT","25ALM_BC1F3s1_2418","GMS_MN2024_MIN_15074_06","(CSM-63*2/SC21)-B-6",48584,"sgh1LNxuXxbup","GMS_PGF2025_MIN_2418","(CSM-63*2/SC21)-B-6-1","55831","sgh1LQXxfOotD","GMS_MN2025_211103","(CSM-63*2/SC21)-B-6-1-1","65395","sgh1LjmcY5xzP","NO_ISSUES_IDENTIFIED","Introgression_confirmed","ADVANCE BC1F5 IN PV2627","ADVANCE BC1F5 IN PV2627","BC1F5","65395","sgh1LjmcY5xzP"
"25ALM_BC1F3s1_0335","(CSM-63*2/SC21)-B-6","FGGT","25ALM_BC1F3s1_2462","GMS_MN2024_MIN_15077_06","(CSM-63*2/SC21)-B-6",48584,"sgh1LcPp4PKsF","GMS_PGF2025_MIN_2462","(CSM-63*2/SC21)-B-6-1","55831","sgh1LUcQ176Vd",NA,NA,NA,NA,"NO_ISSUES_IDENTIFIED","Introgression_confirmed","ADVANCE BC1F4 IN PGF","ADVANCE BC1F4 IN PGF","BC1F4","55831","sgh1LUcQ176Vd"
"25ALM_BC1F3s1_0676","(CSM-63*2/SC21)-B-6","FNAO","25ALM_BC1F3s1_2452","GMS_MN2024_MIN_15076_06","(CSM-63*2/SC21)-B-6",48584,"sgh1LKxn5oHrd","GMS_PGF2025_MIN_2452","(CSM-63*2/SC21)-B-6-1","55832","sgh1LEn0oceMA","GMS_MN2025_226097","(CSM-63*2/SC21)-B-6-1-1","65395","sgh1L8oyA1REd","NO_ISSUES_IDENTIFIED","Introgression_confirmed","ADVANCE BC1F5 IN PV2627","ADVANCE BC1F5 IN PV2627","BC1F5","65395","sgh1L8oyA1REd"
"25ALM_BC1F3s1_1852","(CSM-63*2/SC21)-B-6","FYIG","25ALM_BC1F3s1_2440","GMS_MN2024_MIN_15075_06","(CSM-63*2/SC21)-B-6",48584,"sgh1LZsZe5jUc","GMS_PGF2025_MIN_2440","(CSM-63*2/SC21)-B-6-1","55831","sgh1LrU7YXkwp","GMS_MN2025_120008","(CSM-63*2/SC21)-B-6-1-1","65395","sgh1LaqhTj11T","NO_ISSUES_IDENTIFIED","Introgression_confirmed","ADVANCE BC1F5 IN PV2627","ADVANCE BC1F5 IN PV2627","BC1F5","65395","sgh1LaqhTj11T"
"25ALM_BC1F3s1_0060","(CSM-63*2/SC21)-B-5","FGYQ","25ALM_BC1F3s1_2451","GMS_MN2024_MIN_15076_05","(CSM-63*2/SC21)-B-5",48583,"sgh1LFFg2CRwF","GMS_PGF2025_MIN_2451","(CSM-63*2/SC21)-B-5-1","55831","sgh1LapgPiaek","GMS_MN2025_104032","(CSM-63*2/SC21)-B-5-1-1","65465","sgh1LNdfNi2Mj","NO_ISSUES_IDENTIFIED","Introgression_confirmed","ADVANCE BC1F5 IN PV2627","ADVANCE BC1F5 IN PV2627","BC1F5","65465","sgh1LNdfNi2Mj"
"25ALM_BC1F3s1_0150","(CSM-63*2/SC21)-B-5","FEVW","25ALM_BC1F3s1_2439","GMS_MN2024_MIN_15075_05","(CSM-63*2/SC21)-B-5",48583,"sgh1LUZBFKpaP","GMS_PGF2025_MIN_2439","(CSM-63*2/SC21)-B-5-1","55830","sgh1L9aXf5TAb","GMS_MN2025_114078","(CSM-63*2/SC21)-B-5-1-1","65465","sgh1LfBpHJsPo","NO_ISSUES_IDENTIFIED","Introgression_confirmed","ADVANCE BC1F5 IN PV2627","ADVANCE BC1F5 IN PV2627","BC1F5","65465","sgh1LfBpHJsPo"
"25ALM_BC1F3s1_0279","(CSM-63*2/SC21)-B-5","FSNF","25ALM_BC1F3s1_2461","GMS_MN2024_MIN_15077_05","(CSM-63*2/SC21)-B-5",48583,"sgh1L5UIy30j4","GMS_PGF2025_MIN_2461","(CSM-63*2/SC21)-B-5-1","55830","sgh1LvyP1kjp3","GMS_MN2025_225096","(CSM-63*2/SC21)-B-5-1-1","65465","sgh1L4YF72F7Z","NO_ISSUES_IDENTIFIED","Introgression_confirmed","ADVANCE BC1F5 IN PV2627","ADVANCE BC1F5 IN PV2627","BC1F5","65465","sgh1L4YF72F7Z"
"25ALM_BC1F3s1_0943","(CSM-63*2/SC21)-B-5","FYDJ","25ALM_BC1F3s1_2417","GMS_MN2024_MIN_15074_05","(CSM-63*2/SC21)-B-5",48583,"sgh1LhSXLNW9b","GMS_PGF2025_MIN_2417","(CSM-63*2/SC21)-B-5-1","55830","sgh1LV1FgX6iI",NA,NA,NA,NA,"NO_ISSUES_IDENTIFIED","Introgression_confirmed","ADVANCE BC1F4 IN PGF","ADVANCE BC1F4 IN PGF","BC1F4","55830","sgh1LV1FgX6iI"
"25ALM_BC1F3s1_0431","(CSM-63*2/SC21)-B-4","FFZZ","25ALM_BC1F3s1_2438","GMS_MN2024_MIN_15075_04","(CSM-63*2/SC21)-B-4",48582,"sgh1LZjyLXmWC","GMS_PGF2025_MIN_2438","(CSM-63*2/SC21)-B-4-1","55842","sgh1LX0jgXjdz","GMS_MN2025_134019","(CSM-63*2/SC21)-B-4-1-1","65705","sgh1Lq9G5iYQn","NO_ISSUES_IDENTIFIED","Introgression_confirmed","ADVANCE BC1F5 IN PV2627","ADVANCE BC1F5 IN PV2627","BC1F5","65705","sgh1Lq9G5iYQn"
"25ALM_BC1F3s1_0849","(CSM-63*2/SC21)-B-4","FVWS","25ALM_BC1F3s1_2460","GMS_MN2024_MIN_15077_04","(CSM-63*2/SC21)-B-4",48582,"sgh1LBZaw7I2p","GMS_PGF2025_MIN_2460","(CSM-63*2/SC21)-B-4-1","55842","sgh1Lqrdc6r0F","GMS_MN2025_225102","(CSM-63*2/SC21)-B-4-1-1","65705","sgh1LE6gUvHek","NO_ISSUES_IDENTIFIED","Introgression_confirmed","ADVANCE BC1F5 IN PV2627","ADVANCE BC1F5 IN PV2627","BC1F5","65705","sgh1LE6gUvHek"
"25ALM_BC1F3s1_2039","(CSM-63*2/SC21)-B-4","FQPD","25ALM_BC1F3s1_2450","GMS_MN2024_MIN_15076_04","(CSM-63*2/SC21)-B-4",48582,"sgh1LVi3gZBek","GMS_PGF2025_MIN_2450","(CSM-63*2/SC21)-B-4-1","55842","sgh1LqYlVcpqI","GMS_MN2025_103023","(CSM-63*2/SC21)-B-4-1-1","65705","sgh1LgymDGkx4","NO_ISSUES_IDENTIFIED","Introgression_confirmed","ADVANCE BC1F5 IN PV2627","ADVANCE BC1F5 IN PV2627","BC1F5","65705","sgh1LgymDGkx4"
"25ALM_BC1F3s1_0675","(CSM-63*2/SC21)-B-3","FUUI","25ALM_BC1F3s1_2449","GMS_MN2024_MIN_15076_03","(CSM-63*2/SC21)-B-3",48581,"sgh1LO57wJu26","GMS_PGF2025_MIN_2449","(CSM-63*2/SC21)-B-3-1","55829","sgh1LrPpRzXMO",NA,NA,NA,NA,"NOT_HARVESTED_MN2025","Introgression_confirmed","ADVANCE BC1F4 IN PGF","ADVANCE BC1F4 IN PGF","BC1F4","55829","sgh1LrPpRzXMO"
"25ALM_BC1F3s1_1151","(CSM-63*2/SC21)-B-3","FMZH","25ALM_BC1F3s1_2437","GMS_MN2024_MIN_15075_03","(CSM-63*2/SC21)-B-3",48581,"sgh1LjaftUafw","GMS_PGF2025_MIN_2437","(CSM-63*2/SC21)-B-3-1","55829","sgh1LVq3NWtal","GMS_MN2025_210089","(CSM-63*2/SC21)-B-3-1-1","65384","sgh1LE2OqDdsw","NO_ISSUES_IDENTIFIED","Introgression_confirmed","ADVANCE BC1F5 IN PV2627","ADVANCE BC1F5 IN PV2627","BC1F5","65384","sgh1LE2OqDdsw"
"25ALM_BC1F3s1_1262","(CSM-63*2/SC21)-B-3","FOTZ","25ALM_BC1F3s1_2459","GMS_MN2024_MIN_15077_03","(CSM-63*2/SC21)-B-3",48581,"sgh1LNOLVDj3T","GMS_PGF2025_MIN_2459","(CSM-63*2/SC21)-B-3-1","55829","sgh1L2jMde1y8","GMS_MN2025_229102","(CSM-63*2/SC21)-B-3-1-1","65384","sgh1LOw9DOkFn","NO_ISSUES_IDENTIFIED","Introgression_confirmed","ADVANCE BC1F5 IN PV2627","ADVANCE BC1F5 IN PV2627","BC1F5","65384","sgh1LOw9DOkFn"
"25ALM_BC1F3s1_0179","(CSM-63*2/SC21)-B-2","FLKS","25ALM_BC1F3s1_2448","GMS_MN2024_MIN_15076_02","(CSM-63*2/SC21)-B-2",48580,"sgh1LZG2GkJ7O","GMS_PGF2025_MIN_2448","(CSM-63*2/SC21)-B-2-1","55828","sgh1Lmvermrac","GMS_MN2025_218102","(CSM-63*2/SC21)-B-2-1-1","65557","sgh1LBeA7zEdZ","NO_ISSUES_IDENTIFIED","Introgression_confirmed","ADVANCE BC1F5 IN PV2627","ADVANCE BC1F5 IN PV2627","BC1F5","65557","sgh1LBeA7zEdZ"
"25ALM_BC1F3s1_1407","(CSM-63*2/SC21)-B-2","FBSX","25ALM_BC1F3s1_2414","GMS_MN2024_MIN_15074_02","(CSM-63*2/SC21)-B-2",48580,"sgh1LxO1ALP1D","GMS_PGF2025_MIN_2414","(CSM-63*2/SC21)-B-2-1","55828","sgh1L6E2UEQVJ","GMS_MN2025_127078","(CSM-63*2/SC21)-B-2-1-1","65557","sgh1LPm3VK8UE","NO_ISSUES_IDENTIFIED","Introgression_confirmed","ADVANCE BC1F5 IN PV2627","ADVANCE BC1F5 IN PV2627","BC1F5","65557","sgh1LPm3VK8UE"
"25ALM_BC1F3s1_1875","(CSM-63*2/SC21)-B-2","FNBE","25ALM_BC1F3s1_2436","GMS_MN2024_MIN_15075_02","(CSM-63*2/SC21)-B-2",48580,"sgh1L1s1qdh3G","GMS_PGF2025_MIN_2436","(CSM-63*2/SC21)-B-2-1","55828","sgh1LlaJRZa96","GMS_MN2025_218085","(CSM-63*2/SC21)-B-2-1-1","65557","sgh1LHDsAONmP","NO_ISSUES_IDENTIFIED","Introgression_confirmed","ADVANCE BC1F5 IN PV2627","ADVANCE BC1F5 IN PV2627","BC1F5","65557","sgh1LHDsAONmP"
"25ALM_BC1F3s1_2129","(CSM-63*2/SC21)-B-2","FEMR","25ALM_BC1F3s1_2458","GMS_MN2024_MIN_15077_02","(CSM-63*2/SC21)-B-2",48580,"sgh1LG8amOOS4","GMS_PGF2025_MIN_2458","(CSM-63*2/SC21)-B-2-1","55828","sgh1Lii0viVz2","GMS_MN2025_220092","(CSM-63*2/SC21)-B-2-1-1","65557","sgh1LqiihkLKy","NO_ISSUES_IDENTIFIED","Introgression_confirmed","ADVANCE BC1F5 IN PV2627","ADVANCE BC1F5 IN PV2627","BC1F5","65557","sgh1LqiihkLKy"
"25ALM_BC1F3s1_1592","(CSM-63*2/SC21)-B-17","FCEM","25ALM_BC1F3s1_2429","GMS_MN2024_MIN_15074_17","(CSM-63*2/SC21)-B-17",48595,"sgh1Lg1ngRzi1","GMS_PGF2025_MIN_2429","(CSM-63*2/SC21)-B-17-1","55839","sgh1LPRs8A8cq",NA,NA,NA,NA,"NOT_HARVESTED_MN2025","Introgression_confirmed","ADVANCE BC1F4 IN PV2627","ADVANCE BC1F4 IN PV2627","BC1F4","55839","sgh1LPRs8A8cq"
"25ALM_BC1F3s1_1784","(CSM-63*2/SC21)-B-17","FCID","25ALM_BC1F3s1_2472","GMS_MN2024_MIN_15077_17","(CSM-63*2/SC21)-B-17",48595,"sgh1L6UY7GLry","GMS_PGF2025_MIN_2472","(CSM-63*2/SC21)-B-17-1","55839","sgh1LA9uFUiGA","GMS_MN2025_225095","(CSM-63*2/SC21)-B-17-1-1","65707","sgh1LDu4FGHfF","NO_ISSUES_IDENTIFIED","Introgression_confirmed","ADVANCE BC1F5 IN PV2627","ADVANCE BC1F5 IN PV2627","BC1F5","65707","sgh1LDu4FGHfF"
"25ALM_BC1F3s1_1649","(CSM-63*2/SC21)-B-16","FOLV","25ALM_BC1F3s1_2428","GMS_MN2024_MIN_15074_16","(CSM-63*2/SC21)-B-16",48594,"sgh1LwvTSg0dG","GMS_PGF2025_MIN_2428","(CSM-63*2/SC21)-B-16-1","55838","sgh1LyOLIAUnb",NA,NA,NA,NA,"NOT_HARVESTED_MN2025","Introgression_confirmed","ADVANCE BC1F4 IN PGF","ADVANCE BC1F4 IN PGF","BC1F4","55838","sgh1LyOLIAUnb"
"25ALM_BC1F3s1_2575","(CSM-63*2/SC21)-B-16","FMCC","25ALM_BC1F3s1_2471","GMS_MN2024_MIN_15077_16","(CSM-63*2/SC21)-B-16",48594,"sgh1LCj9g7qcd","GMS_PGF2025_MIN_2471","(CSM-63*2/SC21)-B-16-1","55838","sgh1L0RXrrVnw",NA,NA,NA,NA,"NOT_HARVESTED_MN2025","Introgression_confirmed","ADVANCE BC1F4 IN PGF","ADVANCE BC1F4 IN PGF","BC1F4","55838","sgh1L0RXrrVnw"
"25ALM_BC1F3s1_1763","(CSM-63*2/SC21)-B-15","FYEJ","25ALM_BC1F3s1_2427","GMS_MN2024_MIN_15074_15","(CSM-63*2/SC21)-B-15",48593,"sgh1Lq8gMgyFQ","GMS_PGF2025_MIN_2427","(CSM-63*2/SC21)-B-15-1","55837","sgh1LwjUTWj0F","GMS_MN2025_220087","(CSM-63*2/SC21)-B-15-1-1","65608","sgh1LmcdrxzCa","NO_ISSUES_IDENTIFIED","Introgression_confirmed","ADVANCE BC1F5 IN PV2627","ADVANCE BC1F5 IN PV2627","BC1F5","65608","sgh1LmcdrxzCa"
"25ALM_BC1F3s1_2046","(CSM-63*2/SC21)-B-15","FWWF","25ALM_BC1F3s1_2470","GMS_MN2024_MIN_15077_15","(CSM-63*2/SC21)-B-15",48593,"sgh1LjS31F46o","GMS_PGF2025_MIN_2470","(CSM-63*2/SC21)-B-15-1","55837","sgh1LKkHV3cXR",NA,NA,NA,NA,"NOT_HARVESTED_MN2025","Introgression_confirmed","ADVANCE BC1F4 IN PGF","ADVANCE BC1F4 IN PGF","BC1F4","55837","sgh1LKkHV3cXR"
"25ALM_BC1F3s1_1484","(CSM-63*2/SC21)-B-14","FKBE","25ALM_BC1F3s1_2426","GMS_MN2024_MIN_15074_14","(CSM-63*2/SC21)-B-14",48592,"sgh1Licm7bM0x","GMS_PGF2025_MIN_2426","(CSM-63*2/SC21)-B-14-1","55836","sgh1L5BEa5cWS",NA,NA,NA,NA,"NOT_HARVESTED_MN2025","Introgression_confirmed","ADVANCE BC1F4 IN PGF","ADVANCE BC1F4 IN PGF","BC1F4","55836","sgh1L5BEa5cWS"
"25ALM_BC1F3s1_1076","(CSM-63*2/SC21)-B-13","FACD","25ALM_BC1F3s1_2425","GMS_MN2024_MIN_15074_13","(CSM-63*2/SC21)-B-13",48591,"sgh1LeIBAoeIK","GMS_PGF2025_MIN_2425","(CSM-63*2/SC21)-B-13-1","55835","sgh1LwuGUegiH","GMS_MN2025_136028","(CSM-63*2/SC21)-B-13-1-1","67819","sgh1LiNcuQaVD","NO_ISSUES_IDENTIFIED","Introgression_confirmed","ADVANCE BC1F5 IN PV2627","ADVANCE BC1F5 IN PV2627","BC1F5","67819","sgh1LiNcuQaVD"
"25ALM_BC1F3s1_1190","(CSM-63*2/SC21)-B-12","FCHX","25ALM_BC1F3s1_2446","GMS_MN2024_MIN_15075_12","(CSM-63*2/SC21)-B-12",48590,"sgh1LBjctAHbM","GMS_PGF2025_MIN_2446","(CSM-63*2/SC21)-B-12-1","55844","sgh1LfY0tQyFK","GMS_MN2025_116076","(CSM-63*2/SC21)-B-12-1-1","65508","sgh1LM6OBejdP","NO_ISSUES_IDENTIFIED","Introgression_confirmed","ADVANCE BC1F5 IN PV2627","ADVANCE BC1F5 IN PV2627","BC1F5","65508","sgh1LM6OBejdP"
"25ALM_BC1F3s1_2474","(CSM-63*2/SC21)-B-12","FSKN","25ALM_BC1F3s1_2468","GMS_MN2024_MIN_15077_12","(CSM-63*2/SC21)-B-12",48590,"sgh1LIo3hC6TE","GMS_PGF2025_MIN_2468","(CSM-63*2/SC21)-B-12-1","54914","sgh1LtFrOW6JB","GMS_MN2025_228094","(CSM-63*2/SC21)-B-12-1-1","65508","sgh1L02t0YZeF","NO_ISSUES_IDENTIFIED","Introgression_confirmed","ADVANCE BC1F5 IN PV2627","ADVANCE BC1F5 IN PV2627","BC1F5","65508","sgh1L02t0YZeF"
"25ALM_BC1F3s1_1600","(CSM-63*2/SC21)-B-11","FCTH","25ALM_BC1F3s1_2445","GMS_MN2024_MIN_15075_11","(CSM-63*2/SC21)-B-11",48589,"sgh1LtACn3Buc","GMS_PGF2025_MIN_2445","(CSM-63*2/SC21)-B-11-1","55843","sgh1LqlaPhQR5","GMS_MN2025_221088","(CSM-63*2/SC21)-B-11-1-1","65631","sgh1LsxKxz24t","NO_ISSUES_IDENTIFIED","Introgression_confirmed","ADVANCE BC1F5 IN PV2627","ADVANCE BC1F5 IN PV2627","BC1F5","65631","sgh1LsxKxz24t"
"25ALM_BC1F3s1_2586","(CSM-63*2/SC21)-B-11","FCEF","25ALM_BC1F3s1_2467","GMS_MN2024_MIN_15077_11","(CSM-63*2/SC21)-B-11",48589,"sgh1LKQOguG9b","GMS_PGF2025_MIN_2467","(CSM-63*2/SC21)-B-11-1","55855","sgh1Le0Vbv7p8",NA,NA,NA,NA,"NOT_HARVESTED_MN2025","Introgression_confirmed","ADVANCE BC1F4 IN PGF","ADVANCE BC1F4 IN PGF","BC1F4","55855","sgh1Le0Vbv7p8"
"25ALM_BC1F3s1_0990","(CSM-63*2/SC21)-B-10","FVRF","25ALM_BC1F3s1_2456","GMS_MN2024_MIN_15076_10","(CSM-63*2/SC21)-B-10",48588,"sgh1L7GwXR3dS","GMS_PGF2025_MIN_2456","(CSM-63*2/SC21)-B-10-1","55845","sgh1LzMpoQywV","GMS_MN2025_114028","(CSM-63*2/SC21)-B-10-1-1","67235","sgh1LGReLJ0je","NO_ISSUES_IDENTIFIED","Introgression_confirmed","ADVANCE BC1F5 IN PV2627","ADVANCE BC1F5 IN PV2627","BC1F5","67235","sgh1LGReLJ0je"
"25ALM_BC1F3s1_1131","(CSM-63*2/SC21)-B-10","FOOY","25ALM_BC1F3s1_2466","GMS_MN2024_MIN_15077_10","(CSM-63*2/SC21)-B-10",48588,"sgh1LFhMggkSo","GMS_PGF2025_MIN_2466","(CSM-63*2/SC21)-B-10-1","55854","sgh1LuQk2t65T","GMS_MN2025_118039","(CSM-63*2/SC21)-B-10-1-1","67235","sgh1LKK3OuLCL","NO_ISSUES_IDENTIFIED","Introgression_confirmed","ADVANCE BC1F5 IN PV2627","ADVANCE BC1F5 IN PV2627","BC1F5","67235","sgh1LKK3OuLCL"
"25ALM_BC1F3s1_0514","(CSM-63*2/SC21)-B-1","FTDQ","25ALM_BC1F3s1_2435","GMS_MN2024_MIN_15075_01","(CSM-63*2/SC21)-B-1",48579,"sgh1Lqmu01fmD","GMS_PGF2025_MIN_2435","(CSM-63*2/SC21)-B-1-1","55827","sgh1LG99xZrM7","GMS_MN2025_209083","(CSM-63*2/SC21)-B-1-1-1","65366","sgh1LugMugcAk","NO_ISSUES_IDENTIFIED","Introgression_confirmed","ADVANCE BC1F5 IN PV2627","ADVANCE BC1F5 IN PV2627","BC1F5","65366","sgh1LugMugcAk"
"25ALM_BC1F3s1_2388","(CSM-63*2/SC21)-B-1","FPEJ","25ALM_BC1F3s1_2457","GMS_MN2024_MIN_15077_01","(CSM-63*2/SC21)-B-1",48579,"sgh1LhEJDxHlE","GMS_PGF2025_MIN_2457","(CSM-63*2/SC21)-B-1-1","55827","sgh1LJQZslnfD","GMS_MN2025_128037","(CSM-63*2/SC21)-B-1-1-1","65366","sgh1L5x47X2FH","NO_ISSUES_IDENTIFIED","Introgression_confirmed","ADVANCE BC1F5 IN PV2627","ADVANCE BC1F5 IN PV2627","BC1F5","65366","sgh1L5x47X2FH"
"25ALM_BC1F3s1_0426","(CSM-63*2/SC645)-B-9","FUTX","25ALM_BC1F3s1_2481","GMS_MN2024_MIN_15078_09","(CSM-63*2/SC645)-B-9",48609,"sgh1L8wcPrKLs","GMS_PGF2025_MIN_2481","(CSM-63*2/SC645)-B-9-1","55853","sgh1LnD1HP7mT",NA,NA,NA,NA,"NOT_HARVESTED_MN2025","Introgression_confirmed","ADVANCE BC1F4 IN PGF","ADVANCE BC1F4 IN PGF","BC1F4","55853","sgh1LnD1HP7mT"
"25ALM_BC1F3s1_1259","(CSM-63*2/SC645)-B-9","FIIZ","25ALM_BC1F3s1_2499","GMS_MN2024_MIN_15079_09","(CSM-63*2/SC645)-B-9",48609,"sgh1LKcvtj43o","GMS_PGF2025_MIN_2499","(CSM-63*2/SC645)-B-9-1","55853","sgh1LXYA6h0DF","GMS_MN2025_226090","(CSM-63*2/SC645)-B-9-1-1","65729","sgh1LvCwjreIn","NO_ISSUES_IDENTIFIED","Introgression_confirmed","ADVANCE BC1F5 IN PV2627","ADVANCE BC1F5 IN PV2627","BC1F5","65729","sgh1LvCwjreIn"
"25ALM_BC1F3s1_1460","(CSM-63*2/SC645)-B-8","FOYR","25ALM_BC1F3s1_2498","GMS_MN2024_MIN_15079_08","(CSM-63*2/SC645)-B-8",48608,"sgh1LlFIDXRRB","GMS_PGF2025_MIN_2498","(CSM-63*2/SC645)-B-8-1","55852","sgh1LGNLBf9L7","GMS_MN2025_218100","(CSM-63*2/SC645)-B-8-1-1","65569","sgh1LDdLWBSA9","NO_ISSUES_IDENTIFIED","Introgression_confirmed","ADVANCE BC1F5 IN PV2627","ADVANCE BC1F5 IN PV2627","BC1F5","65569","sgh1LDdLWBSA9"
"25ALM_BC1F3s1_2341","(CSM-63*2/SC645)-B-8","FLME","25ALM_BC1F3s1_2480","GMS_MN2024_MIN_15078_08","(CSM-63*2/SC645)-B-8",48608,"sgh1Lar2EYJWC","GMS_PGF2025_MIN_2480","(CSM-63*2/SC645)-B-8-1","55852","sgh1LtdqiyiVa","GMS_MN2025_112010","(CSM-63*2/SC645)-B-8-1-1","65569","sgh1LgfNp1YGu","NO_ISSUES_IDENTIFIED","Introgression_confirmed","ADVANCE BC1F5 IN PV2627","ADVANCE BC1F5 IN PV2627","BC1F5","65569","sgh1LgfNp1YGu"
"25ALM_BC1F3s1_1836","(CSM-63*2/SC645)-B-7","FVYD","25ALM_BC1F3s1_2497","GMS_MN2024_MIN_15079_07","(CSM-63*2/SC645)-B-7",48607,"sgh1Lagomn8gN","GMS_PGF2025_MIN_2497","(CSM-63*2/SC645)-B-7-1","55851","sgh1LX6rCnJCw","GMS_MN2025_108080","(CSM-63*2/SC645)-B-7-1-1","65344","sgh1L5ir92hNE","NO_ISSUES_IDENTIFIED","Introgression_confirmed","ADVANCE BC1F5 IN PV2627","ADVANCE BC1F5 IN PV2627","BC1F5","65344","sgh1L5ir92hNE"
"25ALM_BC1F3s1_2071","(CSM-63*2/SC645)-B-7","FMTM","25ALM_BC1F3s1_2479","GMS_MN2024_MIN_15078_07","(CSM-63*2/SC645)-B-7",48607,"sgh1LDdT0jqCO","GMS_PGF2025_MIN_2479","(CSM-63*2/SC645)-B-7-1","55851","sgh1LTKLku7eN","GMS_MN2025_126020","(CSM-63*2/SC645)-B-7-1-1","65344","sgh1Ls1NfEmMC","NO_ISSUES_IDENTIFIED","Introgression_confirmed","ADVANCE BC1F5 IN PV2627","ADVANCE BC1F5 IN PV2627","BC1F5","65344","sgh1Ls1NfEmMC"
"25ALM_BC1F3s1_1174","(CSM-63*2/SC645)-B-6","FXAO","25ALM_BC1F3s1_2478","GMS_MN2024_MIN_15078_06","(CSM-63*2/SC645)-B-6",48606,"sgh1LPaZuIaVC","GMS_PGF2025_MIN_2478","(CSM-63*2/SC645)-B-6-1","55850","sgh1LCC0bkIwv","GMS_MN2025_209092","(CSM-63*2/SC645)-B-6-1-1","65357","sgh1LlEoAF8Z7","NO_ISSUES_IDENTIFIED","Introgression_confirmed","ADVANCE BC1F5 IN PV2627","ADVANCE BC1F5 IN PV2627","BC1F5","65357","sgh1LlEoAF8Z7"
"25ALM_BC1F3s1_1671","(CSM-63*2/SC645)-B-6","FJPX","25ALM_BC1F3s1_2496","GMS_MN2024_MIN_15079_06","(CSM-63*2/SC645)-B-6",48606,"sgh1LIesWTFAE","GMS_PGF2025_MIN_2496","(CSM-63*2/SC645)-B-6-1","55850","sgh1L3DIGbepM","GMS_MN2025_222094","(CSM-63*2/SC645)-B-6-1-1","65357","sgh1LtAJ1Ebuw","NO_ISSUES_IDENTIFIED","Introgression_confirmed","ADVANCE BC1F5 IN PV2627","ADVANCE BC1F5 IN PV2627","BC1F5","65357","sgh1LtAJ1Ebuw"
"25ALM_BC1F3s1_0747","(CSM-63*2/SC645)-B-5","FWJJ","25ALM_BC1F3s1_2495","GMS_MN2024_MIN_15079_05","(CSM-63*2/SC645)-B-5",48605,"sgh1L2IGAU0vS","GMS_PGF2025_MIN_2495","(CSM-63*2/SC645)-B-5-1","55849","sgh1LhKAi4Tjh","GMS_MN2025_110025","(CSM-63*2/SC645)-B-5-1-1","65369","sgh1LCaFQlEFr","NO_ISSUES_IDENTIFIED","Introgression_confirmed","ADVANCE BC1F5 IN PV2627","ADVANCE BC1F5 IN PV2627","BC1F5","65369","sgh1LCaFQlEFr"
"25ALM_BC1F3s1_0759","(CSM-63*2/SC645)-B-5","FHGK","25ALM_BC1F3s1_2477","GMS_MN2024_MIN_15078_05","(CSM-63*2/SC645)-B-5",48605,"sgh1LEvQi8IXN","GMS_PGF2025_MIN_2477","(CSM-63*2/SC645)-B-5-1","55849","sgh1LPrbDgESx","GMS_MN2025_109079","(CSM-63*2/SC645)-B-5-1-1","65369","sgh1LTWaCMcnW","NO_ISSUES_IDENTIFIED","Introgression_confirmed","ADVANCE BC1F5 IN PV2627","ADVANCE BC1F5 IN PV2627","BC1F5","65369","sgh1LTWaCMcnW"
"25ALM_BC1F3s1_0798","(CSM-63*2/SC645)-B-4","FIPU","25ALM_BC1F3s1_2476","GMS_MN2024_MIN_15078_04","(CSM-63*2/SC645)-B-4",48604,"sgh1L6ku8EbAk","GMS_PGF2025_MIN_2476","(CSM-63*2/SC645)-B-4-1","55848","sgh1LWIT5fKtz",NA,NA,NA,NA,"NOT_HARVESTED_MN2025","Introgression_confirmed","ADVANCE BC1F4 IN PGF","ADVANCE BC1F4 IN PGF","BC1F4","55848","sgh1LWIT5fKtz"
"25ALM_BC1F3s1_1252","(CSM-63*2/SC645)-B-4","FMLJ","25ALM_BC1F3s1_2494","GMS_MN2024_MIN_15079_04","(CSM-63*2/SC645)-B-4",48604,"sgh1LnFKo6fp0","GMS_PGF2025_MIN_2494","(CSM-63*2/SC645)-B-4-1","55848","sgh1L0ZrH0Vvf","GMS_MN2025_217094","(CSM-63*2/SC645)-B-4-1-1","65537","sgh1Lgnhg3TuV","NO_ISSUES_IDENTIFIED","Introgression_confirmed","ADVANCE BC1F5 IN PV2627","ADVANCE BC1F5 IN PV2627","BC1F5","65537","sgh1Lgnhg3TuV"
"25ALM_BC1F3s1_2733","(CSM-63*2/SC645)-B-3","FIXM","25ALM_BC1F3s1_2493","GMS_MN2024_MIN_15079_03","(CSM-63*2/SC645)-B-3",48603,"sgh1LjPM2W8ZN","GMS_PGF2025_MIN_2493","(CSM-63*2/SC645)-B-3-1","55862","sgh1LKKMMYZeF","GMS_MN2025_211084","(CSM-63*2/SC645)-B-3-1-1","65410","sgh1LQvVMfUi6","NO_ISSUES_IDENTIFIED","Introgression_confirmed","ADVANCE BC1F5 IN PV2627","ADVANCE BC1F5 IN PV2627","BC1F5","65410","sgh1LQvVMfUi6"
"25ALM_BC1F3s1_1396","(CSM-63*2/SC645)-B-26","FMOM","25ALM_BC1F3s1_2516","GMS_MN2024_MIN_15079_26","(CSM-63*2/SC645)-B-26",48626,"sgh1LWR9fUOmW","GMS_PGF2025_MIN_2516","(CSM-63*2/SC645)-B-26-1","55870","sgh1LSJHlfYbj",NA,NA,NA,NA,"NOT_HARVESTED_MN2025","Introgression_confirmed","ADVANCE BC1F4 IN PV2627","ADVANCE BC1F4 IN PV2627","BC1F4","55870","sgh1LSJHlfYbj"
"25ALM_BC1F3s1_2885","(CSM-63*2/SC645)-B-25","FXLW","25ALM_BC1F3s1_2515","GMS_MN2024_MIN_15079_25","(CSM-63*2/SC645)-B-25",48625,"sgh1Lk3P8nWoJ","GMS_PGF2025_MIN_2515","(CSM-63*2/SC645)-B-25-1","55869","sgh1LlWkSKVCI",NA,NA,NA,NA,"NO_ISSUES_IDENTIFIED","Introgression_confirmed","ADVANCE BC1F4 IN PGF","ADVANCE BC1F4 IN PGF","BC1F4","55869","sgh1LlWkSKVCI"
"25ALM_BC1F3s1_1730","(CSM-63*2/SC645)-B-24","FUYR","25ALM_BC1F3s1_2514","GMS_MN2024_MIN_15079_24","(CSM-63*2/SC645)-B-24",48624,"sgh1LocYfKVj0","GMS_PGF2025_MIN_2514","(CSM-63*2/SC645)-B-24-1","55868","sgh1Lm3UZE2KX","GMS_MN2025_221094","(CSM-63*2/SC645)-B-24-1-1","65627","sgh1LW6H1YgLS","NO_ISSUES_IDENTIFIED","Introgression_confirmed","ADVANCE BC1F5 IN PV2627","ADVANCE BC1F5 IN PV2627","BC1F5","65627","sgh1LW6H1YgLS"
"25ALM_BC1F3s1_2552","(CSM-63*2/SC645)-B-22","FOBI","25ALM_BC1F3s1_2512","GMS_MN2024_MIN_15079_22","(CSM-63*2/SC645)-B-22",48622,"sgh1LkiLVQ9Xi","GMS_PGF2025_MIN_2512","(CSM-63*2/SC645)-B-22-1","55867","sgh1LisOjDcuj","GMS_MN2025_103013","(CSM-63*2/SC645)-B-22-1-1","67494","sgh1LnIZYFETx","NO_ISSUES_IDENTIFIED","Introgression_confirmed","ADVANCE BC1F5 IN PV2627","ADVANCE BC1F5 IN PV2627","BC1F5","67494","sgh1LnIZYFETx"
"25ALM_BC1F3s1_2175","(CSM-63*2/SC645)-B-21","FKSD","25ALM_BC1F3s1_2511","GMS_MN2024_MIN_15079_21","(CSM-63*2/SC645)-B-21",48621,"sgh1LMQgpZXEQ","GMS_PGF2025_MIN_2511","(CSM-63*2/SC645)-B-21-1","55866","sgh1LYNkP6KUU","GMS_MN2025_135038","(CSM-63*2/SC645)-B-21-1-1","67803","sgh1LjGhGpDFl","NO_ISSUES_IDENTIFIED","Introgression_confirmed","ADVANCE BC1F5 IN PV2627","ADVANCE BC1F5 IN PV2627","BC1F5","67803","sgh1LjGhGpDFl"
"25ALM_BC1F3s1_1814","(CSM-63*2/SC645)-B-20","FNEN","25ALM_BC1F3s1_2510","GMS_MN2024_MIN_15079_20","(CSM-63*2/SC645)-B-20",48620,"sgh1LCFh7xJHb","GMS_PGF2025_MIN_2510","(CSM-63*2/SC645)-B-20-1","55865","sgh1LDrLF4AHH","GMS_MN2025_107032","(CSM-63*2/SC645)-B-20-1-1","67042","sgh1LQMSpu5yA","NO_ISSUES_IDENTIFIED","Introgression_confirmed","ADVANCE BC1F5 IN PV2627","ADVANCE BC1F5 IN PV2627","BC1F5","67042","sgh1LQMSpu5yA"
"25ALM_BC1F3s1_2780","(CSM-63*2/SC645)-B-2","FYTK","25ALM_BC1F3s1_2492","GMS_MN2024_MIN_15079_02","(CSM-63*2/SC645)-B-2",48602,"sgh1Lt0MK9xtI","GMS_PGF2025_MIN_2492","(CSM-63*2/SC645)-B-2-1","55847","sgh1LOx7lxR8d",NA,NA,NA,NA,"NO_ISSUES_IDENTIFIED","Introgression_confirmed","ADVANCE BC1F4 IN PGF","ADVANCE BC1F4 IN PGF","BC1F4","55847","sgh1LOx7lxR8d"
"25ALM_BC1F3s1_0367","(CSM-63*2/SC645)-B-19","FGTP","25ALM_BC1F3s1_2509","GMS_MN2024_MIN_15079_19","(CSM-63*2/SC645)-B-19",48619,"sgh1LIgmrYS1I","GMS_PGF2025_MIN_2509","(CSM-63*2/SC645)-B-19-1","55864","sgh1Ld4OWP5Ba","GMS_MN2025_133013","(CSM-63*2/SC645)-B-19-1-1","67727","sgh1LFTJgt6uT","NO_ISSUES_IDENTIFIED","Introgression_confirmed","ADVANCE BC1F5 IN PV2627","ADVANCE BC1F5 IN PV2627","BC1F5","67727","sgh1LFTJgt6uT"
"25ALM_BC1F3s1_0604","(CSM-63*2/SC645)-B-18","FDKR","25ALM_BC1F3s1_2490","GMS_MN2024_MIN_15078_18","(CSM-63*2/SC645)-B-18",48618,"sgh1LGvltaiPk","GMS_PGF2025_MIN_2490","(CSM-63*2/SC645)-B-18-1","55861","sgh1LsrdmtxHp",NA,NA,NA,NA,"NOT_HARVESTED_MN2025","Introgression_confirmed","ADVANCE BC1F4 IN PGF","ADVANCE BC1F4 IN PGF","BC1F4","55861","sgh1LsrdmtxHp"
"25ALM_BC1F3s1_2306","(CSM-63*2/SC645)-B-18","FSNQ","25ALM_BC1F3s1_2508","GMS_MN2024_MIN_15079_18","(CSM-63*2/SC645)-B-18",48618,"sgh1LCTIbk8cu","GMS_PGF2025_MIN_2508","(CSM-63*2/SC645)-B-18-1","55861","sgh1L2qnhyACD","GMS_MN2025_120027","(CSM-63*2/SC645)-B-18-1-1","67393","sgh1Lnyl4WxAv","NO_ISSUES_IDENTIFIED","Introgression_confirmed","ADVANCE BC1F5 IN PV2627","ADVANCE BC1F5 IN PV2627","BC1F5","67393","sgh1Lnyl4WxAv"
"25ALM_BC1F3s1_1705","(CSM-63*2/SC645)-B-17","FMBH","25ALM_BC1F3s1_2489","GMS_MN2024_MIN_15078_17","(CSM-63*2/SC645)-B-17",48617,"sgh1LJbCkCQHs","GMS_PGF2025_MIN_2489","(CSM-63*2/SC645)-B-17-1","55860","sgh1LumzykOv0","GMS_MN2025_216085","(CSM-63*2/SC645)-B-17-1-1","65516","sgh1LlD21U0XZ","NO_ISSUES_IDENTIFIED","Introgression_confirmed","ADVANCE BC1F5 IN PV2627","ADVANCE BC1F5 IN PV2627","BC1F5","65516","sgh1LlD21U0XZ"
"25ALM_BC1F3s1_2670","(CSM-63*2/SC645)-B-16","FYAB","25ALM_BC1F3s1_2488","GMS_MN2024_MIN_15078_16","(CSM-63*2/SC645)-B-16",48616,"sgh1LgnTettoF","GMS_PGF2025_MIN_2488","(CSM-63*2/SC645)-B-16-1","55859","sgh1LiSE3z2ss",NA,NA,NA,NA,"NOT_HARVESTED_MN2025","Introgression_confirmed","ADVANCE BC1F4 IN PV2627","ADVANCE BC1F4 IN PV2627","BC1F4","55859","sgh1LiSE3z2ss"
"25ALM_BC1F3s1_0016","(CSM-63*2/SC645)-B-15","FYLE","25ALM_BC1F3s1_2487","GMS_MN2024_MIN_15078_15","(CSM-63*2/SC645)-B-15",48615,"sgh1Lu7OcCnSE","GMS_PGF2025_MIN_2487","(CSM-63*2/SC645)-B-15-1","55858","sgh1Law7RajcY","GMS_MN2025_226083","(CSM-63*2/SC645)-B-15-1-1","65724","sgh1LOVAAFDx5","NO_ISSUES_IDENTIFIED","Introgression_confirmed","ADVANCE BC1F5 IN PV2627","ADVANCE BC1F5 IN PV2627","BC1F5","65724","sgh1LOVAAFDx5"
"25ALM_BC1F3s1_1861","(CSM-63*2/SC645)-B-14","FHZE","25ALM_BC1F3s1_2486","GMS_MN2024_MIN_15078_14","(CSM-63*2/SC645)-B-14",48614,"sgh1Lj9VTGlZI","GMS_PGF2025_MIN_2486","(CSM-63*2/SC645)-B-14-1","55857","sgh1L6sdKVebb","GMS_MN2025_129018","(CSM-63*2/SC645)-B-14-1-1","67624","sgh1LfC7nDTxO","NO_ISSUES_IDENTIFIED","Introgression_confirmed","ADVANCE BC1F5 IN PV2627","ADVANCE BC1F5 IN PV2627","BC1F5","67624","sgh1LfC7nDTxO"
"25ALM_BC1F3s1_2423","(CSM-63*2/SC645)-B-13","FKRN","25ALM_BC1F3s1_2485","GMS_MN2024_MIN_15078_13","(CSM-63*2/SC645)-B-13",48613,"sgh1L1JHr7vrH","GMS_PGF2025_MIN_2485","(CSM-63*2/SC645)-B-13-1","55856","sgh1LT6gG7CNg",NA,NA,NA,NA,"NO_ISSUES_IDENTIFIED","Introgression_confirmed","ADVANCE BC1F4 IN PGF","ADVANCE BC1F4 IN PGF","BC1F4","55856","sgh1LT6gG7CNg"
"25ALM_BC1F3s1_1627","(CSM-63*2/SC645)-B-12","FLBJ","25ALM_BC1F3s1_2502","GMS_MN2024_MIN_15079_12","(CSM-63*2/SC645)-B-12",48612,"sgh1LnZe0SRVL","GMS_PGF2025_MIN_2502","(CSM-63*2/SC645)-B-12-1","55863","sgh1LGCgAiglx","GMS_MN2025_211101","(CSM-63*2/SC645)-B-12-1-1","65397","sgh1LkwKHGDmX","NO_ISSUES_IDENTIFIED","Introgression_confirmed","ADVANCE BC1F5 IN PV2627","ADVANCE BC1F5 IN PV2627","BC1F5","65397","sgh1LkwKHGDmX"
"25ALM_BC1F3s1_0195","(CSM-63*2/SC645)-B-11","FVNK","25ALM_BC1F3s1_2501","GMS_MN2024_MIN_15079_11","(CSM-63*2/SC645)-B-11",48611,"sgh1LcYt7uPpE","GMS_PGF2025_MIN_2501","(CSM-63*2/SC645)-B-11-1","55855","sgh1L0Ycc526A","GMS_MN2025_212092","(CSM-63*2/SC645)-B-11-1-1","65428","sgh1LUCzbzrIv","NO_ISSUES_IDENTIFIED","Introgression_confirmed","ADVANCE BC1F5 IN PV2627","ADVANCE BC1F5 IN PV2627","BC1F5","65428","sgh1LUCzbzrIv"
"25ALM_BC1F3s1_0998","(CSM-63*2/SC645)-B-11","FXKV","25ALM_BC1F3s1_2483","GMS_MN2024_MIN_15078_11","(CSM-63*2/SC645)-B-11",48611,"sgh1LMsmHPabE","GMS_PGF2025_MIN_2483","(CSM-63*2/SC645)-B-11-1","55855","sgh1LEWot7o0V",NA,NA,NA,NA,"NOT_HARVESTED_MN2025","Introgression_confirmed","ADVANCE BC1F4 IN PGF","ADVANCE BC1F4 IN PGF","BC1F4","55855","sgh1LEWot7o0V"
"25ALM_BC1F3s1_1458","(CSM-63*2/SC645)-B-10","FNTO","25ALM_BC1F3s1_2500","GMS_MN2024_MIN_15079_10","(CSM-63*2/SC645)-B-10",48610,"sgh1LpvdXfnhA","GMS_PGF2025_MIN_2500","(CSM-63*2/SC645)-B-10-1","55854","sgh1LntO2Zuyk",NA,NA,NA,NA,"NOT_HARVESTED_MN2025","Introgression_confirmed","ADVANCE BC1F4 IN PV2627","ADVANCE BC1F4 IN PV2627","BC1F4","55854","sgh1LntO2Zuyk"
"25ALM_BC1F3s1_2240","(CSM-63*2/SC645)-B-10","FGCQ","25ALM_BC1F3s1_2482","GMS_MN2024_MIN_15078_10","(CSM-63*2/SC645)-B-10",48610,"sgh1LxeAGazWr","GMS_PGF2025_MIN_2482","(CSM-63*2/SC645)-B-10-1","55854","sgh1LlcswId1v","GMS_MN2025_222100","(CSM-63*2/SC645)-B-10-1-1","65661","sgh1LUB2MElMb","NO_ISSUES_IDENTIFIED","Introgression_confirmed","ADVANCE BC1F5 IN PV2627","ADVANCE BC1F5 IN PV2627","BC1F5","65661","sgh1LUB2MElMb"
"25ALM_BC1F3s1_0897","(CSM-63*2/SC645)-B-1","FKUU","25ALM_BC1F3s1_2473","GMS_MN2024_MIN_15078_01","(CSM-63*2/SC645)-B-1",48601,"sgh1Lew1LhC3b","GMS_PGF2025_MIN_2473","(CSM-63*2/SC645)-B-1-1","55846","sgh1La5GtWEx1","GMS_MN2025_122015","(CSM-63*2/SC645)-B-1-1-1","67439","sgh1L8hxKieO4","NO_ISSUES_IDENTIFIED","Introgression_confirmed","ADVANCE BC1F5 IN PV2627","ADVANCE BC1F5 IN PV2627","BC1F5","67439","sgh1L8hxKieO4"
"25ALM_BC1F3s1_2814","(CSM-63*2/SC645)-B-1","FPGO","25ALM_BC1F3s1_2491","GMS_MN2024_MIN_15079_01","(CSM-63*2/SC645)-B-1",48601,"sgh1LalUpssat","GMS_PGF2025_MIN_2491","(CSM-63*2/SC645)-B-1-1","55846","sgh1LwUNai9eG","GMS_MN2025_126037","(CSM-63*2/SC645)-B-1-1-1","67439","sgh1LxucSX0j6","NO_ISSUES_IDENTIFIED","Introgression_confirmed","ADVANCE BC1F5 IN PV2627","ADVANCE BC1F5 IN PV2627","BC1F5","67439","sgh1LxucSX0j6"
"25ALM_BC1F3s1_1916","(CSM-63*2/SC572)-B-1","FSYK","25ALM_BC1F3s1_0856","GMS_PV2324_MIN_16034_01","(CSM-63*2/SC572)-B-1",43875,"sgh1LpXcNXsDT","GMS_PGF2025_MIN_0856","(CSM-63*2/SC572)-B-1-1","54887","sgh1LrbBFo3aU","GMS_MN2025_229081","(CSM-63*2/SC572)-B-1-1-1","65789","sgh1LWq6CJ6BS","NO_ISSUES_IDENTIFIED","Introgression_confirmed","ADVANCE BC1F5 IN PV2627","ADVANCE BC1F5 IN PV2627","BC1F5","65789","sgh1LWq6CJ6BS"
"25ALM_BC1F3s1_1276","(CSM-63*2/SC166)-B-9","FVUM","25ALM_BC1F3s1_0855","GMS_PV2324_MIN_16033_09","(CSM-63*2/SC166)-B-9",43868,"sgh1LJg6HSm4C","GMS_PGF2025_MIN_0855","(CSM-63*2/SC166)-B-9-1","54886","sgh1Lk5qyrcRC",NA,NA,NA,NA,"NO_ISSUES_IDENTIFIED","Introgression_confirmed","ADVANCE BC1F4 IN PGF","ADVANCE BC1F4 IN PGF","BC1F4","54886","sgh1Lk5qyrcRC"
"25ALM_BC1F3s1_1499","(CSM-63*2/SC166)-B-8","FIDT","25ALM_BC1F3s1_0854","GMS_PV2324_MIN_16033_08","(CSM-63*2/SC166)-B-8",43867,"sgh1LJeqoBezs","GMS_PGF2025_MIN_0854","(CSM-63*2/SC166)-B-8-1","54885","sgh1LCzanP4eJ","GMS_MN2025_230097","(CSM-63*2/SC166)-B-8-1-1","65807","sgh1Lf3a8L1KQ","NO_ISSUES_IDENTIFIED","Introgression_confirmed","ADVANCE BC1F5 IN PV2627","ADVANCE BC1F5 IN PV2627","BC1F5","65807","sgh1Lf3a8L1KQ"
"25ALM_BC1F3s1_0483","(CSM-63*2/SC166)-B-6","FDLT","25ALM_BC1F3s1_0852","GMS_PV2324_MIN_16033_06","(CSM-63*2/SC166)-B-6",43865,"sgh1LEmWoaJiY","GMS_PGF2025_MIN_0852","(CSM-63*2/SC166)-B-6-1","54883","sgh1L94yi96RJ",NA,NA,NA,NA,"NOT_HARVESTED_MN2025","Introgression_confirmed","ADVANCE BC1F4 IN PGF","ADVANCE BC1F4 IN PGF","BC1F4","54883","sgh1L94yi96RJ"
"25ALM_BC1F3s1_1613","(CSM-63*2/SC166)-B-5","FIEA","25ALM_BC1F3s1_0851","GMS_PV2324_MIN_16033_05","(CSM-63*2/SC166)-B-5",43864,"sgh1LdMcdU9C4","GMS_PGF2025_MIN_0851","(CSM-63*2/SC166)-B-5-1","54882","sgh1LhEB0Egkg","GMS_MN2025_229094","(CSM-63*2/SC166)-B-5-1-1","65778","sgh1Lt5DM03sb","NO_ISSUES_IDENTIFIED","Introgression_confirmed","ADVANCE BC1F5 IN PV2627","ADVANCE BC1F5 IN PV2627","BC1F5","65778","sgh1Lt5DM03sb"
"25ALM_BC1F3s1_1701","(CSM-63*2/SC166)-B-3","FWWW","25ALM_BC1F3s1_0849","GMS_PV2324_MIN_16033_03","(CSM-63*2/SC166)-B-3",43862,"sgh1LjvjrXrtB","GMS_PGF2025_MIN_0849","(CSM-63*2/SC166)-B-3-1","54880","sgh1LzFzZ3uaQ","GMS_MN2025_112029","(CSM-63*2/SC166)-B-3-1-1","67175","sgh1Lomie2iey","NO_ISSUES_IDENTIFIED","Introgression_confirmed","ADVANCE BC1F5 IN PV2627","ADVANCE BC1F5 IN PV2627","BC1F5","67175","sgh1Lomie2iey"
"25ALM_BC1F3s1_0376","(CSM-63*2/SC166)-B-2","FYCX","25ALM_BC1F3s1_0848","GMS_PV2324_MIN_16033_02","(CSM-63*2/SC166)-B-2",43861,"sgh1LeD4Nr50N","GMS_PGF2025_MIN_0848","(CSM-63*2/SC166)-B-2-1","54879","sgh1LhA9CpoDx","GMS_MN2025_103040","(CSM-63*2/SC166)-B-2-1-1","67211","sgh1Li97IbDDT","NO_ISSUES_IDENTIFIED","Introgression_confirmed","ADVANCE BC1F5 IN PV2627","ADVANCE BC1F5 IN PV2627","BC1F5","67211","sgh1Li97IbDDT"
"25ALM_BC1F3s1_1426","(CSM-63*2/SC166)-B-1","FXHA","25ALM_BC1F3s1_0847","GMS_PV2324_MIN_16033_01","(CSM-63*2/SC166)-B-1",43860,"sgh1LYgmDYdzU","GMS_PGF2025_MIN_0847","(CSM-63*2/SC166)-B-1-1","54878","sgh1L8TJzPbib",NA,NA,NA,NA,"NO_ISSUES_IDENTIFIED","Introgression_confirmed","ADVANCE BC1F4 IN PGF","ADVANCE BC1F4 IN PGF","BC1F4","54878","sgh1L8TJzPbib"
"25ALM_BC1F3s1_2304","(CSM-63*2/ICSV1089BF)-B-9","FSLU","25ALM_BC1F3s1_0947","GMS_PV2324_MIN_17006_09","(CSM-63*2/ICSV1089BF)-B-9",44003,"sgh1LCnU28vqS","GMS_PGF2025_MIN_0947","(CSM-63*2/ICSV1089BF)-B-9-1","54973","sgh1LCJQFblfA","GMS_MN2025_123080","(CSM-63*2/ICSV1089BF)-B-9-1-1","65681","sgh1Lk2aOj279","NO_ISSUES_IDENTIFIED","Introgression_confirmed","ADVANCE BC1F5 IN PV2627","ADVANCE BC1F5 IN PV2627","BC1F5","65681","sgh1Lk2aOj279"
"25ALM_BC1F3s1_0305","(CSM-63*2/ICSV1089BF)-B-8","FCGP","25ALM_BC1F3s1_0961","GMS_PV2324_MIN_17007_08","(CSM-63*2/ICSV1089BF)-B-8",44017,"sgh1L3N1nwrUL","GMS_PGF2025_MIN_0961","(CSM-63*2/ICSV1089BF)-B-8-1","54972","sgh1L9Bo7IAMC","GMS_MN2025_135032","(CSM-63*2/ICSV1089BF)-B-8-1-1","65727","sgh1LGDqA5sYv","NO_ISSUES_IDENTIFIED","Introgression_confirmed","ADVANCE BC1F5 IN PV2627","ADVANCE BC1F5 IN PV2627","BC1F5","65727","sgh1LGDqA5sYv"
"25ALM_BC1F3s1_2699","(CSM-63*2/ICSV1089BF)-B-8","FYHL","25ALM_BC1F3s1_0946","GMS_PV2324_MIN_17006_08","(CSM-63*2/ICSV1089BF)-B-8",44002,"sgh1Lvx2zNVbz","GMS_PGF2025_MIN_0946","(CSM-63*2/ICSV1089BF)-B-8-1","54972","sgh1L3b2HLTr5","GMS_MN2025_226086","(CSM-63*2/ICSV1089BF)-B-8-1-1","65727","sgh1LhGjS6twA","NO_ISSUES_IDENTIFIED","Introgression_confirmed","ADVANCE BC1F5 IN PV2627","ADVANCE BC1F5 IN PV2627","BC1F5","65727","sgh1LhGjS6twA"
"25ALM_BC1F3s1_2594","(CSM-63*2/ICSV1089BF)-B-7","FVTM","25ALM_BC1F3s1_0945","GMS_PV2324_MIN_17006_07","(CSM-63*2/ICSV1089BF)-B-7",44001,"sgh1LV04EQ6yg","GMS_PGF2025_MIN_0945","(CSM-63*2/ICSV1089BF)-B-7-1","54971","sgh1Lm8a6fzM4","GMS_MN2025_126030","(CSM-63*2/ICSV1089BF)-B-7-1-1","67557","sgh1Lhzja87t5","NO_ISSUES_IDENTIFIED","Introgression_confirmed","ADVANCE BC1F5 IN PV2627","ADVANCE BC1F5 IN PV2627","BC1F5","67557","sgh1Lhzja87t5"
"25ALM_BC1F3s1_2601","(CSM-63*2/ICSV1089BF)-B-7","FJRW","25ALM_BC1F3s1_0960","GMS_PV2324_MIN_17007_07","(CSM-63*2/ICSV1089BF)-B-7",44016,"sgh1LtXqmjjfH","GMS_PGF2025_MIN_0960","(CSM-63*2/ICSV1089BF)-B-7-1","54971","sgh1LPYbmHIZt",NA,NA,NA,NA,"NO_ISSUES_IDENTIFIED","Introgression_confirmed","ADVANCE BC1F4 IN PGF","ADVANCE BC1F4 IN PGF","BC1F4","54971","sgh1LPYbmHIZt"
"25ALM_BC1F3s1_2265","(CSM-63*2/ICSV1089BF)-B-6","FBKW","25ALM_BC1F3s1_0944","GMS_PV2324_MIN_17006_06","(CSM-63*2/ICSV1089BF)-B-6",44000,"sgh1LVxF8RbAF","GMS_PGF2025_MIN_0944","(CSM-63*2/ICSV1089BF)-B-6-1","54970","sgh1LKGKQ19UH",NA,NA,NA,NA,"NOT_HARVESTED_MN2025","Introgression_confirmed","ADVANCE BC1F4 IN PV2627","ADVANCE BC1F4 IN PV2627","BC1F4","54970","sgh1LKGKQ19UH"
"25ALM_BC1F3s1_0554","(CSM-63*2/ICSV1089BF)-B-5","FGXD","25ALM_BC1F3s1_0943","GMS_PV2324_MIN_17006_05","(CSM-63*2/ICSV1089BF)-B-5",43999,"sgh1LK7VS3QPg","GMS_PGF2025_MIN_0943","(CSM-63*2/ICSV1089BF)-B-5-1","54969","sgh1LonNvy0fH","GMS_MN2025_112078","(CSM-63*2/ICSV1089BF)-B-5-1-1","65419","sgh1LSz7itxtN","NO_ISSUES_IDENTIFIED","Introgression_confirmed","ADVANCE BC1F5 IN PV2627","ADVANCE BC1F5 IN PV2627","BC1F5","65419","sgh1LSz7itxtN"
"25ALM_BC1F3s1_2314","(CSM-63*2/ICSV1089BF)-B-5","FKEP","25ALM_BC1F3s1_0958","GMS_PV2324_MIN_17007_05","(CSM-63*2/ICSV1089BF)-B-5",44014,"sgh1L3fGbCACV","GMS_PGF2025_MIN_0958","(CSM-63*2/ICSV1089BF)-B-5-1","54969","sgh1LwhRqSVtm","GMS_MN2025_103039","(CSM-63*2/ICSV1089BF)-B-5-1-1","65419","sgh1LGibHDZf1","NO_ISSUES_IDENTIFIED","Introgression_confirmed","ADVANCE BC1F5 IN PV2627","ADVANCE BC1F5 IN PV2627","BC1F5","65419","sgh1LGibHDZf1"
"25ALM_BC1F3s1_0382","(CSM-63*2/ICSV1089BF)-B-4","FEJF","25ALM_BC1F3s1_0942","GMS_PV2324_MIN_17006_04","(CSM-63*2/ICSV1089BF)-B-4",43998,"sgh1LGlc6sneY","GMS_PGF2025_MIN_0942","(CSM-63*2/ICSV1089BF)-B-4-1","54968","sgh1LPONyRQvd",NA,NA,NA,NA,"NO_ISSUES_IDENTIFIED","Introgression_confirmed","ADVANCE BC1F4 IN PGF","ADVANCE BC1F4 IN PGF","BC1F4","54968","sgh1LPONyRQvd"
"25ALM_BC1F3s1_1392","(CSM-63*2/ICSV1089BF)-B-4","FZDI","25ALM_BC1F3s1_0957","GMS_PV2324_MIN_17007_04","(CSM-63*2/ICSV1089BF)-B-4",44013,"sgh1LtmN5W8W1","GMS_PGF2025_MIN_0957","(CSM-63*2/ICSV1089BF)-B-4-1","54968","sgh1LnLWjhy56","GMS_MN2025_216093","(CSM-63*2/ICSV1089BF)-B-4-1-1","65523","sgh1LAh44DMCz","NO_ISSUES_IDENTIFIED","Introgression_confirmed","ADVANCE BC1F5 IN PV2627","ADVANCE BC1F5 IN PV2627","BC1F5","65523","sgh1LAh44DMCz"
"25ALM_BC1F3s1_0763","(CSM-63*2/ICSV1089BF)-B-3","FQAM","25ALM_BC1F3s1_0941","GMS_PV2324_MIN_17006_03","(CSM-63*2/ICSV1089BF)-B-3",43997,"sgh1LdILRTSe1","GMS_PGF2025_MIN_0941","(CSM-63*2/ICSV1089BF)-B-3-1","54967","sgh1LySHTDD59","GMS_MN2025_128036","(CSM-63*2/ICSV1089BF)-B-3-1-1","67066","sgh1L3WtDO3Rj","NO_ISSUES_IDENTIFIED","Introgression_confirmed","ADVANCE BC1F5 IN PV2627","ADVANCE BC1F5 IN PV2627","BC1F5","67066","sgh1L3WtDO3Rj"
"25ALM_BC1F3s1_2256","(CSM-63*2/ICSV1089BF)-B-3","FCYO","25ALM_BC1F3s1_0956","GMS_PV2324_MIN_17007_03","(CSM-63*2/ICSV1089BF)-B-3",44012,"sgh1LeDnXUVkI","GMS_PGF2025_MIN_0956","(CSM-63*2/ICSV1089BF)-B-3-1","54967","sgh1L4uBpn78b","GMS_MN2025_108030","(CSM-63*2/ICSV1089BF)-B-3-1-1","67066","sgh1LYFPr677k","NO_ISSUES_IDENTIFIED","Introgression_confirmed","ADVANCE BC1F5 IN PV2627","ADVANCE BC1F5 IN PV2627","BC1F5","67066","sgh1LYFPr677k"
"25ALM_BC1F3s1_0459","(CSM-63*2/ICSV1089BF)-B-2","FWAU","25ALM_BC1F3s1_0940","GMS_PV2324_MIN_17006_02","(CSM-63*2/ICSV1089BF)-B-2",43996,"sgh1LG9wQ0Yvf","GMS_PGF2025_MIN_0940","(CSM-63*2/ICSV1089BF)-B-2-1","54966","sgh1L738oERca",NA,NA,NA,NA,"NOT_HARVESTED_MN2025","Introgression_confirmed","ADVANCE BC1F4 IN PGF","ADVANCE BC1F4 IN PGF","BC1F4","54966","sgh1L738oERca"
"25ALM_BC1F3s1_1856","(CSM-63*2/ICSV1089BF)-B-2","FYVX","25ALM_BC1F3s1_0955","GMS_PV2324_MIN_17007_02","(CSM-63*2/ICSV1089BF)-B-2",44011,"sgh1LI2ytcpGd","GMS_PGF2025_MIN_0955","(CSM-63*2/ICSV1089BF)-B-2-1","54966","sgh1LK2fFndnW",NA,NA,NA,NA,"NO_ISSUES_IDENTIFIED","Introgression_confirmed","ADVANCE BC1F4 IN PGF","ADVANCE BC1F4 IN PGF","BC1F4","54966","sgh1LK2fFndnW"
"25ALM_BC1F3s1_2405","(CSM-63*2/ICSV1089BF)-B-15","FKKS","25ALM_BC1F3s1_0953","GMS_PV2324_MIN_17006_15","(CSM-63*2/ICSV1089BF)-B-15",44009,"sgh1LRsZx4v86","GMS_PGF2025_MIN_0953","(CSM-63*2/ICSV1089BF)-B-15-1","54979","sgh1Lp7AefUXX",NA,NA,NA,NA,"NOT_HARVESTED_MN2025","Introgression_confirmed","ADVANCE BC1F4 IN PGF","ADVANCE BC1F4 IN PGF","BC1F4","54979","sgh1Lp7AefUXX"
"25ALM_BC1F3s1_1282","(CSM-63*2/ICSV1089BF)-B-14","FIJT","25ALM_BC1F3s1_0952","GMS_PV2324_MIN_17006_14","(CSM-63*2/ICSV1089BF)-B-14",44008,"sgh1LTMr6NMcv","GMS_PGF2025_MIN_0952","(CSM-63*2/ICSV1089BF)-B-14-1","54978","sgh1LdpC7voX2","GMS_MN2025_219082","(CSM-63*2/ICSV1089BF)-B-14-1-1","65511","sgh1LlrSPlVCb","NO_ISSUES_IDENTIFIED","Introgression_confirmed","ADVANCE BC1F5 IN PV2627","ADVANCE BC1F5 IN PV2627","BC1F5","65511","sgh1LlrSPlVCb"
"25ALM_BC1F3s1_2739","(CSM-63*2/ICSV1089BF)-B-14","FKYE","25ALM_BC1F3s1_0967","GMS_PV2324_MIN_17007_14","(CSM-63*2/ICSV1089BF)-B-14",44023,"sgh1Lx8fDDqza","GMS_PGF2025_MIN_0967","(CSM-63*2/ICSV1089BF)-B-14-1","54978","sgh1LLeFxTznp","GMS_MN2025_116080","(CSM-63*2/ICSV1089BF)-B-14-1-1","65511","sgh1LMBfUOtoI","NO_ISSUES_IDENTIFIED","Introgression_confirmed","ADVANCE BC1F5 IN PV2627","ADVANCE BC1F5 IN PV2627","BC1F5","65511","sgh1LMBfUOtoI"
"25ALM_BC1F3s1_2744","(CSM-63*2/ICSV1089BF)-B-13","FZML","25ALM_BC1F3s1_0951","GMS_PV2324_MIN_17006_13","(CSM-63*2/ICSV1089BF)-B-13",44007,"sgh1Lh7NYUqsr","GMS_PGF2025_MIN_0951","(CSM-63*2/ICSV1089BF)-B-13-1","54977","sgh1LwKLDXWj3","GMS_MN2025_220102","(CSM-63*2/ICSV1089BF)-B-13-1-1","65618","sgh1L2Iaop1G9","NO_ISSUES_IDENTIFIED","Introgression_confirmed","ADVANCE BC1F5 IN PV2627","ADVANCE BC1F5 IN PV2627","BC1F5","65618","sgh1L2Iaop1G9"
"25ALM_BC1F3s1_2907","(CSM-63*2/ICSV1089BF)-B-13","FIDS","25ALM_BC1F3s1_0966","GMS_PV2324_MIN_17007_13","(CSM-63*2/ICSV1089BF)-B-13",44022,"sgh1L8YWm8LJm","GMS_PGF2025_MIN_0966","(CSM-63*2/ICSV1089BF)-B-13-1","54977","sgh1LvsxBOl7j",NA,NA,NA,NA,"NO_ISSUES_IDENTIFIED","Introgression_confirmed","ADVANCE BC1F4 IN PGF","ADVANCE BC1F4 IN PGF","BC1F4","54977","sgh1LvsxBOl7j"
"25ALM_BC1F3s1_1250","(CSM-63*2/ICSV1089BF)-B-12","FTBM","25ALM_BC1F3s1_0950","GMS_PV2324_MIN_17006_12","(CSM-63*2/ICSV1089BF)-B-12",44006,"sgh1L2LwrnXDQ","GMS_PGF2025_MIN_0950","(CSM-63*2/ICSV1089BF)-B-12-1","54976","sgh1LHb8aBck4",NA,NA,NA,NA,"NOT_HARVESTED_MN2025","Introgression_confirmed","ADVANCE BC1F4 IN PGF","ADVANCE BC1F4 IN PGF","BC1F4","54976","sgh1LHb8aBck4"
"25ALM_BC1F3s1_2660","(CSM-63*2/ICSV1089BF)-B-12","FZTE","25ALM_BC1F3s1_0965","GMS_PV2324_MIN_17007_12","(CSM-63*2/ICSV1089BF)-B-12",44021,"sgh1L5xgAuOHl","GMS_PGF2025_MIN_0965","(CSM-63*2/ICSV1089BF)-B-12-1","54976","sgh1LU5o3Ijlv",NA,NA,NA,NA,"NO_ISSUES_IDENTIFIED","Introgression_confirmed","ADVANCE BC1F4 IN PGF","ADVANCE BC1F4 IN PGF","BC1F4","54976","sgh1LU5o3Ijlv"
"25ALM_BC1F3s1_2213","(CSM-63*2/ICSV1089BF)-B-11","FDWM","25ALM_BC1F3s1_0964","GMS_PV2324_MIN_17007_11","(CSM-63*2/ICSV1089BF)-B-11",44020,"sgh1LqDF6LY49","GMS_PGF2025_MIN_0964","(CSM-63*2/ICSV1089BF)-B-11-1","54975","sgh1LvxZTLpdV",NA,NA,NA,NA,"NO_ISSUES_IDENTIFIED","Introgression_confirmed","ADVANCE BC1F4 IN PGF","ADVANCE BC1F4 IN PGF","BC1F4","54975","sgh1LvxZTLpdV"
"25ALM_BC1F3s1_2538","(CSM-63*2/ICSV1089BF)-B-11","FMSE","25ALM_BC1F3s1_0949","GMS_PV2324_MIN_17006_11","(CSM-63*2/ICSV1089BF)-B-11",44005,"sgh1L3NV7OHll","GMS_PGF2025_MIN_0949","(CSM-63*2/ICSV1089BF)-B-11-1","54975","sgh1Lkrw9v85t",NA,NA,NA,NA,"NOT_HARVESTED_MN2025","Introgression_confirmed","ADVANCE BC1F4 IN PGF","ADVANCE BC1F4 IN PGF","BC1F4","54975","sgh1Lkrw9v85t"
"25ALM_BC1F3s1_0970","(CSM-63*2/ICSV1089BF)-B-10","FEAD","25ALM_BC1F3s1_0948","GMS_PV2324_MIN_17006_10","(CSM-63*2/ICSV1089BF)-B-10",44004,"sgh1LGAQEUXgf","GMS_PGF2025_MIN_0948","(CSM-63*2/ICSV1089BF)-B-10-1","54974","sgh1LO8X2kcT2",NA,NA,NA,NA,"NOT_HARVESTED_MN2025","Introgression_confirmed","ADVANCE BC1F4 IN PGF","ADVANCE BC1F4 IN PGF","BC1F4","54974","sgh1LO8X2kcT2"
"25ALM_BC1F3s1_2199","(CSM-63*2/ICSV1089BF)-B-10","FJSH","25ALM_BC1F3s1_0963","GMS_PV2324_MIN_17007_10","(CSM-63*2/ICSV1089BF)-B-10",44019,"sgh1LsP88Yo48","GMS_PGF2025_MIN_0963","(CSM-63*2/ICSV1089BF)-B-10-1","54974","sgh1Lp1OVs6ip","GMS_MN2025_124036","(CSM-63*2/ICSV1089BF)-B-10-1-1","67513","sgh1LShr7Zq19","NO_ISSUES_IDENTIFIED","Introgression_confirmed","ADVANCE BC1F5 IN PV2627","ADVANCE BC1F5 IN PV2627","BC1F5","67513","sgh1LShr7Zq19"
"25ALM_BC1F3s1_0506","(CSM-63*2/ICSV1089BF)-B-1","FEOV","25ALM_BC1F3s1_0939","GMS_PV2324_MIN_17006_01","(CSM-63*2/ICSV1089BF)-B-1",43995,"sgh1LfbI9pQOY","GMS_PGF2025_MIN_0939","(CSM-63*2/ICSV1089BF)-B-1-1","54965","sgh1Lp4YcLinw",NA,NA,NA,NA,"NO_ISSUES_IDENTIFIED","Introgression_confirmed","ADVANCE BC1F4 IN PGF","ADVANCE BC1F4 IN PGF","BC1F4","54965","sgh1Lp4YcLinw"
"25ALM_BC1F3s1_1464","(CSM-63*2/ICSV1089BF)-B-1","FVLF","25ALM_BC1F3s1_0954","GMS_PV2324_MIN_17007_01","(CSM-63*2/ICSV1089BF)-B-1",44010,"sgh1LQyRKjwOn","GMS_PGF2025_MIN_0954","(CSM-63*2/ICSV1089BF)-B-1-1","54965","sgh1LC5LZ5AKX",NA,NA,NA,NA,"NO_ISSUES_IDENTIFIED","Introgression_confirmed","ADVANCE BC1F4 IN PGF","ADVANCE BC1F4 IN PGF","BC1F4","54965","sgh1LC5LZ5AKX"
"25ALM_BC1F3s1_2176","(Macia*2/IRAT204)-B-9","FGTK","25ALM_BC1F3s1_1750","GMS_MN2024_MIN_13076_09","(Macia*2/IRAT204)-B-9",48326,"sgh1LueciHdqt","GMS_PGF2025_MIN_1750","(Macia*2/IRAT204)-B-9-1","55571","sgh1LKq66611e","GMS_MN2025_125032","(Macia*2/IRAT204)-B-9-1-1","65471","sgh1L0dgY3aIT","NO_ISSUES_IDENTIFIED","Introgression_confirmed","ADVANCE BC1F5 IN PV2627","ADVANCE BC1F5 IN PV2627","BC1F5","65471","sgh1L0dgY3aIT"
"25ALM_BC1F3s1_2803","(Macia*2/IRAT204)-B-7","FRSH","25ALM_BC1F3s1_1770","GMS_MN2024_MIN_13077_07","(Macia*2/IRAT204)-B-7",48324,"sgh1LdW7M50Ij","GMS_PGF2025_MIN_1770","(Macia*2/IRAT204)-B-7-1","55570","sgh1LCwjkdTth","GMS_MN2025_122080","(Macia*2/IRAT204)-B-7-1-1","65646","sgh1LSD6zuzPz","NO_ISSUES_IDENTIFIED","Introgression_confirmed","ADVANCE BC1F5 IN PV2627","ADVANCE BC1F5 IN PV2627","BC1F5","65646","sgh1LSD6zuzPz"
"25ALM_BC1F3s1_0568","(Macia*2/IRAT204)-B-6","FRUR","25ALM_BC1F3s1_1747","GMS_MN2024_MIN_13076_06","(Macia*2/IRAT204)-B-6",48323,"sgh1LPb5qItqy","GMS_PGF2025_MIN_1747","(Macia*2/IRAT204)-B-6-1","55569","sgh1LJ9387Z7X","GMS_MN2025_135019","(Macia*2/IRAT204)-B-6-1-1","67720","sgh1Ly3OkKE88","NO_ISSUES_IDENTIFIED","Introgression_confirmed","ADVANCE BC1F5 IN PV2627","ADVANCE BC1F5 IN PV2627","BC1F5","67720","sgh1Ly3OkKE88"
"25ALM_BC1F3s1_1554","(Macia*2/IRAT204)-B-6","FPGG","25ALM_BC1F3s1_1769","GMS_MN2024_MIN_13077_06","(Macia*2/IRAT204)-B-6",48323,"sgh1Lxo7x66EB","GMS_PGF2025_MIN_1769","(Macia*2/IRAT204)-B-6-1","55569","sgh1Lgjr7sUN3","GMS_MN2025_132041","(Macia*2/IRAT204)-B-6-1-1","67720","sgh1LT7LbWkEA","NO_ISSUES_IDENTIFIED","Introgression_confirmed","ADVANCE BC1F5 IN PV2627","ADVANCE BC1F5 IN PV2627","BC1F5","67720","sgh1LT7LbWkEA"
"25ALM_BC1F3s1_2248","(Macia*2/IRAT204)-B-4","FNTC","25ALM_BC1F3s1_1767","GMS_MN2024_MIN_13077_04","(Macia*2/IRAT204)-B-4",48321,"sgh1LbSN5BqdY","GMS_PGF2025_MIN_1767","(Macia*2/IRAT204)-B-4-1","55567","sgh1LyypQJQ5i","GMS_MN2025_132027","(Macia*2/IRAT204)-B-4-1-1","67430","sgh1LcotpYEE1","NO_ISSUES_IDENTIFIED","Introgression_confirmed","ADVANCE BC1F5 IN PV2627","ADVANCE BC1F5 IN PV2627","BC1F5","67430","sgh1LcotpYEE1"
"25ALM_BC1F3s1_2671","(Macia*2/IRAT204)-B-4","FLMC","25ALM_BC1F3s1_1745","GMS_MN2024_MIN_13076_04","(Macia*2/IRAT204)-B-4",48321,"sgh1Lj0hKuODo","GMS_PGF2025_MIN_1745","(Macia*2/IRAT204)-B-4-1","55567","sgh1LZopRpqDg","GMS_MN2025_121039","(Macia*2/IRAT204)-B-4-1-1","67430","sgh1LPe78oqnS","NO_ISSUES_IDENTIFIED","Introgression_confirmed","ADVANCE BC1F5 IN PV2627","ADVANCE BC1F5 IN PV2627","BC1F5","67430","sgh1LPe78oqnS"
"25ALM_BC1F3s1_0808","(Macia*2/IRAT204)-B-3","FOTI","25ALM_BC1F3s1_1766","GMS_MN2024_MIN_13077_03","(Macia*2/IRAT204)-B-3",48320,"sgh1Lf0jCXHoG","GMS_PGF2025_MIN_1766","(Macia*2/IRAT204)-B-3-1","55566","sgh1LGcFoZYd9","GMS_MN2025_129006","(Macia*2/IRAT204)-B-3-1-1","67615","sgh1Lcbc7bOSc","NO_ISSUES_IDENTIFIED","Introgression_confirmed","ADVANCE BC1F5 IN PV2627","ADVANCE BC1F5 IN PV2627","BC1F5","67615","sgh1Lcbc7bOSc"
"25ALM_BC1F3s1_1454","(Macia*2/IRAT204)-B-23","FZCT","25ALM_BC1F3s1_1764","GMS_MN2024_MIN_13076_23","(Macia*2/IRAT204)-B-23",48340,"sgh1LutCJRy3Z","GMS_PGF2025_MIN_1764","(Macia*2/IRAT204)-B-23-1","55584","sgh1LW0jq6w4j","GMS_MN2025_128024","(Macia*2/IRAT204)-B-23-1-1","67603","sgh1LJB2VxwU8","NO_ISSUES_IDENTIFIED","Introgression_confirmed","ADVANCE BC1F5 IN PV2627","ADVANCE BC1F5 IN PV2627","BC1F5","67603","sgh1LJB2VxwU8"
"25ALM_BC1F3s1_0104","(Macia*2/IRAT204)-B-20","FXBD","25ALM_BC1F3s1_1761","GMS_MN2024_MIN_13076_20","(Macia*2/IRAT204)-B-20",48337,"sgh1Llo8j1ZWE","GMS_PGF2025_MIN_1761","(Macia*2/IRAT204)-B-20-1","55581","sgh1LWWTIEAxs","GMS_MN2025_224083","(Macia*2/IRAT204)-B-20-1-1","65690","sgh1LvT2iXOcS","NO_ISSUES_IDENTIFIED","Introgression_confirmed","ADVANCE BC1F5 IN PV2627","ADVANCE BC1F5 IN PV2627","BC1F5","65690","sgh1LvT2iXOcS"
"25ALM_BC1F3s1_0710","(Macia*2/IRAT204)-B-2","FJXR","25ALM_BC1F3s1_1743","GMS_MN2024_MIN_13076_02","(Macia*2/IRAT204)-B-2",48319,"sgh1LzGWoVEuz","GMS_PGF2025_MIN_1743","(Macia*2/IRAT204)-B-2-1","55565","sgh1LdjqfJ8rC","GMS_MN2025_209101","(Macia*2/IRAT204)-B-2-1-1","65351","sgh1LiD3XpZGO","NO_ISSUES_IDENTIFIED","Introgression_confirmed","ADVANCE BC1F5 IN PV2627","ADVANCE BC1F5 IN PV2627","BC1F5","65351","sgh1LiD3XpZGO"
"25ALM_BC1F3s1_2837","(Macia*2/IRAT204)-B-18","FHCF","25ALM_BC1F3s1_1759","GMS_MN2024_MIN_13076_18","(Macia*2/IRAT204)-B-18",48335,"sgh1Lu8MK5D2R","GMS_PGF2025_MIN_1759","(Macia*2/IRAT204)-B-18-1","55579","sgh1LerMkKUWZ",NA,NA,NA,NA,"NO_ISSUES_IDENTIFIED","Introgression_confirmed","ADVANCE BC1F4 IN PGF","ADVANCE BC1F4 IN PGF","BC1F4","55579","sgh1LerMkKUWZ"
"25ALM_BC1F3s1_0251","(Macia*2/IRAT204)-B-17","FFUF","25ALM_BC1F3s1_1780","GMS_MN2024_MIN_13077_17","(Macia*2/IRAT204)-B-17",48334,"sgh1Lb2IEp6am","GMS_PGF2025_MIN_1780","(Macia*2/IRAT204)-B-17-1","55578","sgh1LXLBNv2W6",NA,NA,NA,NA,"NO_ISSUES_IDENTIFIED","Introgression_confirmed","ADVANCE BC1F4 IN PGF","ADVANCE BC1F4 IN PGF","BC1F4","55578","sgh1LXLBNv2W6"
"25ALM_BC1F3s1_0800","(Macia*2/IRAT204)-B-14","FSBB","25ALM_BC1F3s1_1755","GMS_MN2024_MIN_13076_14","(Macia*2/IRAT204)-B-14",48331,"sgh1LTrZoyZTm","GMS_PGF2025_MIN_1755","(Macia*2/IRAT204)-B-14-1","55576","sgh1LUxda67Ho","GMS_MN2025_107014","(Macia*2/IRAT204)-B-14-1-1","67026","sgh1LbfRrahnZ","NO_ISSUES_IDENTIFIED","Introgression_confirmed","ADVANCE BC1F5 IN PV2627","ADVANCE BC1F5 IN PV2627","BC1F5","67026","sgh1LbfRrahnZ"
"25ALM_BC1F3s1_1764","(Macia*2/IRAT204)-B-14","FNTD","25ALM_BC1F3s1_1777","GMS_MN2024_MIN_13077_14","(Macia*2/IRAT204)-B-14",48331,"sgh1L4sM2dunJ","GMS_PGF2025_MIN_1777","(Macia*2/IRAT204)-B-14-1","55576","sgh1LNaMZ9Ars","GMS_MN2025_126012","(Macia*2/IRAT204)-B-14-1-1","67026","sgh1LGrzZ4qhq","NO_ISSUES_IDENTIFIED","Introgression_confirmed","ADVANCE BC1F5 IN PV2627","ADVANCE BC1F5 IN PV2627","BC1F5","67026","sgh1LGrzZ4qhq"
"25ALM_BC1F3s1_1298","(Macia*2/IRAT204)-B-13","FXGR","25ALM_BC1F3s1_1754","GMS_MN2024_MIN_13076_13","(Macia*2/IRAT204)-B-13",48330,"sgh1L9qm3GJKE","GMS_PGF2025_MIN_1754","(Macia*2/IRAT204)-B-13-1","55575","sgh1LQeCL5B17","GMS_MN2025_212083","(Macia*2/IRAT204)-B-13-1-1","65422","sgh1LFG2bwEM4","NO_ISSUES_IDENTIFIED","Introgression_confirmed","ADVANCE BC1F5 IN PV2627","ADVANCE BC1F5 IN PV2627","BC1F5","65422","sgh1LFG2bwEM4"
"25ALM_BC1F3s1_2505","(Macia*2/IRAT204)-B-12","FQDC","25ALM_BC1F3s1_1753","GMS_MN2024_MIN_13076_12","(Macia*2/IRAT204)-B-12",48329,"sgh1LQeILkosG","GMS_PGF2025_MIN_1753","(Macia*2/IRAT204)-B-12-1","55574","sgh1LEshpLiws",NA,NA,NA,NA,"NO_ISSUES_IDENTIFIED","Introgression_confirmed","ADVANCE BC1F4 IN PGF","ADVANCE BC1F4 IN PGF","BC1F4","55574","sgh1LEshpLiws"
"25ALM_BC1F3s1_2859","(Macia*2/IRAT204)-B-12","FTPF","25ALM_BC1F3s1_1775","GMS_MN2024_MIN_13077_12","(Macia*2/IRAT204)-B-12",48329,"sgh1L4lybcZyU","GMS_PGF2025_MIN_1775","(Macia*2/IRAT204)-B-12-1","55574","sgh1LgswVjoS7",NA,NA,NA,NA,"NO_ISSUES_IDENTIFIED","Introgression_confirmed","ADVANCE BC1F4 IN PGF","ADVANCE BC1F4 IN PGF","BC1F4","55574","sgh1LgswVjoS7"
"25ALM_BC1F3s1_1485","(Macia*2/IRAT204)-B-11","FZGB","25ALM_BC1F3s1_1752","GMS_MN2024_MIN_13076_11","(Macia*2/IRAT204)-B-11",48328,"sgh1LW8VUtrpz","GMS_PGF2025_MIN_1752","(Macia*2/IRAT204)-B-11-1","55573","sgh1LnR9QOwix",NA,NA,NA,NA,"NOT_HARVESTED_MN2025","Introgression_confirmed","ADVANCE BC1F4 IN PGF","ADVANCE BC1F4 IN PGF","BC1F4","55573","sgh1LnR9QOwix"
"25ALM_BC1F3s1_0748","(Macia*2/IRAT204)-B-10","FXON","25ALM_BC1F3s1_1751","GMS_MN2024_MIN_13076_10","(Macia*2/IRAT204)-B-10",48327,"sgh1L1brrpEmF","GMS_PGF2025_MIN_1751","(Macia*2/IRAT204)-B-10-1","55572","sgh1LD300Zjjw","GMS_MN2025_138006","(Macia*2/IRAT204)-B-10-1-1","67855","sgh1L0pJg5Ffj","NO_ISSUES_IDENTIFIED","Introgression_confirmed","ADVANCE BC1F5 IN PV2627","ADVANCE BC1F5 IN PV2627","BC1F5","67855","sgh1L0pJg5Ffj"
"25ALM_BC1F3s1_1884","(Macia*2/BTx642)-B-9","FQUU","25ALM_BC1F3s1_1800","GMS_MN2024_MIN_13079_09","(Macia*2/BTx642)-B-9",48349,"sgh1LqzyXa7k6","GMS_PGF2025_MIN_1800","(Macia*2/BTx642)-B-9-1","55593","sgh1LG0NGZ6BH","GMS_MN2025_109034","(Macia*2/BTx642)-B-9-1-1","67092","sgh1LaPUqJSkh","NO_ISSUES_IDENTIFIED","Introgression_confirmed","ADVANCE BC1F5 IN PV2627","ADVANCE BC1F5 IN PV2627","BC1F5","67092","sgh1LaPUqJSkh"
"25ALM_BC1F3s1_0213","(Macia*2/BTx642)-B-7","FSJB","25ALM_BC1F3s1_1798","GMS_MN2024_MIN_13079_07","(Macia*2/BTx642)-B-7",48347,"sgh1LhA3WTALg","GMS_PGF2025_MIN_1798","(Macia*2/BTx642)-B-7-1","55592","sgh1LHQllWcEx","GMS_MN2025_132015","(Macia*2/BTx642)-B-7-1-1","67703","sgh1L1lAA8IN3","NO_ISSUES_IDENTIFIED","Introgression_confirmed","ADVANCE BC1F5 IN PV2627","ADVANCE BC1F5 IN PV2627","BC1F5","67703","sgh1L1lAA8IN3"
"25ALM_BC1F3s1_2480","(Macia*2/BTx642)-B-6","FTBK","25ALM_BC1F3s1_1786","GMS_MN2024_MIN_13078_06","(Macia*2/BTx642)-B-6",48346,"sgh1LEbhpoCWs","GMS_PGF2025_MIN_1786","(Macia*2/BTx642)-B-6-1","55591","sgh1L7kQb3R7Y","GMS_MN2025_122023","(Macia*2/BTx642)-B-6-1-1","67447","sgh1Lb7ckYDgb","NO_ISSUES_IDENTIFIED","Introgression_confirmed","ADVANCE BC1F5 IN PV2627","ADVANCE BC1F5 IN PV2627","BC1F5","67447","sgh1Lb7ckYDgb"
"25ALM_BC1F3s1_0125","(Macia*2/BTx642)-B-5","FAFN","25ALM_BC1F3s1_1796","GMS_MN2024_MIN_13079_05","(Macia*2/BTx642)-B-5",48345,"sgh1LzGtPrS6u","GMS_PGF2025_MIN_1796","(Macia*2/BTx642)-B-5-1","55590","sgh1LLOKCc3z2","GMS_MN2025_107033","(Macia*2/BTx642)-B-5-1-1","67043","sgh1LSByLMo6j","NO_ISSUES_IDENTIFIED","Introgression_confirmed","ADVANCE BC1F5 IN PV2627","ADVANCE BC1F5 IN PV2627","BC1F5","67043","sgh1LSByLMo6j"
"25ALM_BC1F3s1_0636","(Macia*2/BTx642)-B-3","FCML","25ALM_BC1F3s1_1794","GMS_MN2024_MIN_13079_03","(Macia*2/BTx642)-B-3",48343,"sgh1LWDKQ7GyB","GMS_PGF2025_MIN_1794","(Macia*2/BTx642)-B-3-1","55588","sgh1LA0G6gHIR","GMS_MN2025_118014","(Macia*2/BTx642)-B-3-1-1","67328","sgh1LDrFiQRKo","NO_ISSUES_IDENTIFIED","Introgression_confirmed","ADVANCE BC1F5 IN PV2627","ADVANCE BC1F5 IN PV2627","BC1F5","67328","sgh1LDrFiQRKo"
"25ALM_BC1F3s1_2578","(Macia*2/BTx642)-B-3","FVKK","25ALM_BC1F3s1_1783","GMS_MN2024_MIN_13078_03","(Macia*2/BTx642)-B-3",48343,"sgh1LMklj5tBM","GMS_PGF2025_MIN_1783","(Macia*2/BTx642)-B-3-1","55588","sgh1Lp19jYhAN","GMS_MN2025_129030","(Macia*2/BTx642)-B-3-1-1","67328","sgh1LqsVPWY5j","NO_ISSUES_IDENTIFIED","Introgression_confirmed","ADVANCE BC1F5 IN PV2627","ADVANCE BC1F5 IN PV2627","BC1F5","67328","sgh1LqsVPWY5j"
"25ALM_BC1F3s1_1350","(Macia*2/BTx642)-B-2","FBDT","25ALM_BC1F3s1_1793","GMS_MN2024_MIN_13079_02","(Macia*2/BTx642)-B-2",48342,"sgh1LbULolWhc","GMS_PGF2025_MIN_1793","(Macia*2/BTx642)-B-2-1","55587","sgh1LjFpF3pKx","GMS_MN2025_127077","(Macia*2/BTx642)-B-2-1-1","65749","sgh1LAFUqZLjZ","NO_ISSUES_IDENTIFIED","Introgression_confirmed","ADVANCE BC1F5 IN PV2627","ADVANCE BC1F5 IN PV2627","BC1F5","65749","sgh1LAFUqZLjZ"
"25ALM_BC1F3s1_2605","(Macia*2/BTx642)-B-2","FGDV","25ALM_BC1F3s1_1782","GMS_MN2024_MIN_13078_02","(Macia*2/BTx642)-B-2",48342,"sgh1LHHGbWx5I","GMS_PGF2025_MIN_1782","(Macia*2/BTx642)-B-2-1","55587","sgh1LXGlWIdE7",NA,NA,NA,NA,"NO_ISSUES_IDENTIFIED","Introgression_confirmed","ADVANCE BC1F4 IN PGF","ADVANCE BC1F4 IN PGF","BC1F4","55587","sgh1LXGlWIdE7"
"25ALM_BC1F3s1_0973","(Macia*2/BTx642)-B-17","FAXB","25ALM_BC1F3s1_1808","GMS_MN2024_MIN_13079_17","(Macia*2/BTx642)-B-17",48357,"sgh1LRF8hoc1d","GMS_PGF2025_MIN_1808","(Macia*2/BTx642)-B-17-1","55601","sgh1LpzOfBZM9","GMS_MN2025_109036","(Macia*2/BTx642)-B-17-1-1","67093","sgh1LQdUBmrSw","NO_ISSUES_IDENTIFIED","Introgression_confirmed","ADVANCE BC1F5 IN PV2627","ADVANCE BC1F5 IN PV2627","BC1F5","67093","sgh1LQdUBmrSw"
"25ALM_BC1F3s1_2027","(Macia*2/BTx642)-B-12","FQBZ","25ALM_BC1F3s1_1803","GMS_MN2024_MIN_13079_12","(Macia*2/BTx642)-B-12",48352,"sgh1LgOdAacIr","GMS_PGF2025_MIN_1803","(Macia*2/BTx642)-B-12-1","55598","sgh1LIANMaxzO","GMS_MN2025_228085","(Macia*2/BTx642)-B-12-1-1","65756","sgh1L9ybdvTgE","NO_ISSUES_IDENTIFIED","Introgression_confirmed","ADVANCE BC1F5 IN PV2627","ADVANCE BC1F5 IN PV2627","BC1F5","65756","sgh1L9ybdvTgE"
"25ALM_BC1F3s1_0803","(Macia*2/BTx642)-B-11","FVHT","25ALM_BC1F3s1_1791","GMS_MN2024_MIN_13078_11","(Macia*2/BTx642)-B-11",48351,"sgh1Ls0kS3pX1","GMS_PGF2025_MIN_1791","(Macia*2/BTx642)-B-11-1","55595","sgh1LAArzJAos","GMS_MN2025_136029","(Macia*2/BTx642)-B-11-1-1","67614","sgh1LkLyPwWvs","NO_ISSUES_IDENTIFIED","Introgression_confirmed","ADVANCE BC1F5 IN PV2627","ADVANCE BC1F5 IN PV2627","BC1F5","67614","sgh1LkLyPwWvs"
"25ALM_BC1F3s1_2236","(Macia*2/BTx642)-B-11","FJIB","25ALM_BC1F3s1_1802","GMS_MN2024_MIN_13079_11","(Macia*2/BTx642)-B-11",48351,"sgh1LVV6kiXnL","GMS_PGF2025_MIN_1802","(Macia*2/BTx642)-B-11-1","55595","sgh1LYavFQNfy","GMS_MN2025_128042","(Macia*2/BTx642)-B-11-1-1","67614","sgh1LWJMfiUIL","NO_ISSUES_IDENTIFIED","Introgression_confirmed","ADVANCE BC1F5 IN PV2627","ADVANCE BC1F5 IN PV2627","BC1F5","67614","sgh1LWJMfiUIL"
"25ALM_BC1F3s1_1160","(Macia*2/SC603)-B-9","FBYI","25ALM_BC1F3s1_1733","GMS_MN2024_MIN_13075_09","(Macia*2/SC603)-B-9",48317,"sgh1Lh8dUCaB5","GMS_PGF2025_MIN_1733","(Macia*2/SC603)-B-9-1","55561","sgh1L6TGfGO0o","GMS_MN2025_105022","(Macia*2/SC603)-B-9-1-1","67659","sgh1LKOsL5D5l","NO_ISSUES_IDENTIFIED","Introgression_confirmed","ADVANCE BC1F5 IN PV2627","ADVANCE BC1F5 IN PV2627","BC1F5","67659","sgh1LKOsL5D5l"
"25ALM_BC1F3s1_1039","(Macia*2/SC603)-B-7","FLEZ","25ALM_BC1F3s1_1731","GMS_MN2024_MIN_13075_07","(Macia*2/SC603)-B-7",48305,"sgh1LYLYHqT2Y","GMS_PGF2025_MIN_1731","(Macia*2/SC603)-B-7-1","55560","sgh1LMF0wXlhK","GMS_MN2025_129011","(Macia*2/SC603)-B-7-1-1","67618","sgh1LIcd0b189","NO_ISSUES_IDENTIFIED","Introgression_confirmed","ADVANCE BC1F5 IN PV2627","ADVANCE BC1F5 IN PV2627","BC1F5","67618","sgh1LIcd0b189"
"25ALM_BC1F3s1_1590","(Macia*2/SC603)-B-6","FHOT","25ALM_BC1F3s1_1730","GMS_MN2024_MIN_13075_06","(Macia*2/SC603)-B-6",48304,"sgh1LU9IUSLCl","GMS_PGF2025_MIN_1730","(Macia*2/SC603)-B-6-1","55549","sgh1Ll0hWNydY","GMS_MN2025_125008","(Macia*2/SC603)-B-6-1-1","65688","sgh1LaGnOV6jt","NO_ISSUES_IDENTIFIED","Introgression_confirmed","ADVANCE BC1F5 IN PV2627","ADVANCE BC1F5 IN PV2627","BC1F5","65688","sgh1LaGnOV6jt"
"25ALM_BC1F3s1_1625","(Macia*2/SC603)-B-6","FLED","25ALM_BC1F3s1_1714","GMS_MN2024_MIN_13074_06","(Macia*2/SC603)-B-6",48304,"sgh1LyuTxAg8F","GMS_PGF2025_MIN_1714","(Macia*2/SC603)-B-6-1","55549","sgh1L9gwvrcwQ","GMS_MN2025_124080","(Macia*2/SC603)-B-6-1-1","65688","sgh1Lwu4fQ6dU","NO_ISSUES_IDENTIFIED","Introgression_confirmed","ADVANCE BC1F5 IN PV2627","ADVANCE BC1F5 IN PV2627","BC1F5","65688","sgh1Lwu4fQ6dU"
"25ALM_BC1F3s1_0077","(Macia*2/SC603)-B-20","FINO","25ALM_BC1F3s1_1725","GMS_MN2024_MIN_13074_20","(Macia*2/SC603)-B-20",48316,"sgh1LS9xzfTID","GMS_PGF2025_MIN_1725","(Macia*2/SC603)-B-20-1","55557","sgh1L1xNXpPJ5","GMS_MN2025_126034","(Macia*2/SC603)-B-20-1-1","67561","sgh1LDBA6DKL3","NO_ISSUES_IDENTIFIED","Introgression_confirmed","ADVANCE BC1F5 IN PV2627","ADVANCE BC1F5 IN PV2627","BC1F5","67561","sgh1LDBA6DKL3"
"25ALM_BC1F3s1_2102","(Macia*2/SC603)-B-2","FYSW","25ALM_BC1F3s1_1727","GMS_MN2024_MIN_13075_02","(Macia*2/SC603)-B-2",48300,"sgh1LBmEeKL0V","GMS_PGF2025_MIN_1727","(Macia*2/SC603)-B-2-1","55558","sgh1L2cw1e1Zn","GMS_MN2025_216099","(Macia*2/SC603)-B-2-1-1","65529","sgh1LmYsXUg1p","NO_ISSUES_IDENTIFIED","Introgression_confirmed","ADVANCE BC1F5 IN PV2627","ADVANCE BC1F5 IN PV2627","BC1F5","65529","sgh1LmYsXUg1p"
"25ALM_BC1F3s1_0770","(Macia*2/SC603)-B-14","FCOG","25ALM_BC1F3s1_1720","GMS_MN2024_MIN_13074_14","(Macia*2/SC603)-B-14",48311,"sgh1LnjqivD8C","GMS_PGF2025_MIN_1720","(Macia*2/SC603)-B-14-1","55553","sgh1LdlIXx9wz",NA,NA,NA,NA,"NOT_HARVESTED_MN2025","Introgression_confirmed","ADVANCE BC1F4 IN PGF","ADVANCE BC1F4 IN PGF","BC1F4","55553","sgh1LdlIXx9wz"
"25ALM_BC1F3s1_1194","(Macia*2/SC603)-B-13","FTEH","25ALM_BC1F3s1_1719","GMS_MN2024_MIN_13074_13","(Macia*2/SC603)-B-13",48310,"sgh1LgDooh1nC","GMS_PGF2025_MIN_1719","(Macia*2/SC603)-B-13-1","55552","sgh1LU8YE0Amm","GMS_MN2025_133041","(Macia*2/SC603)-B-13-1-1","67749","sgh1Lvu78n5RQ","NO_ISSUES_IDENTIFIED","Introgression_confirmed","ADVANCE BC1F5 IN PV2627","ADVANCE BC1F5 IN PV2627","BC1F5","67749","sgh1Lvu78n5RQ"
"25ALM_BC1F3s1_0086","(Macia*2/SC603)-B-11","FXBH","25ALM_BC1F3s1_1735","GMS_MN2024_MIN_13075_11","(Macia*2/SC603)-B-11",48308,"sgh1LiuDWVjML","GMS_PGF2025_MIN_1735","(Macia*2/SC603)-B-11-1","55551","sgh1LQPucUPtl",NA,NA,NA,NA,"NOT_HARVESTED_MN2025","Introgression_confirmed","ADVANCE BC1F4 IN PGF","ADVANCE BC1F4 IN PGF","BC1F4","55551","sgh1LQPucUPtl"
"25ALM_BC1F3s1_0780","(Macia*2/SC603)-B-10","FMSG","25ALM_BC1F3s1_1734","GMS_MN2024_MIN_13075_10","(Macia*2/SC603)-B-10",48307,"sgh1LKj7iCWDw","GMS_PGF2025_MIN_1734","(Macia*2/SC603)-B-10-1","55562","sgh1Ldjt9Fpod","GMS_MN2025_112023","(Macia*2/SC603)-B-10-1-1","67169","sgh1L3kg3u6v1","NO_ISSUES_IDENTIFIED","Introgression_confirmed","ADVANCE BC1F5 IN PV2627","ADVANCE BC1F5 IN PV2627","BC1F5","67169","sgh1L3kg3u6v1"
"25ALM_BC1F3s1_1853","(Macia*2/SC603)-B-1","FNYI","25ALM_BC1F3s1_1709","GMS_MN2024_MIN_13074_01","(Macia*2/SC603)-B-1",48299,"sgh1LKBeCJ3s9","GMS_PGF2025_MIN_1709","(Macia*2/SC603)-B-1-1","55546","sgh1Lk4nUOx50","GMS_MN2025_110027","(Macia*2/SC603)-B-1-1-1","67116","sgh1Lgiagax9A","NO_ISSUES_IDENTIFIED","Introgression_confirmed","ADVANCE BC1F5 IN PV2627","ADVANCE BC1F5 IN PV2627","BC1F5","67116","sgh1Lgiagax9A"
"25ALM_BC1F3s1_0455","(Macia*2/SC144)-B-9","FNVF","25ALM_BC1F3s1_1338","GMS_PV2324_MIN_15025_09","(Macia*2/SC144)-B-9",44483,"sgh1LUdxgsoeQ","GMS_PGF2025_MIN_1338","(Macia*2/SC144)-B-9-1","55335","sgh1LTAkqF2YG",NA,NA,NA,NA,"NO_ISSUES_IDENTIFIED","Introgression_confirmed","ADVANCE BC1F4 IN PGF","ADVANCE BC1F4 IN PGF","BC1F4","55335","sgh1LTAkqF2YG"
"25ALM_BC1F3s1_2477","(Macia*2/SC144)-B-8","FVPE","25ALM_BC1F3s1_1337","GMS_PV2324_MIN_15025_08","(Macia*2/SC144)-B-8",44482,"sgh1L7pxSYz0k","GMS_PGF2025_MIN_1337","(Macia*2/SC144)-B-8-1","55334","sgh1LUPS4yFvj","GMS_MN2025_133028","(Macia*2/SC144)-B-8-1-1","67740","sgh1LxVLUFuGs","NO_ISSUES_IDENTIFIED","Introgression_confirmed","ADVANCE BC1F5 IN PV2627","ADVANCE BC1F5 IN PV2627","BC1F5","67740","sgh1LxVLUFuGs"
"25ALM_BC1F3s1_1494","(Macia*2/SC144)-B-6","FALE","25ALM_BC1F3s1_1335","GMS_PV2324_MIN_15025_06","(Macia*2/SC144)-B-6",44480,"sgh1LrYTdjtIa","GMS_PGF2025_MIN_1335","(Macia*2/SC144)-B-6-1","55332","sgh1LIPgL6c0n",NA,NA,NA,NA,"NO_ISSUES_IDENTIFIED","Introgression_confirmed","ADVANCE BC1F4 IN PGF","ADVANCE BC1F4 IN PGF","BC1F4","55332","sgh1LIPgL6c0n"
"25ALM_BC1F3s1_2459","(Macia*2/SC144)-B-5","FSZY","25ALM_BC1F3s1_1334","GMS_PV2324_MIN_15025_05","(Macia*2/SC144)-B-5",44479,"sgh1LrO1zjaGO","GMS_PGF2025_MIN_1334","(Macia*2/SC144)-B-5-1","55331","sgh1LDZrmI339","GMS_MN2025_103038","(Macia*2/SC144)-B-5-1-1","67190","sgh1LOoIW5NTD","NO_ISSUES_IDENTIFIED","Introgression_confirmed","ADVANCE BC1F5 IN PV2627","ADVANCE BC1F5 IN PV2627","BC1F5","67190","sgh1LOoIW5NTD"
"25ALM_BC1F3s1_0757","(Macia*2/SC144)-B-4","FEEN","25ALM_BC1F3s1_1333","GMS_PV2324_MIN_15025_04","(Macia*2/SC144)-B-4",44478,"sgh1LtFNSJohC","GMS_PGF2025_MIN_1333","(Macia*2/SC144)-B-4-1","55330","sgh1Latk6QAKt",NA,NA,NA,NA,"NO_ISSUES_IDENTIFIED","Introgression_confirmed","ADVANCE BC1F4 IN PGF","ADVANCE BC1F4 IN PGF","BC1F4","55330","sgh1Latk6QAKt"
"25ALM_BC1F3s1_0769","(Macia*2/SC144)-B-2","FPZQ","25ALM_BC1F3s1_1331","GMS_PV2324_MIN_15025_02","(Macia*2/SC144)-B-2",44476,"sgh1L7k7i3V72","GMS_PGF2025_MIN_1331","(Macia*2/SC144)-B-2-1","55329","sgh1LQBVVyNM2",NA,NA,NA,NA,"NO_ISSUES_IDENTIFIED","Introgression_confirmed","ADVANCE BC1F4 IN PGF","ADVANCE BC1F4 IN PGF","BC1F4","55329","sgh1LQBVVyNM2"
"25ALM_BC1F3s1_0250","(Macia*2/SC144)-B-14","FFNY","25ALM_BC1F3s1_1343","GMS_PV2324_MIN_15025_14","(Macia*2/SC144)-B-14",44488,"sgh1L7saX5WyS","GMS_PGF2025_MIN_1343","(Macia*2/SC144)-B-14-1","55340","sgh1L8gEuTNX0","GMS_MN2025_131032","(Macia*2/SC144)-B-14-1-1","67689","sgh1L2qjHOu2o","NO_ISSUES_IDENTIFIED","Introgression_confirmed","ADVANCE BC1F5 IN PV2627","ADVANCE BC1F5 IN PV2627","BC1F5","67689","sgh1L2qjHOu2o"
"25ALM_BC1F3s1_0006","(Macia*2/SC144)-B-13","FGDR","25ALM_BC1F3s1_1342","GMS_PV2324_MIN_15025_13","(Macia*2/SC144)-B-13",44487,"sgh1LhWzlcBCv","GMS_PGF2025_MIN_1342","(Macia*2/SC144)-B-13-1","55339","sgh1L9m19uuvf",NA,NA,NA,NA,"NOT_HARVESTED_MN2025","Introgression_confirmed","ADVANCE BC1F4 IN PGF","ADVANCE BC1F4 IN PGF","BC1F4","55339","sgh1L9m19uuvf"
"25ALM_BC1F3s1_2233","(Macia*2/SC144)-B-11","FLSO","25ALM_BC1F3s1_1340","GMS_PV2324_MIN_15025_11","(Macia*2/SC144)-B-11",44485,"sgh1LPsy2r3Ji","GMS_PGF2025_MIN_1340","(Macia*2/SC144)-B-11-1","55337","sgh1L1Idq19Nc","GMS_MN2025_103024","(Macia*2/SC144)-B-11-1-1","67063","sgh1LA2AY89I9","NO_ISSUES_IDENTIFIED","Introgression_confirmed","ADVANCE BC1F5 IN PV2627","ADVANCE BC1F5 IN PV2627","BC1F5","67063","sgh1LA2AY89I9"
"25ALM_BC1F3s1_1337","(Macia*2/SC144)-B-10","FUKI","25ALM_BC1F3s1_1339","GMS_PV2324_MIN_15025_10","(Macia*2/SC144)-B-10",44484,"sgh1LhjpIJaOv","GMS_PGF2025_MIN_1339","(Macia*2/SC144)-B-10-1","55336","sgh1LJ7TPIipZ","GMS_MN2025_135023","(Macia*2/SC144)-B-10-1-1","67793","sgh1LbLwP9bOR","NO_ISSUES_IDENTIFIED","Introgression_confirmed","ADVANCE BC1F5 IN PV2627","ADVANCE BC1F5 IN PV2627","BC1F5","67793","sgh1LbLwP9bOR"
"25ALM_BC1F3s1_1216","(Macia*2/SC144)-B-1","FFSX","25ALM_BC1F3s1_1330","GMS_PV2324_MIN_15025_01","(Macia*2/SC144)-B-1",44475,"sgh1LMz8vk3mf","GMS_PGF2025_MIN_1330","(Macia*2/SC144)-B-1-1","55328","sgh1LJ0EgmvGt","GMS_MN2025_107026","(Macia*2/SC144)-B-1-1-1","67036","sgh1LHcF8TjT5","NO_ISSUES_IDENTIFIED","Introgression_confirmed","ADVANCE BC1F5 IN PV2627","ADVANCE BC1F5 IN PV2627","BC1F5","67036","sgh1LHcF8TjT5"
"25ALM_BC1F3s1_1221","(Macia*2/Dwarf Yellow Milo)-B-8","FNGX","25ALM_BC1F3s1_1894","GMS_MN2024_MIN_13084_08","(Macia*2/Dwarf Yellow Milo)-B-8",48410,"sgh1LAldaJwyi","GMS_PGF2025_MIN_1894","(Macia*2/Dwarf Yellow Milo)-B-8-1","55652","sgh1LH1xHgbaH","GMS_MN2025_119040","(Macia*2/Dwarf Yellow Milo)-B-8-1-1","67375","sgh1L35D2Py4u","NO_ISSUES_IDENTIFIED","Introgression_confirmed","ADVANCE BC1F5 IN PV2627","ADVANCE BC1F5 IN PV2627","BC1F5","67375","sgh1L35D2Py4u"
"25ALM_BC1F3s1_2515","(Macia*2/Dwarf Yellow Milo)-B-8","FSPK","25ALM_BC1F3s1_1911","GMS_MN2024_MIN_14066_08","(Macia*2/Dwarf Yellow Milo)-B-8",48410,"sgh1L0eMFAqP5","GMS_PGF2025_MIN_1911","(Macia*2/Dwarf Yellow Milo)-B-8-1","55652","sgh1LgCc2R6pR",NA,NA,NA,NA,"NO_ISSUES_IDENTIFIED","Introgression_confirmed","ADVANCE BC1F4 IN PGF","ADVANCE BC1F4 IN PGF","BC1F4","55652","sgh1LgCc2R6pR"
"25ALM_BC1F3s1_0484","(Macia*2/Dwarf Yellow Milo)-B-7","FFWA","25ALM_BC1F3s1_1893","GMS_MN2024_MIN_13084_07","(Macia*2/Dwarf Yellow Milo)-B-7",48409,"sgh1LVtfFNBMl","GMS_PGF2025_MIN_1893","(Macia*2/Dwarf Yellow Milo)-B-7-1","55651","sgh1LVmmZlgBs","GMS_MN2025_110014","(Macia*2/Dwarf Yellow Milo)-B-7-1-1","67070","sgh1L6SS7mCRb","NO_ISSUES_IDENTIFIED","Introgression_confirmed","ADVANCE BC1F5 IN PV2627","ADVANCE BC1F5 IN PV2627","BC1F5","67070","sgh1L6SS7mCRb"
"25ALM_BC1F3s1_1535","(Macia*2/Dwarf Yellow Milo)-B-7","FCXI","25ALM_BC1F3s1_1910","GMS_MN2024_MIN_14066_07","(Macia*2/Dwarf Yellow Milo)-B-7",48409,"sgh1LL98HUs1P","GMS_PGF2025_MIN_1910","(Macia*2/Dwarf Yellow Milo)-B-7-1","55651","sgh1LUc0st27s","GMS_MN2025_108036","(Macia*2/Dwarf Yellow Milo)-B-7-1-1","67070","sgh1LIOjRwxiY","NO_ISSUES_IDENTIFIED","Introgression_confirmed","ADVANCE BC1F5 IN PV2627","ADVANCE BC1F5 IN PV2627","BC1F5","67070","sgh1LIOjRwxiY"
"25ALM_BC1F3s1_0202","(Macia*2/Dwarf Yellow Milo)-B-6","FNPL","25ALM_BC1F3s1_1892","GMS_MN2024_MIN_13084_06","(Macia*2/Dwarf Yellow Milo)-B-6",48408,"sgh1Lgl7R4Aes","GMS_PGF2025_MIN_1892","(Macia*2/Dwarf Yellow Milo)-B-6-1","55650","sgh1LWHR0grtC","GMS_MN2025_110009","(Macia*2/Dwarf Yellow Milo)-B-6-1-1","67101","sgh1L6t8MOEjz","NO_ISSUES_IDENTIFIED","Introgression_confirmed","ADVANCE BC1F5 IN PV2627","ADVANCE BC1F5 IN PV2627","BC1F5","67101","sgh1L6t8MOEjz"
"25ALM_BC1F3s1_2166","(Macia*2/Dwarf Yellow Milo)-B-6","FUAT","25ALM_BC1F3s1_1909","GMS_MN2024_MIN_14066_06","(Macia*2/Dwarf Yellow Milo)-B-6",48408,"sgh1LjCjhqE0v","GMS_PGF2025_MIN_1909","(Macia*2/Dwarf Yellow Milo)-B-6-1","55650","sgh1LY1yuJimf","GMS_MN2025_120015","(Macia*2/Dwarf Yellow Milo)-B-6-1-1","67101","sgh1L0OTa2Ri7","NO_ISSUES_IDENTIFIED","Introgression_confirmed","ADVANCE BC1F5 IN PV2627","ADVANCE BC1F5 IN PV2627","BC1F5","67101","sgh1L0OTa2Ri7"
"25ALM_BC1F3s1_0667","(Macia*2/Dwarf Yellow Milo)-B-5","FAOP","25ALM_BC1F3s1_1891","GMS_MN2024_MIN_13084_05","(Macia*2/Dwarf Yellow Milo)-B-5",48407,"sgh1LcqbwpgaA","GMS_PGF2025_MIN_1891","(Macia*2/Dwarf Yellow Milo)-B-5-1","55649","sgh1LdkgWjK9Z","GMS_MN2025_138020","(Macia*2/Dwarf Yellow Milo)-B-5-1-1","67860","sgh1LXFsxDmZq","NO_ISSUES_IDENTIFIED","Introgression_confirmed","ADVANCE BC1F5 IN PV2627","ADVANCE BC1F5 IN PV2627","BC1F5","67860","sgh1LXFsxDmZq"
"25ALM_BC1F3s1_1340","(Macia*2/Dwarf Yellow Milo)-B-4","FYYM","25ALM_BC1F3s1_1907","GMS_MN2024_MIN_14066_04","(Macia*2/Dwarf Yellow Milo)-B-4",48406,"sgh1LZhK0fKr0","GMS_PGF2025_MIN_1907","(Macia*2/Dwarf Yellow Milo)-B-4-1","55648","sgh1LyOvyhptf","GMS_MN2025_121021","(Macia*2/Dwarf Yellow Milo)-B-4-1-1","67208","sgh1LTdRSiN8J","NO_ISSUES_IDENTIFIED","Introgression_confirmed","ADVANCE BC1F5 IN PV2627","ADVANCE BC1F5 IN PV2627","BC1F5","67208","sgh1LTdRSiN8J"
"25ALM_BC1F3s1_2457","(Macia*2/Dwarf Yellow Milo)-B-4","FBKB","25ALM_BC1F3s1_1890","GMS_MN2024_MIN_13084_04","(Macia*2/Dwarf Yellow Milo)-B-4",48406,"sgh1LvTJtHm6F","GMS_PGF2025_MIN_1890","(Macia*2/Dwarf Yellow Milo)-B-4-1","55648","sgh1LUu40zd96","GMS_MN2025_113032","(Macia*2/Dwarf Yellow Milo)-B-4-1-1","67208","sgh1L8QXZEDSv","NO_ISSUES_IDENTIFIED","Introgression_confirmed","ADVANCE BC1F5 IN PV2627","ADVANCE BC1F5 IN PV2627","BC1F5","67208","sgh1L8QXZEDSv"
"25ALM_BC1F3s1_1112","(Macia*2/Dwarf Yellow Milo)-B-3","FZST","25ALM_BC1F3s1_1889","GMS_MN2024_MIN_13084_03","(Macia*2/Dwarf Yellow Milo)-B-3",48405,"sgh1LFlPl4kgd","GMS_PGF2025_MIN_1889","(Macia*2/Dwarf Yellow Milo)-B-3-1","55647","sgh1LjdXgPmky","GMS_MN2025_121015","(Macia*2/Dwarf Yellow Milo)-B-3-1-1","67413","sgh1LHYWbeaaN","NO_ISSUES_IDENTIFIED","Introgression_confirmed","ADVANCE BC1F5 IN PV2627","ADVANCE BC1F5 IN PV2627","BC1F5","67413","sgh1LHYWbeaaN"
"25ALM_BC1F3s1_1867","(Macia*2/Dwarf Yellow Milo)-B-3","FZPF","25ALM_BC1F3s1_1906","GMS_MN2024_MIN_14066_03","(Macia*2/Dwarf Yellow Milo)-B-3",48405,"sgh1LGehpJlWf","GMS_PGF2025_MIN_1906","(Macia*2/Dwarf Yellow Milo)-B-3-1","55647","sgh1LBll3lVxu",NA,NA,NA,NA,"NOT_HARVESTED_MN2025","Introgression_confirmed","ADVANCE BC1F4 IN PV2627","ADVANCE BC1F4 IN PV2627","BC1F4","55647","sgh1LBll3lVxu"
"25ALM_BC1F3s1_1084","(Macia*2/Dwarf Yellow Milo)-B-26","FEJS","25ALM_BC1F3s1_1929","GMS_MN2024_MIN_14066_26","(Macia*2/Dwarf Yellow Milo)-B-26",48428,"sgh1LbZ5PalDQ","GMS_PGF2025_MIN_1929","(Macia*2/Dwarf Yellow Milo)-B-26-1","55670","sgh1LZ1QHcErG","GMS_MN2025_103018","(Macia*2/Dwarf Yellow Milo)-B-26-1-1","67010","sgh1LvefMuQq9","NO_ISSUES_IDENTIFIED","Introgression_confirmed","ADVANCE BC1F5 IN PV2627","ADVANCE BC1F5 IN PV2627","BC1F5","67010","sgh1LvefMuQq9"
"25ALM_BC1F3s1_2642","(Macia*2/Dwarf Yellow Milo)-B-25","FZSE","25ALM_BC1F3s1_1928","GMS_MN2024_MIN_14066_25","(Macia*2/Dwarf Yellow Milo)-B-25",48427,"sgh1LGvZZRquR","GMS_PGF2025_MIN_1928","(Macia*2/Dwarf Yellow Milo)-B-25-1","55669","sgh1L2buKmZfu",NA,NA,NA,NA,"NOT_HARVESTED_MN2025","Introgression_confirmed","ADVANCE BC1F4 IN PGF","ADVANCE BC1F4 IN PGF","BC1F4","55669","sgh1L2buKmZfu"
"25ALM_BC1F3s1_1089","(Macia*2/Dwarf Yellow Milo)-B-22","FEOH","25ALM_BC1F3s1_1925","GMS_MN2024_MIN_14066_22","(Macia*2/Dwarf Yellow Milo)-B-22",48424,"sgh1Legrfupb2","GMS_PGF2025_MIN_1925","(Macia*2/Dwarf Yellow Milo)-B-22-1","55666","sgh1LkBKIF8ER","GMS_MN2025_115039","(Macia*2/Dwarf Yellow Milo)-B-22-1-1","67272","sgh1LTj9uKOlw","NO_ISSUES_IDENTIFIED","Introgression_confirmed","ADVANCE BC1F5 IN PV2627","ADVANCE BC1F5 IN PV2627","BC1F5","67272","sgh1LTj9uKOlw"
"25ALM_BC1F3s1_0784","(Macia*2/Dwarf Yellow Milo)-B-21","FXWD","25ALM_BC1F3s1_1924","GMS_MN2024_MIN_14066_21","(Macia*2/Dwarf Yellow Milo)-B-21",48423,"sgh1LYblrrepL","GMS_PGF2025_MIN_1924","(Macia*2/Dwarf Yellow Milo)-B-21-1","55665","sgh1LgZeEiHt2","GMS_MN2025_113018","(Macia*2/Dwarf Yellow Milo)-B-21-1-1","67197","sgh1L3Fr66uIT","NO_ISSUES_IDENTIFIED","Introgression_confirmed","ADVANCE BC1F5 IN PV2627","ADVANCE BC1F5 IN PV2627","BC1F5","67197","sgh1L3Fr66uIT"
"25ALM_BC1F3s1_1920","(Macia*2/Dwarf Yellow Milo)-B-20","FSUB","25ALM_BC1F3s1_1923","GMS_MN2024_MIN_14066_20","(Macia*2/Dwarf Yellow Milo)-B-20",48422,"sgh1LtIYoueox","GMS_PGF2025_MIN_1923","(Macia*2/Dwarf Yellow Milo)-B-20-1","55664","sgh1LGVJn9am1","GMS_MN2025_107012","(Macia*2/Dwarf Yellow Milo)-B-20-1-1","67025","sgh1LQMsDOSAp","NO_ISSUES_IDENTIFIED","Introgression_confirmed","ADVANCE BC1F5 IN PV2627","ADVANCE BC1F5 IN PV2627","BC1F5","67025","sgh1LQMsDOSAp"
"25ALM_BC1F3s1_0355","(Macia*2/Dwarf Yellow Milo)-B-2","FOJF","25ALM_BC1F3s1_1905","GMS_MN2024_MIN_14066_02","(Macia*2/Dwarf Yellow Milo)-B-2",48404,"sgh1LQIOoggcs","GMS_PGF2025_MIN_1905","(Macia*2/Dwarf Yellow Milo)-B-2-1","55660","sgh1LObJQVFR5","GMS_MN2025_121016","(Macia*2/Dwarf Yellow Milo)-B-2-1-1","67414","sgh1LZ8tPmfAY","NO_ISSUES_IDENTIFIED","Introgression_confirmed","ADVANCE BC1F5 IN PV2627","ADVANCE BC1F5 IN PV2627","BC1F5","67414","sgh1LZ8tPmfAY"
"25ALM_BC1F3s1_0271","(Macia*2/Dwarf Yellow Milo)-B-17","FZIH","25ALM_BC1F3s1_1903","GMS_MN2024_MIN_13084_17","(Macia*2/Dwarf Yellow Milo)-B-17",48419,"sgh1LyVdmhss5","GMS_PGF2025_MIN_1903","(Macia*2/Dwarf Yellow Milo)-B-17-1","55659","sgh1LmZbrUvhr","GMS_MN2025_105027","(Macia*2/Dwarf Yellow Milo)-B-17-1-1","67701","sgh1LLs4kK398","NO_ISSUES_IDENTIFIED","Introgression_confirmed","ADVANCE BC1F5 IN PV2627","ADVANCE BC1F5 IN PV2627","BC1F5","67701","sgh1LLs4kK398"
"25ALM_BC1F3s1_2232","(Macia*2/Dwarf Yellow Milo)-B-17","FAAD","25ALM_BC1F3s1_1920","GMS_MN2024_MIN_14066_17","(Macia*2/Dwarf Yellow Milo)-B-17",48419,"sgh1L2p0BVbcF","GMS_PGF2025_MIN_1920","(Macia*2/Dwarf Yellow Milo)-B-17-1","55659","sgh1LWexFfPry",NA,NA,NA,NA,"NO_ISSUES_IDENTIFIED","Introgression_confirmed","ADVANCE BC1F4 IN PGF","ADVANCE BC1F4 IN PGF","BC1F4","55659","sgh1LWexFfPry"
"25ALM_BC1F3s1_1559","(Macia*2/Dwarf Yellow Milo)-B-16","FJXH","25ALM_BC1F3s1_1919","GMS_MN2024_MIN_14066_16","(Macia*2/Dwarf Yellow Milo)-B-16",48418,"sgh1Li8ZB0xpR","GMS_PGF2025_MIN_1919","(Macia*2/Dwarf Yellow Milo)-B-16-1","55658","sgh1Lg6Ns1bAD","GMS_MN2025_137032","(Macia*2/Dwarf Yellow Milo)-B-16-1-1","67844","sgh1LxpVF1cWC","NO_ISSUES_IDENTIFIED","Introgression_confirmed","ADVANCE BC1F5 IN PV2627","ADVANCE BC1F5 IN PV2627","BC1F5","67844","sgh1LxpVF1cWC"
"25ALM_BC1F3s1_1452","(Macia*2/Dwarf Yellow Milo)-B-15","FSGU","25ALM_BC1F3s1_1901","GMS_MN2024_MIN_13084_15","(Macia*2/Dwarf Yellow Milo)-B-15",48417,"sgh1LLrB2hQRF","GMS_PGF2025_MIN_1901","(Macia*2/Dwarf Yellow Milo)-B-15-1","55657","sgh1LDtmkbZc7","GMS_MN2025_105021","(Macia*2/Dwarf Yellow Milo)-B-15-1-1","67649","sgh1Ln43LqrO8","NO_ISSUES_IDENTIFIED","Introgression_confirmed","ADVANCE BC1F5 IN PV2627","ADVANCE BC1F5 IN PV2627","BC1F5","67649","sgh1Ln43LqrO8"
"25ALM_BC1F3s1_1800","(Macia*2/Dwarf Yellow Milo)-B-15","FPTI","25ALM_BC1F3s1_1918","GMS_MN2024_MIN_14066_15","(Macia*2/Dwarf Yellow Milo)-B-15",48417,"sgh1LBZIknAYe","GMS_PGF2025_MIN_1918","(Macia*2/Dwarf Yellow Milo)-B-15-1","55657","sgh1LPdM4UPRg","GMS_MN2025_121025","(Macia*2/Dwarf Yellow Milo)-B-15-1-1","67649","sgh1LyxEqSQTX","NO_ISSUES_IDENTIFIED","Introgression_confirmed","ADVANCE BC1F5 IN PV2627","ADVANCE BC1F5 IN PV2627","BC1F5","67649","sgh1LyxEqSQTX"
"25ALM_BC1F3s1_2444","(Macia*2/Dwarf Yellow Milo)-B-13","FPVJ","25ALM_BC1F3s1_1899","GMS_MN2024_MIN_13084_13","(Macia*2/Dwarf Yellow Milo)-B-13",48415,"sgh1LGIpMbK85","GMS_PGF2025_MIN_1899","(Macia*2/Dwarf Yellow Milo)-B-13-1","55656","sgh1Llie6OaVY","GMS_MN2025_210081","(Macia*2/Dwarf Yellow Milo)-B-13-1-1","65377","sgh1LdkW3zzhe","NO_ISSUES_IDENTIFIED","Introgression_confirmed","ADVANCE BC1F5 IN PV2627","ADVANCE BC1F5 IN PV2627","BC1F5","65377","sgh1LdkW3zzhe"
"25ALM_BC1F3s1_1179","(Macia*2/Dwarf Yellow Milo)-B-12","FJCM","25ALM_BC1F3s1_1898","GMS_MN2024_MIN_13084_12","(Macia*2/Dwarf Yellow Milo)-B-12",48414,"sgh1LJ8yWuFRZ","GMS_PGF2025_MIN_1898","(Macia*2/Dwarf Yellow Milo)-B-12-1","55655","sgh1Lh0ct06ve","GMS_MN2025_115032","(Macia*2/Dwarf Yellow Milo)-B-12-1-1","67264","sgh1LaLlPxnT7","NO_ISSUES_IDENTIFIED","Introgression_confirmed","ADVANCE BC1F5 IN PV2627","ADVANCE BC1F5 IN PV2627","BC1F5","67264","sgh1LaLlPxnT7"
"25ALM_BC1F3s1_1215","(Macia*2/Dwarf Yellow Milo)-B-11","FJYN","25ALM_BC1F3s1_1914","GMS_MN2024_MIN_14066_11","(Macia*2/Dwarf Yellow Milo)-B-11",48413,"sgh1LQWQSzt5a","GMS_PGF2025_MIN_1914","(Macia*2/Dwarf Yellow Milo)-B-11-1","55654","sgh1LiJYVHT94","GMS_MN2025_215081","(Macia*2/Dwarf Yellow Milo)-B-11-1-1","65504","sgh1Lg2pvIHBb","NO_ISSUES_IDENTIFIED","Introgression_confirmed","ADVANCE BC1F5 IN PV2627","ADVANCE BC1F5 IN PV2627","BC1F5","65504","sgh1Lg2pvIHBb"
"25ALM_BC1F3s1_1431","(Macia*2/Dwarf Yellow Milo)-B-11","FXTM","25ALM_BC1F3s1_1897","GMS_MN2024_MIN_13084_11","(Macia*2/Dwarf Yellow Milo)-B-11",48413,"sgh1Ly4dFor15","GMS_PGF2025_MIN_1897","(Macia*2/Dwarf Yellow Milo)-B-11-1","55654","sgh1Lkfu9ag9W","GMS_MN2025_226103","(Macia*2/Dwarf Yellow Milo)-B-11-1-1","65504","sgh1Lig2KBiMJ","NO_ISSUES_IDENTIFIED","Introgression_confirmed","ADVANCE BC1F5 IN PV2627","ADVANCE BC1F5 IN PV2627","BC1F5","65504","sgh1Lig2KBiMJ"
"25ALM_BC1F3s1_1301","(Macia*2/Dwarf Yellow Milo)-B-10","FPSV","25ALM_BC1F3s1_1913","GMS_MN2024_MIN_14066_10","(Macia*2/Dwarf Yellow Milo)-B-10",48412,"sgh1Lswd5qVrL","GMS_PGF2025_MIN_1913","(Macia*2/Dwarf Yellow Milo)-B-10-1","55661","sgh1LSFpq9PqF",NA,NA,NA,NA,"NO_ISSUES_IDENTIFIED","Introgression_confirmed","ADVANCE BC1F4 IN PGF","ADVANCE BC1F4 IN PGF","BC1F4","55661","sgh1LSFpq9PqF"
"25ALM_BC1F3s1_0517","(Macia*2/Dwarf Yellow Milo)-B-1","FMFE","25ALM_BC1F3s1_1904","GMS_MN2024_MIN_14066_01","(Macia*2/Dwarf Yellow Milo)-B-1",48403,"sgh1L6SdMC4uz","GMS_PGF2025_MIN_1904","(Macia*2/Dwarf Yellow Milo)-B-1-1","55646","sgh1LLUHT5w8S","GMS_MN2025_117026","(Macia*2/Dwarf Yellow Milo)-B-1-1-1","67310","sgh1LfdvzPW3Z","NO_ISSUES_IDENTIFIED","Introgression_confirmed","ADVANCE BC1F5 IN PV2627","ADVANCE BC1F5 IN PV2627","BC1F5","67310","sgh1LfdvzPW3Z"
"25ALM_BC1F3s1_1767","(Macia*2/Dwarf Yellow Milo)-B-1","FNIQ","25ALM_BC1F3s1_1887","GMS_MN2024_MIN_13084_01","(Macia*2/Dwarf Yellow Milo)-B-1",48403,"sgh1LdhfYVWwy","GMS_PGF2025_MIN_1887","(Macia*2/Dwarf Yellow Milo)-B-1-1","55646","sgh1LPxcgwWer",NA,NA,NA,NA,"NO_ISSUES_IDENTIFIED","Introgression_confirmed","ADVANCE BC1F4 IN PGF","ADVANCE BC1F4 IN PGF","BC1F4","55646","sgh1LPxcgwWer"
"GMS_MN2025_131066","(Mota Maradi*2/SC49)-B-9","FHXH","GMS_MN2025_131066","GMS_PV2425_0198_09","(Mota Maradi*2/SC49)-B-9",44153,"sgh1LBp4h5TPs","GMS_MN2025_131066","(Mota Maradi*2/SC49)-B-9-1","55045","sgh1LctARQ4R3",NA,NA,NA,NA,"NO_ISSUES_IDENTIFIED","Introgression_confirmed","ADVANCE BC1F4 IN PV2627","ADVANCE BC1F4 IN PV2627","BC1F4","55045","sgh1LctARQ4R3"
"GMS_MN2025_114058","(Mota Maradi*2/SC49)-B-7","FZEE","GMS_MN2025_114058","GMS_PV2425_0198_07","(Mota Maradi*2/SC49)-B-7",44151,"sgh1LYS0ELWQE","GMS_MN2025_114058","(Mota Maradi*2/SC49)-B-7-1","55043","sgh1L7emrZptq",NA,NA,NA,NA,"NO_ISSUES_IDENTIFIED","Introgression_confirmed","ADVANCE BC1F4 IN PV2627","ADVANCE BC1F4 IN PV2627","BC1F4","55043","sgh1L7emrZptq"
"GMS_MN2025_130062","(Mota Maradi*2/SC49)-B-5","FZQE","GMS_MN2025_130062","GMS_PV2425_0198_05","(Mota Maradi*2/SC49)-B-5",44149,"sgh1LsM8Q7s7v","GMS_MN2025_130062","(Mota Maradi*2/SC49)-B-5-1","55041","sgh1LyaQ5P7vD",NA,NA,NA,NA,"NO_ISSUES_IDENTIFIED","Introgression_confirmed","ADVANCE BC1F4 IN PV2627","ADVANCE BC1F4 IN PV2627","BC1F4","55041","sgh1LyaQ5P7vD"
"GMS_MN2025_132056","(Mota Maradi*2/SC49)-B-10","FHLP","GMS_MN2025_132056","GMS_PV2425_0198_10","(Mota Maradi*2/SC49)-B-10",44154,"sgh1LiviInwmr","GMS_MN2025_132056","(Mota Maradi*2/SC49)-B-10-1","55046","sgh1L3WdEbjZE",NA,NA,NA,NA,"NO_ISSUES_IDENTIFIED","Introgression_confirmed","ADVANCE BC1F4 IN PV2627","ADVANCE BC1F4 IN PV2627","BC1F4","55046","sgh1L3WdEbjZE"
"GMS_MN2025_130051","(Mota Maradi*2/01MN1589-B)-B-8","FBCD","GMS_MN2025_130051","GMS_PV2425_0239_08","(Mota Maradi*2/01MN1589-B)-B-8",48460,"sgh1LX8ANLZGD","GMS_MN2025_130051","(Mota Maradi*2/01MN1589-B)-B-8-1","55702","sgh1LThA0FspQ",NA,NA,NA,NA,"NO_ISSUES_IDENTIFIED","Introgression_confirmed","ADVANCE BC1F4 IN PV2627","ADVANCE BC1F4 IN PV2627","BC1F4","55702","sgh1LThA0FspQ"
"GMS_MN2025_119057","(Mota Maradi*2/01MN1589-B)-B-7","FGJG","GMS_MN2025_119057","GMS_PV2425_0239_07","(Mota Maradi*2/01MN1589-B)-B-7",48459,"sgh1LBA1Icl73","GMS_MN2025_119057","(Mota Maradi*2/01MN1589-B)-B-7-1","55701","sgh1LIVETvBvV",NA,NA,NA,NA,"NO_ISSUES_IDENTIFIED","Introgression_confirmed","ADVANCE BC1F4 IN PV2627","ADVANCE BC1F4 IN PV2627","BC1F4","55701","sgh1LIVETvBvV"
"GMS_MN2025_136056","(Mota Maradi*2/01MN1589-B)-B-6","FONC","GMS_MN2025_136056","GMS_PV2425_0239_06","(Mota Maradi*2/01MN1589-B)-B-6",48458,"sgh1LKYFNAoms","GMS_MN2025_136056","(Mota Maradi*2/01MN1589-B)-B-6-1","55700","sgh1LnbmzvaI6",NA,NA,NA,NA,"NO_ISSUES_IDENTIFIED","Introgression_confirmed","ADVANCE BC1F4 IN PV2627","ADVANCE BC1F4 IN PV2627","BC1F4","55700","sgh1LnbmzvaI6"
"GMS_MN2025_131045","(Mota Maradi*2/01MN1589-B)-B-5","FNHF","GMS_MN2025_131045","GMS_PV2425_0239_05","(Mota Maradi*2/01MN1589-B)-B-5",48457,"sgh1LNaQkAYaa","GMS_MN2025_131045","(Mota Maradi*2/01MN1589-B)-B-5-1","55699","sgh1LQ8DtC0BP",NA,NA,NA,NA,"NO_ISSUES_IDENTIFIED","Introgression_confirmed","ADVANCE BC1F4 IN PV2627","ADVANCE BC1F4 IN PV2627","BC1F4","55699","sgh1LQ8DtC0BP"
"GMS_MN2025_128058","(Mota Maradi*2/01MN1589-B)-B-1","FUJL","GMS_MN2025_128058","GMS_PV2425_0239_01","(Mota Maradi*2/01MN1589-B)-B-1",48453,"sgh1LTUmwn6vY","GMS_MN2025_128058","(Mota Maradi*2/01MN1589-B)-B-1-1","55695","sgh1Lc2c79Elp",NA,NA,NA,NA,"NO_ISSUES_IDENTIFIED","Introgression_confirmed","ADVANCE BC1F4 IN PV2627","ADVANCE BC1F4 IN PV2627","BC1F4","55695","sgh1Lc2c79Elp"
"GMS_MN2025_132062","(Mota Maradi*2/Tx2911)-B-9","FPZF","GMS_MN2025_132062","GMS_PV2425_0211_09","(Mota Maradi*2/Tx2911)-B-9",44348,"sgh1LLAvXWVMJ","GMS_MN2025_132062","(Mota Maradi*2/Tx2911)-B-9-1","55221","sgh1LYzAcWoIm",NA,NA,NA,NA,"NO_ISSUES_IDENTIFIED","Introgression_confirmed","ADVANCE BC1F4 IN PV2627","ADVANCE BC1F4 IN PV2627","BC1F4","55221","sgh1LYzAcWoIm"
"GMS_MN2025_108064","(Mota Maradi*2/Tx2911)-B-8","FPOV","GMS_MN2025_108064","GMS_PV2425_0211_08","(Mota Maradi*2/Tx2911)-B-8",44347,"sgh1Lh7WqJJdG","GMS_MN2025_108064","(Mota Maradi*2/Tx2911)-B-8-1","55220","sgh1LMRalSG2n",NA,NA,NA,NA,"NO_ISSUES_IDENTIFIED","Introgression_confirmed","ADVANCE BC1F4 IN PV2627","ADVANCE BC1F4 IN PV2627","BC1F4","55220","sgh1LMRalSG2n"
"GMS_MN2025_136064","(Mota Maradi*2/Tx2911)-B-7","FRRI","GMS_MN2025_136064","GMS_PV2425_0211_07","(Mota Maradi*2/Tx2911)-B-7",44346,"sgh1LIpHmWdvQ","GMS_MN2025_136064","(Mota Maradi*2/Tx2911)-B-7-1","55219","sgh1LGud91Lz2",NA,NA,NA,NA,"NO_ISSUES_IDENTIFIED","Introgression_confirmed","ADVANCE BC1F4 IN PV2627","ADVANCE BC1F4 IN PV2627","BC1F4","55219","sgh1LGud91Lz2"
"GMS_MN2025_116064","(Mota Maradi*2/Tx2911)-B-6","FDPB","GMS_MN2025_116064","GMS_PV2425_0211_06","(Mota Maradi*2/Tx2911)-B-6",44345,"sgh1LXjkcpkkp","GMS_MN2025_116064","(Mota Maradi*2/Tx2911)-B-6-1","55218","sgh1LiAOhvyGU",NA,NA,NA,NA,"NO_ISSUES_IDENTIFIED","Introgression_confirmed","ADVANCE BC1F4 IN PV2627","ADVANCE BC1F4 IN PV2627","BC1F4","55218","sgh1LiAOhvyGU"
"GMS_MN2025_116054","(Mota Maradi*2/Tx2911)-B-5","FSFX","GMS_MN2025_116054","GMS_PV2425_0211_05","(Mota Maradi*2/Tx2911)-B-5",44344,"sgh1L2bo9q62d","GMS_MN2025_116054","(Mota Maradi*2/Tx2911)-B-5-1","55217","sgh1LfjQYd1jJ",NA,NA,NA,NA,"NO_ISSUES_IDENTIFIED","Introgression_confirmed","ADVANCE BC1F4 IN PV2627","ADVANCE BC1F4 IN PV2627","BC1F4","55217","sgh1LfjQYd1jJ"
"GMS_MN2025_120064","(Mota Maradi*2/Tx2911)-B-4","FBPJ","GMS_MN2025_120064","GMS_PV2425_0211_04","(Mota Maradi*2/Tx2911)-B-4",44343,"sgh1LhSQesGva","GMS_MN2025_120064","(Mota Maradi*2/Tx2911)-B-4-1","55216","sgh1LXXSwnzPm",NA,NA,NA,NA,"NO_ISSUES_IDENTIFIED","Introgression_confirmed","ADVANCE BC1F4 IN PV2627","ADVANCE BC1F4 IN PV2627","BC1F4","55216","sgh1LXXSwnzPm"
"GMS_MN2025_113059","(Mota Maradi*2/Tx2911)-B-3","FJHH","GMS_MN2025_113059","GMS_PV2425_0211_03","(Mota Maradi*2/Tx2911)-B-3",44342,"sgh1LTPmxo1vk","GMS_MN2025_113059","(Mota Maradi*2/Tx2911)-B-3-1","55215","sgh1LGAVkK3gd",NA,NA,NA,NA,"NO_ISSUES_IDENTIFIED","Introgression_confirmed","ADVANCE BC1F4 IN PV2627","ADVANCE BC1F4 IN PV2627","BC1F4","55215","sgh1LGAVkK3gd"
"GMS_MN2025_114059","(Mota Maradi*2/Tx2911)-B-3","FIMW","GMS_MN2025_114059","GMS_PV2425_0246_03","(Mota Maradi*2/Tx2911)-B-3",44342,"sgh1LUPaH9VUY","GMS_MN2025_114059","(Mota Maradi*2/Tx2911)-B-3-1","55215","sgh1LxhJbvATJ",NA,NA,NA,NA,"NO_ISSUES_IDENTIFIED","Introgression_confirmed","ADVANCE BC1F4 IN PV2627","ADVANCE BC1F4 IN PV2627","BC1F4","55215","sgh1LxhJbvATJ"
"GMS_MN2025_105044","(Mota Maradi*2/Tx2911)-B-10","FLCR","GMS_MN2025_105044","GMS_PV2425_0211_10","(Mota Maradi*2/Tx2911)-B-10",44349,"sgh1LYFubHmnW","GMS_MN2025_105044","(Mota Maradi*2/Tx2911)-B-10-1","55770","sgh1LYKIS8Umb",NA,NA,NA,NA,"NO_ISSUES_IDENTIFIED","Introgression_confirmed","ADVANCE BC1F4 IN PV2627","ADVANCE BC1F4 IN PV2627","BC1F4","55770","sgh1LYKIS8Umb"
"GMS_MN2025_122056","(Mota Maradi*2/SC1320)-B-8","FEGH","GMS_MN2025_122056","GMS_PV2425_0200_08","(Mota Maradi*2/SC1320)-B-8",44182,"sgh1Ldg9iqj0t","GMS_MN2025_122056","(Mota Maradi*2/SC1320)-B-8-1","57638","sgh1LS9ffwzWM",NA,NA,NA,NA,"NO_ISSUES_IDENTIFIED","Introgression_confirmed","ADVANCE BC1F4 IN PV2627","ADVANCE BC1F4 IN PV2627","BC1F4","57638","sgh1LS9ffwzWM"
"GMS_MN2025_134047","(Mota Maradi*2/SC1320)-B-3","FMEC","GMS_MN2025_134047","GMS_PV2425_0200_03","(Mota Maradi*2/SC1320)-B-3",44177,"sgh1LFicv76eR","GMS_MN2025_134047","(Mota Maradi*2/SC1320)-B-3-1","55069","sgh1LzdoFYHKI",NA,NA,NA,NA,"NO_ISSUES_IDENTIFIED","Introgression_confirmed","ADVANCE BC1F4 IN PV2627","ADVANCE BC1F4 IN PV2627","BC1F4","55069","sgh1LzdoFYHKI"
"GMS_MN2025_118052","(Mota Maradi*2/SC1320)-B-10","FFMX","GMS_MN2025_118052","GMS_PV2425_0200_10","(Mota Maradi*2/SC1320)-B-10",44184,"sgh1LeaPGKTAC","GMS_MN2025_118052","(Mota Maradi*2/SC1320)-B-10-1","55075","sgh1L3PQmhoNp",NA,NA,NA,NA,"NO_ISSUES_IDENTIFIED","Introgression_confirmed","ADVANCE BC1F4 IN PV2627","ADVANCE BC1F4 IN PV2627","BC1F4","55075","sgh1L3PQmhoNp"
"GMS_MN2025_213107","(Mota Maradi*2/SC449)-B-9","FGFS","GMS_MN2025_213107","GMS_PV2425_0201_09","(Mota Maradi*2/SC449)-B-9",44198,"sgh1L9bqzdP1t","GMS_MN2025_213107","(Mota Maradi*2/SC449)-B-9-1","55087","sgh1L4proJt80",NA,NA,NA,NA,"NO_ISSUES_IDENTIFIED","Introgression_confirmed","ADVANCE BC1F4 IN PV2627","ADVANCE BC1F4 IN PV2627","BC1F4","55087","sgh1L4proJt80"
"GMS_MN2025_131063","(Mota Maradi*2/SC449)-B-1","FYCT","GMS_MN2025_131063","GMS_PV2425_0201_01","(Mota Maradi*2/SC449)-B-1",44190,"sgh1LE1pxrUrq","GMS_MN2025_131063","(Mota Maradi*2/SC449)-B-1-1","55080","sgh1L2N6soX8I",NA,NA,NA,NA,"NO_ISSUES_IDENTIFIED","Introgression_confirmed","ADVANCE BC1F4 IN PV2627","ADVANCE BC1F4 IN PV2627","BC1F4","55080","sgh1L2N6soX8I"
"GMS_MN2025_136057","(Mota Maradi*2/SC855)-B-8","FLUG","GMS_MN2025_136057","GMS_PV2425_0182_08","(Mota Maradi*2/SC855)-B-8",43087,"sgh1LCv2bAiUB","GMS_MN2025_136057","(Mota Maradi*2/SC855)-B-8-1","54440","sgh1LBvgoS8L3",NA,NA,NA,NA,"NO_ISSUES_IDENTIFIED","Introgression_confirmed","ADVANCE BC1F4 IN PV2627","ADVANCE BC1F4 IN PV2627","BC1F4","54440","sgh1LBvgoS8L3"
"GMS_MN2025_105059","(Mota Maradi*2/SC855)-B-7","FBGJ","GMS_MN2025_105059","GMS_PV2425_0182_07","(Mota Maradi*2/SC855)-B-7",43086,"sgh1LelxXNUTf","GMS_MN2025_105059","(Mota Maradi*2/SC855)-B-7-1","54439","sgh1LU4AATAfJ",NA,NA,NA,NA,"NO_ISSUES_IDENTIFIED","Introgression_confirmed","ADVANCE BC1F4 IN PV2627","ADVANCE BC1F4 IN PV2627","BC1F4","54439","sgh1LU4AATAfJ"
"GMS_MN2025_113054","(Mota Maradi*2/SC855)-B-4","FDJS","GMS_MN2025_113054","GMS_PV2425_0247_04","(Mota Maradi*2/SC855)-B-4",43083,"sgh1LYqBHDueA","GMS_MN2025_113054","(Mota Maradi*2/SC855)-B-4-1","54436","sgh1LALuyDfxo",NA,NA,NA,NA,"NO_ISSUES_IDENTIFIED","Introgression_confirmed","ADVANCE BC1F4 IN PV2627","ADVANCE BC1F4 IN PV2627","BC1F4","54436","sgh1LALuyDfxo"
"GMS_MN2025_108062","(Mota Maradi*2/SC855)-B-10","FGSI","GMS_MN2025_108062","GMS_PV2425_0247_10","(Mota Maradi*2/SC855)-B-10",43089,"sgh1LxJRoiN0A","GMS_MN2025_108062","(Mota Maradi*2/SC855)-B-10-1","54442","sgh1LxPv7vL2H",NA,NA,NA,NA,"NO_ISSUES_IDENTIFIED","Introgression_confirmed","ADVANCE BC1F4 IN PV2627","ADVANCE BC1F4 IN PV2627","BC1F4","54442","sgh1LxPv7vL2H"
"GMS_MN2025_104044","(Mota Maradi*2/SC855)-B-1","FIWX","GMS_MN2025_104044","GMS_PV2425_0247_01","(Mota Maradi*2/SC855)-B-1",43080,"sgh1LUBxslctN","GMS_MN2025_104044","(Mota Maradi*2/SC855)-B-1-1","55783","sgh1LHQtn0WwM",NA,NA,NA,NA,"NO_ISSUES_IDENTIFIED","Introgression_confirmed","ADVANCE BC1F4 IN PV2627","ADVANCE BC1F4 IN PV2627","BC1F4","55783","sgh1LHQtn0WwM"
"GMS_MN2025_127064","(Mota Maradi*2/SC855)-B-1","FRVW","GMS_MN2025_127064","GMS_PV2425_0182_01","(Mota Maradi*2/SC855)-B-1",43080,"sgh1LrFTiwf7s","GMS_MN2025_127064","(Mota Maradi*2/SC855)-B-1-1","55783","sgh1LZP6EV8U6",NA,NA,NA,NA,"NO_ISSUES_IDENTIFIED","Introgression_confirmed","ADVANCE BC1F4 IN PV2627","ADVANCE BC1F4 IN PV2627","BC1F4","55783","sgh1LZP6EV8U6"
"GMS_MN2025_104065","(Mota Maradi*2/SC1056)-B-8","FEBQ","GMS_MN2025_104065","GMS_PV2425_0244_08","(Mota Maradi*2/SC1056)-B-8",44167,"sgh1LngZzb523","GMS_MN2025_104065","(Mota Maradi*2/SC1056)-B-8-1","55059","sgh1Ld4eH5PpT",NA,NA,NA,NA,"NO_ISSUES_IDENTIFIED","Introgression_confirmed","ADVANCE BC1F4 IN PV2627","ADVANCE BC1F4 IN PV2627","BC1F4","55059","sgh1Ld4eH5PpT"
"GMS_MN2025_111045","(Mota Maradi*2/SC1056)-B-8","FPEP","GMS_MN2025_111045","GMS_PV2425_0242_08","(Mota Maradi*2/SC1056)-B-8",44167,"sgh1LuGQo6XCk","GMS_MN2025_111045","(Mota Maradi*2/SC1056)-B-8-1","55059","sgh1LdbXCXXWo",NA,NA,NA,NA,"NO_ISSUES_IDENTIFIED","Introgression_confirmed","ADVANCE BC1F4 IN PV2627","ADVANCE BC1F4 IN PV2627","BC1F4","55059","sgh1LdbXCXXWo"
"GMS_MN2025_116061","(Mota Maradi*2/SC1056)-B-7","FENV","GMS_MN2025_116061","GMS_PV2425_0199_07","(Mota Maradi*2/SC1056)-B-7",44166,"sgh1LcQWs6yJ5","GMS_MN2025_116061","(Mota Maradi*2/SC1056)-B-7-1","55058","sgh1LJGLplWQ9",NA,NA,NA,NA,"NO_ISSUES_IDENTIFIED","Introgression_confirmed","ADVANCE BC1F4 IN PV2627","ADVANCE BC1F4 IN PV2627","BC1F4","55058","sgh1LJGLplWQ9"
"GMS_MN2025_128065","(Mota Maradi*2/SC1056)-B-7","FNOJ","GMS_MN2025_128065","GMS_PV2425_0243_07","(Mota Maradi*2/SC1056)-B-7",44166,"sgh1LkgyXgRaE","GMS_MN2025_128065","(Mota Maradi*2/SC1056)-B-7-1","55058","sgh1L1ngIM1Vm",NA,NA,NA,NA,"NO_ISSUES_IDENTIFIED","Introgression_confirmed","ADVANCE BC1F4 IN PV2627","ADVANCE BC1F4 IN PV2627","BC1F4","55058","sgh1L1ngIM1Vm"
"GMS_MN2025_135057","(Mota Maradi*2/SC1056)-B-7","FTNK","GMS_MN2025_135057","GMS_PV2425_0244_07","(Mota Maradi*2/SC1056)-B-7",44166,"sgh1LCRHL4R99","GMS_MN2025_135057","(Mota Maradi*2/SC1056)-B-7-1","55058","sgh1LudMi0vIG",NA,NA,NA,NA,"NO_ISSUES_IDENTIFIED","Introgression_confirmed","ADVANCE BC1F4 IN PV2627","ADVANCE BC1F4 IN PV2627","BC1F4","55058","sgh1LudMi0vIG"
"GMS_MN2025_134048","(Mota Maradi*2/SC1056)-B-5","FNJT","GMS_MN2025_134048","GMS_PV2425_0199_05","(Mota Maradi*2/SC1056)-B-5",44164,"sgh1LSJirRC9E","GMS_MN2025_134048","(Mota Maradi*2/SC1056)-B-5-1","55056","sgh1LZbjZ58Tl",NA,NA,NA,NA,"NO_ISSUES_IDENTIFIED","Introgression_confirmed","ADVANCE BC1F4 IN PV2627","ADVANCE BC1F4 IN PV2627","BC1F4","55056","sgh1LZbjZ58Tl"
"GMS_MN2025_105055","(Mota Maradi*2/SC1056)-B-4","FOFL","GMS_MN2025_105055","GMS_PV2425_0242_04","(Mota Maradi*2/SC1056)-B-4",44163,"sgh1LHaBYA6nt","GMS_MN2025_105055","(Mota Maradi*2/SC1056)-B-4-1","55055","sgh1Lmbv9ErdK",NA,NA,NA,NA,"NO_ISSUES_IDENTIFIED","Introgression_confirmed","ADVANCE BC1F4 IN PV2627","ADVANCE BC1F4 IN PV2627","BC1F4","55055","sgh1Lmbv9ErdK"
"GMS_MN2025_115049","(Mota Maradi*2/SC1056)-B-4","FRPY","GMS_MN2025_115049","GMS_PV2425_0199_04","(Mota Maradi*2/SC1056)-B-4",44163,"sgh1LazFwVkUK","GMS_MN2025_115049","(Mota Maradi*2/SC1056)-B-4-1","55055","sgh1L2SAcK4PR",NA,NA,NA,NA,"NO_ISSUES_IDENTIFIED","Introgression_confirmed","ADVANCE BC1F4 IN PV2627","ADVANCE BC1F4 IN PV2627","BC1F4","55055","sgh1L2SAcK4PR"
"GMS_MN2025_124059","(Mota Maradi*2/SC1056)-B-3","FECT","GMS_MN2025_124059","GMS_PV2425_0244_03","(Mota Maradi*2/SC1056)-B-3",44162,"sgh1LwATmqZ7n","GMS_MN2025_124059","(Mota Maradi*2/SC1056)-B-3-1","55054","sgh1LBGDs6K5K",NA,NA,NA,NA,"NO_ISSUES_IDENTIFIED","Introgression_confirmed","ADVANCE BC1F4 IN PV2627","ADVANCE BC1F4 IN PV2627","BC1F4","55054","sgh1LBGDs6K5K"
"GMS_MN2025_106044","(Mota Maradi*2/SC1056)-B-2","FVCC","GMS_MN2025_106044","GMS_PV2425_0243_02","(Mota Maradi*2/SC1056)-B-2",44161,"sgh1LjQAlRMM6","GMS_MN2025_106044","(Mota Maradi*2/SC1056)-B-2-1","55053","sgh1LiRPRArxi",NA,NA,NA,NA,"NO_ISSUES_IDENTIFIED","Introgression_confirmed","ADVANCE BC1F4 IN PV2627","ADVANCE BC1F4 IN PV2627","BC1F4","55053","sgh1LiRPRArxi"
"GMS_MN2025_113062","(Mota Maradi*2/SC1056)-B-10","FLZE","GMS_MN2025_113062","GMS_PV2425_0242_10","(Mota Maradi*2/SC1056)-B-10",44169,"sgh1LbyZkF2jv","GMS_MN2025_113062","(Mota Maradi*2/SC1056)-B-10-1","55061","sgh1LGXWkiG1w",NA,NA,NA,NA,"NO_ISSUES_IDENTIFIED","Introgression_confirmed","ADVANCE BC1F4 IN PV2627","ADVANCE BC1F4 IN PV2627","BC1F4","55061","sgh1LGXWkiG1w"
"GMS_MN2025_130053","(Mota Maradi*2/SC1056)-B-1","FMXW","GMS_MN2025_130053","GMS_PV2425_0244_01","(Mota Maradi*2/SC1056)-B-1",44160,"sgh1Lc4XRDKeN","GMS_MN2025_130053","(Mota Maradi*2/SC1056)-B-1-1","55052","sgh1LHuRiVQPD",NA,NA,NA,NA,"NO_ISSUES_IDENTIFIED","Introgression_confirmed","ADVANCE BC1F4 IN PV2627","ADVANCE BC1F4 IN PV2627","BC1F4","55052","sgh1LHuRiVQPD"
"GMS_MN2025_131051","(Mota Maradi*2/SC1056)-B-1","FCLL","GMS_MN2025_131051","GMS_PV2425_0199_01","(Mota Maradi*2/SC1056)-B-1",44160,"sgh1Lwb6ln0aJ","GMS_MN2025_131051","(Mota Maradi*2/SC1056)-B-1-1","55052","sgh1LRWoLea08",NA,NA,NA,NA,"NO_ISSUES_IDENTIFIED","Introgression_confirmed","ADVANCE BC1F4 IN PV2627","ADVANCE BC1F4 IN PV2627","BC1F4","55052","sgh1LRWoLea08"
"GMS_MN2025_127052","(Mota Maradi*2/RTx436)-B-8","FSJY","GMS_MN2025_127052","GMS_PV2425_0183_08","(Mota Maradi*2/RTx436)-B-8",43102,"sgh1L0f6eiVJc","GMS_MN2025_127052","(Mota Maradi*2/RTx436)-B-8-1","54450","sgh1L9vtszRgM",NA,NA,NA,NA,"NO_ISSUES_IDENTIFIED","Introgression_confirmed","ADVANCE BC1F4 IN PV2627","ADVANCE BC1F4 IN PV2627","BC1F4","54450","sgh1L9vtszRgM"
"GMS_MN2025_118047","(Mota Maradi*2/RTx436)-B-6","FWCQ","GMS_MN2025_118047","GMS_PV2425_0183_06","(Mota Maradi*2/RTx436)-B-6",43100,"sgh1LukxlQWGj","GMS_MN2025_118047","(Mota Maradi*2/RTx436)-B-6-1","54449","sgh1L7WLrbgkg",NA,NA,NA,NA,"NO_ISSUES_IDENTIFIED","Introgression_confirmed","ADVANCE BC1F4 IN PV2627","ADVANCE BC1F4 IN PV2627","BC1F4","54449","sgh1L7WLrbgkg"
"GMS_MN2025_120057","(Mota Maradi*2/RTx436)-B-10","FUHJ","GMS_MN2025_120057","GMS_PV2425_0183_10","(Mota Maradi*2/RTx436)-B-10",43104,"sgh1LPPFv2S0O","GMS_MN2025_120057","(Mota Maradi*2/RTx436)-B-10-1","54452","sgh1LHmKvR1ow",NA,NA,NA,NA,"NO_ISSUES_IDENTIFIED","Introgression_confirmed","ADVANCE BC1F4 IN PV2627","ADVANCE BC1F4 IN PV2627","BC1F4","54452","sgh1LHmKvR1ow"
"GMS_MN2025_126065","(Mota Maradi*2/RTx436)-B-1","FQQN","GMS_MN2025_126065","GMS_PV2425_0183_01","(Mota Maradi*2/RTx436)-B-1",43095,"sgh1LuIo1UDqS","GMS_MN2025_126065","(Mota Maradi*2/RTx436)-B-1-1","54444","sgh1L6pv3ye5R",NA,NA,NA,NA,"NO_ISSUES_IDENTIFIED","Introgression_confirmed","ADVANCE BC1F4 IN PV2627","ADVANCE BC1F4 IN PV2627","BC1F4","54444","sgh1L6pv3ye5R"
"GMS_MN2025_117054","(Mota Maradi*2/SC760)-B-9","FXLE","GMS_MN2025_117054","GMS_PV2425_0173_09","(Mota Maradi*2/SC760)-B-9",44513,"sgh1L83ydD4JG","GMS_MN2025_117054","(Mota Maradi*2/SC760)-B-9-1","55363","sgh1Lbyzv4rUP",NA,NA,NA,NA,"NO_ISSUES_IDENTIFIED","Introgression_confirmed","ADVANCE BC1F4 IN PV2627","ADVANCE BC1F4 IN PV2627","BC1F4","55363","sgh1Lbyzv4rUP"
"GMS_MN2025_121047","(Mota Maradi*2/SC630)-B-9","FHJE","GMS_MN2025_121047","GMS_PV2425_0240_09","(Mota Maradi*2/SC630)-B-9",48484,"sgh1LYhQUMKnb","GMS_MN2025_121047","(Mota Maradi*2/SC630)-B-9-1","57648","sgh1LuRNTJ3sj",NA,NA,NA,NA,"NO_ISSUES_IDENTIFIED","Introgression_confirmed","ADVANCE BC1F4 IN PV2627","ADVANCE BC1F4 IN PV2627","BC1F4","57648","sgh1LuRNTJ3sj"
"GMS_MN2025_109048","(Mota Maradi*2/SC630)-B-3","FYER","GMS_MN2025_109048","GMS_PV2425_0240_03","(Mota Maradi*2/SC630)-B-3",48478,"sgh1LN2q6MKOy","GMS_MN2025_109048","(Mota Maradi*2/SC630)-B-3-1","55720","sgh1LhXtYm7XO",NA,NA,NA,NA,"NO_ISSUES_IDENTIFIED","Introgression_confirmed","ADVANCE BC1F4 IN PV2627","ADVANCE BC1F4 IN PV2627","BC1F4","55720","sgh1LhXtYm7XO"
"GMS_MN2025_112045","(Mota Maradi*2/SC630)-B-2","FCBB","GMS_MN2025_112045","GMS_PV2425_0240_02","(Mota Maradi*2/SC630)-B-2",48477,"sgh1LSjOCah1i","GMS_MN2025_112045","(Mota Maradi*2/SC630)-B-2-1","55719","sgh1LZGrpEinn",NA,NA,NA,NA,"NO_ISSUES_IDENTIFIED","Introgression_confirmed","ADVANCE BC1F4 IN PV2627","ADVANCE BC1F4 IN PV2627","BC1F4","55719","sgh1LZGrpEinn"
"GMS_MN2025_109053","(Mota Maradi*2/SC630)-B-1","FKVZ","GMS_MN2025_109053","GMS_PV2425_0240_01","(Mota Maradi*2/SC630)-B-1",48476,"sgh1Lk5ciUXyF","GMS_MN2025_109053","(Mota Maradi*2/SC630)-B-1-1","55718","sgh1LYdjxk6ye",NA,NA,NA,NA,"NO_ISSUES_IDENTIFIED","Introgression_confirmed","ADVANCE BC1F4 IN PV2627","ADVANCE BC1F4 IN PV2627","BC1F4","55718","sgh1LYdjxk6ye"
"GMS_MN2025_138066","(IRAT204*2/SC702)-B-10","FRHN","GMS_MN2025_138066","GMS_PV2425_0162_10","(IRAT204*2/SC702)-B-10",43389,"sgh1LV3JE47tY","GMS_MN2025_138066","(IRAT204*2/SC702)-B-10-1","54678","sgh1LSeO6KVjV",NA,NA,NA,NA,"NO_ISSUES_IDENTIFIED","Introgression_confirmed","ADVANCE BC1F4 IN PV2627","ADVANCE BC1F4 IN PV2627","BC1F4","54678","sgh1LSeO6KVjV"
"GMS_MN2025_138045","(IRAT204*2/Soberano)-B-6","FUXJ","GMS_MN2025_138045","GMS_PV2425_0227_06","(IRAT204*2/Soberano)-B-6",48242,"sgh1LtnqyUyDR","GMS_MN2025_138045","(IRAT204*2/Soberano)-B-6-1","55488","sgh1LCJfy74bU",NA,NA,NA,NA,"NO_ISSUES_IDENTIFIED","Introgression_confirmed","ADVANCE BC1F4 IN PV2627","ADVANCE BC1F4 IN PV2627","BC1F4","55488","sgh1LCJfy74bU"
"GMS_MN2025_138054","(IRAT204*2/SC1104)-B-1","FQSB","GMS_MN2025_138054","GMS_PV2425_0226_01","(IRAT204*2/SC1104)-B-1",42744,"sgh1LIOv7fRjH","GMS_MN2025_138054","(IRAT204*2/SC1104)-B-1-1","55474","sgh1LwfkzSkPT",NA,NA,NA,NA,"NO_ISSUES_IDENTIFIED","Introgression_confirmed","ADVANCE BC1F4 IN PV2627","ADVANCE BC1F4 IN PV2627","BC1F4","55474","sgh1LwfkzSkPT"
"GMS_MN2025_138057","(IRAT204*2/SC609)-B-9","FPBB","GMS_MN2025_138057","GMS_PV2425_0119_09","(IRAT204*2/SC609)-B-9",42998,"sgh1LoyTs0Jnf","GMS_MN2025_138057","(IRAT204*2/SC609)-B-9-1","54385","sgh1LvFkYO2pt",NA,NA,NA,NA,"NO_ISSUES_IDENTIFIED","Introgression_confirmed","ADVANCE BC1F4 IN PV2627","ADVANCE BC1F4 IN PV2627","BC1F4","54385","sgh1LvFkYO2pt"
"GMS_MN2025_135053","(IRAT204*2/SC115)-B-4","FLTT","GMS_MN2025_135053","GMS_PV2425_0157_04","(IRAT204*2/SC115)-B-4",43278,"sgh1L9Bsv18X7","GMS_MN2025_135053","(IRAT204*2/SC115)-B-4-1","54603","sgh1L869gI3zU",NA,NA,NA,NA,"NO_ISSUES_IDENTIFIED","Introgression_confirmed","ADVANCE BC1F4 IN PV2627","ADVANCE BC1F4 IN PV2627","BC1F4","54603","sgh1L869gI3zU"
"GMS_MN2025_116066","(IRAT204*2/SC52)-B-9","FLZL","GMS_MN2025_116066","GMS_PV2425_0137_09","(IRAT204*2/SC52)-B-9",42692,"sgh1LB7IoXtOb","GMS_MN2025_116066","(IRAT204*2/SC52)-B-9-1","57626","sgh1LsDt1EHQq",NA,NA,NA,NA,"NO_ISSUES_IDENTIFIED","Introgression_confirmed","ADVANCE BC1F4 IN PV2627","ADVANCE BC1F4 IN PV2627","BC1F4","57626","sgh1LsDt1EHQq"
"GMS_MN2025_118048","(IRAT204*2/SC52)-B-8","FQGH","GMS_MN2025_118048","GMS_PV2425_0137_08","(IRAT204*2/SC52)-B-8",42691,"sgh1LpgVkBCfH","GMS_MN2025_118048","(IRAT204*2/SC52)-B-8-1","54180","sgh1LRJTO6Veb",NA,NA,NA,NA,"NO_ISSUES_IDENTIFIED","Introgression_confirmed","ADVANCE BC1F4 IN PV2627","ADVANCE BC1F4 IN PV2627","BC1F4","54180","sgh1LRJTO6Veb"
"GMS_MN2025_129053","(CSM-63*2/90M)-B-6","FWAJ","GMS_MN2025_129053","GMS_PV2425_0221_06","(CSM-63*2/90M)-B-6",43955,"sgh1LQOoctD6b","GMS_MN2025_129053","(CSM-63*2/90M)-B-6-1","54935","sgh1Lhe2QqKEo",NA,NA,NA,NA,"NO_ISSUES_IDENTIFIED","Introgression_confirmed","ADVANCE BC1F4 IN PV2627","ADVANCE BC1F4 IN PV2627","BC1F4","54935","sgh1Lhe2QqKEo"
"GMS_MN2025_221107","(CSM-63*2/Deer Broomcorn)-B-10","FLYA","GMS_MN2025_221107","GMS_PV2425_0220_10","(CSM-63*2/Deer Broomcorn)-B-10",43944,"sgh1LdtH1RN6E","GMS_MN2025_221107","(CSM-63*2/Deer Broomcorn)-B-10-1","54925","sgh1LnvCqIHj4",NA,NA,NA,NA,"NO_ISSUES_IDENTIFIED","Introgression_confirmed","ADVANCE BC1F4 IN PV2627","ADVANCE BC1F4 IN PV2627","BC1F4","54925","sgh1LnvCqIHj4"
"GMS_MN2025_121045","(CSM-63*2/ICSV400)-B-8","FDDY","GMS_MN2025_121045","GMS_PV2425_0217_08","(CSM-63*2/ICSV400)-B-8",43897,"sgh1LdgrIV8oM","GMS_MN2025_121045","(CSM-63*2/ICSV400)-B-8-1","57647","sgh1LVU4cyDWn",NA,NA,NA,NA,"NO_ISSUES_IDENTIFIED","Introgression_confirmed","ADVANCE BC1F4 IN PV2627","ADVANCE BC1F4 IN PV2627","BC1F4","57647","sgh1LVU4cyDWn"
"GMS_MN2025_105051","(CSM-63*2/SC1055)-B-8","FXCE","GMS_MN2025_105051","GMS_PV2425_0250_08","(CSM-63*2/SC1055)-B-8",48566,"sgh1LZXpIPpix","GMS_MN2025_105051","(CSM-63*2/SC1055)-B-8-1","55812","sgh1LPJMAXvrk",NA,NA,NA,NA,"NO_ISSUES_IDENTIFIED","Introgression_confirmed","ADVANCE BC1F4 IN PV2627","ADVANCE BC1F4 IN PV2627","BC1F4","55812","sgh1LPJMAXvrk"
"GMS_MN2025_104058","(CSM-63*2/SC1055)-B-7","FPSU","GMS_MN2025_104058","GMS_PV2425_0249_07","(CSM-63*2/SC1055)-B-7",48565,"sgh1LibjR12Ed","GMS_MN2025_104058","(CSM-63*2/SC1055)-B-7-1","55811","sgh1L5pcGQUQI",NA,NA,NA,NA,"NO_ISSUES_IDENTIFIED","Introgression_confirmed","ADVANCE BC1F4 IN PV2627","ADVANCE BC1F4 IN PV2627","BC1F4","55811","sgh1L5pcGQUQI"
"GMS_MN2025_134058","(CSM-63*2/SC1055)-B-5","FBKD","GMS_MN2025_134058","GMS_PV2425_0249_05","(CSM-63*2/SC1055)-B-5",48563,"sgh1LfQ2FG82L","GMS_MN2025_134058","(CSM-63*2/SC1055)-B-5-1","55809","sgh1LT5zOT8SW",NA,NA,NA,NA,"NO_ISSUES_IDENTIFIED","Introgression_confirmed","ADVANCE BC1F4 IN PV2627","ADVANCE BC1F4 IN PV2627","BC1F4","55809","sgh1LT5zOT8SW"
"GMS_MN2025_124047","(CSM-63*2/SC1055)-B-3","FDOI","GMS_MN2025_124047","GMS_PV2425_0249_03","(CSM-63*2/SC1055)-B-3",48561,"sgh1LgGvJUvn4","GMS_MN2025_124047","(CSM-63*2/SC1055)-B-3-1","55807","sgh1LJPXzcpft",NA,NA,NA,NA,"NO_ISSUES_IDENTIFIED","Introgression_confirmed","ADVANCE BC1F4 IN PV2627","ADVANCE BC1F4 IN PV2627","BC1F4","55807","sgh1LJPXzcpft"
"GMS_MN2025_113048","(CSM-63*2/SC1055)-B-2","FTFQ","GMS_MN2025_113048","GMS_PV2425_0249_02","(CSM-63*2/SC1055)-B-2",48560,"sgh1Ls22TYB2O","GMS_MN2025_113048","(CSM-63*2/SC1055)-B-2-1","55806","sgh1L0zATTF2o",NA,NA,NA,NA,"NO_ISSUES_IDENTIFIED","Introgression_confirmed","ADVANCE BC1F4 IN PV2627","ADVANCE BC1F4 IN PV2627","BC1F4","55806","sgh1L0zATTF2o"
"GMS_MN2025_129065","(CSM-63*2/SC1055)-B-1","FLYT","GMS_MN2025_129065","GMS_PV2425_0250_01","(CSM-63*2/SC1055)-B-1",48559,"sgh1Lj3oeQ7FH","GMS_MN2025_129065","(CSM-63*2/SC1055)-B-1-1","55826","sgh1LJeZGWIJp",NA,NA,NA,NA,"NO_ISSUES_IDENTIFIED","Introgression_confirmed","ADVANCE BC1F4 IN PV2627","ADVANCE BC1F4 IN PV2627","BC1F4","55826","sgh1LJeZGWIJp"
"GMS_MN2025_116053","(CSM-63*2/Sureno)-B-4","FTUO","GMS_MN2025_116053","GMS_PV2425_0219_04","(CSM-63*2/Sureno)-B-4",43923,"sgh1L3jCmy4rs","GMS_MN2025_116053","(CSM-63*2/Sureno)-B-4-1","54906","sgh1Lr4s1ujN5",NA,NA,NA,NA,"NO_ISSUES_IDENTIFIED","Introgression_confirmed","ADVANCE BC1F4 IN PV2627","ADVANCE BC1F4 IN PV2627","BC1F4","54906","sgh1Lr4s1ujN5"
"GMS_MN2025_114054","(CSM-63*2/SC21)-B-9","FXCK","GMS_MN2025_114054","GMS_PV2425_0251_09","(CSM-63*2/SC21)-B-9",48587,"sgh1LL1oHuqop","GMS_MN2025_114054","(CSM-63*2/SC21)-B-9-1","55834","sgh1LnYzvt3E1",NA,NA,NA,NA,"NO_ISSUES_IDENTIFIED","Introgression_confirmed","ADVANCE BC1F4 IN PV2627","ADVANCE BC1F4 IN PV2627","BC1F4","55834","sgh1LnYzvt3E1"
"GMS_MN2025_136063","(CSM-63*2/SC21)-B-7","FEEA","GMS_MN2025_136063","GMS_PV2425_0251_07","(CSM-63*2/SC21)-B-7",48585,"sgh1LLhvtuxHA","GMS_MN2025_136063","(CSM-63*2/SC21)-B-7-1","55832","sgh1LCKls4cH3",NA,NA,NA,NA,"NO_ISSUES_IDENTIFIED","Introgression_confirmed","ADVANCE BC1F4 IN PV2627","ADVANCE BC1F4 IN PV2627","BC1F4","55832","sgh1LCKls4cH3"
"GMS_MN2025_104060","(CSM-63*2/SC21)-B-2","FLEA","GMS_MN2025_104060","GMS_PV2425_0252_02","(CSM-63*2/SC21)-B-2",48580,"sgh1LZEpnH5tM","GMS_MN2025_104060","(CSM-63*2/SC21)-B-2-1","55828","sgh1LefIYOVZO",NA,NA,NA,NA,"NO_ISSUES_IDENTIFIED","Introgression_confirmed","ADVANCE BC1F4 IN PV2627","ADVANCE BC1F4 IN PV2627","BC1F4","55828","sgh1LefIYOVZO"
"GMS_MN2025_125044","(CSM-63*2/SC21)-B-10","FBEE","GMS_MN2025_125044","GMS_PV2425_0251_10","(CSM-63*2/SC21)-B-10",48588,"sgh1LTrWidthS","GMS_MN2025_125044","(CSM-63*2/SC21)-B-10-1","55845","sgh1L1rVbsEYH",NA,NA,NA,NA,"NO_ISSUES_IDENTIFIED","Introgression_confirmed","ADVANCE BC1F4 IN PV2627","ADVANCE BC1F4 IN PV2627","BC1F4","55845","sgh1L1rVbsEYH"
"GMS_MN2025_136048","(CSM-63*2/SC645)-B-7","FFVY","GMS_MN2025_136048","GMS_PV2425_0253_07","(CSM-63*2/SC645)-B-7",48607,"sgh1LdsUnVniW","GMS_MN2025_136048","(CSM-63*2/SC645)-B-7-1","55851","sgh1LFwGpE8hJ",NA,NA,NA,NA,"NO_ISSUES_IDENTIFIED","Introgression_confirmed","ADVANCE BC1F4 IN PV2627","ADVANCE BC1F4 IN PV2627","BC1F4","55851","sgh1LFwGpE8hJ"
"GMS_MN2025_110064","(CSM-63*2/SC645)-B-6","FTOS","GMS_MN2025_110064","GMS_PV2425_0253_06","(CSM-63*2/SC645)-B-6",48606,"sgh1L3X8UwojM","GMS_MN2025_110064","(CSM-63*2/SC645)-B-6-1","55850","sgh1L0FiaB3WU",NA,NA,NA,NA,"NO_ISSUES_IDENTIFIED","Introgression_confirmed","ADVANCE BC1F4 IN PV2627","ADVANCE BC1F4 IN PV2627","BC1F4","55850","sgh1L0FiaB3WU"
"GMS_MN2025_129055","(CSM-63*2/SC645)-B-5","FIRO","GMS_MN2025_129055","GMS_PV2425_0253_05","(CSM-63*2/SC645)-B-5",48605,"sgh1LYDsKR0BR","GMS_MN2025_129055","(CSM-63*2/SC645)-B-5-1","55849","sgh1L9TRhnE1I",NA,NA,NA,NA,"NO_ISSUES_IDENTIFIED","Introgression_confirmed","ADVANCE BC1F4 IN PV2627","ADVANCE BC1F4 IN PV2627","BC1F4","55849","sgh1L9TRhnE1I"
"GMS_MN2025_129056","(CSM-63*2/SC645)-B-4","FBSW","GMS_MN2025_129056","GMS_PV2425_0253_04","(CSM-63*2/SC645)-B-4",48604,"sgh1Lm2i9PiXC","GMS_MN2025_129056","(CSM-63*2/SC645)-B-4-1","55848","sgh1LLHMLyX5W",NA,NA,NA,NA,"NO_ISSUES_IDENTIFIED","Introgression_confirmed","ADVANCE BC1F4 IN PV2627","ADVANCE BC1F4 IN PV2627","BC1F4","55848","sgh1LLHMLyX5W"
"GMS_MN2025_138047","(CSM-63*2/SC645)-B-2","FIHK","GMS_MN2025_138047","GMS_PV2425_0253_02","(CSM-63*2/SC645)-B-2",48602,"sgh1Lt5ggSu5l","GMS_MN2025_138047","(CSM-63*2/SC645)-B-2-1","55847","sgh1L92iyPBc9",NA,NA,NA,NA,"NO_ISSUES_IDENTIFIED","Introgression_confirmed","ADVANCE BC1F4 IN PV2627","ADVANCE BC1F4 IN PV2627","BC1F4","55847","sgh1L92iyPBc9"
"GMS_MN2025_115046","(CSM-63*2/SC645)-B-10","FHLN","GMS_MN2025_115046","GMS_PV2425_0253_10","(CSM-63*2/SC645)-B-10",48610,"sgh1LORrmXlOs","GMS_MN2025_115046","(CSM-63*2/SC645)-B-10-1","55854","sgh1LUzM2Q59F",NA,NA,NA,NA,"NO_ISSUES_IDENTIFIED","Introgression_confirmed","ADVANCE BC1F4 IN PV2627","ADVANCE BC1F4 IN PV2627","BC1F4","55854","sgh1LUzM2Q59F"
"GMS_MN2025_115056","(CSM-63*2/SC572)-B-8","FMFW","GMS_MN2025_115056","GMS_PV2425_0216_08","(CSM-63*2/SC572)-B-8",43882,"sgh1LGSTLCynj","GMS_MN2025_115056","(CSM-63*2/SC572)-B-8-1","57645","sgh1LVSHDsnHy",NA,NA,NA,NA,"NO_ISSUES_IDENTIFIED","Introgression_confirmed","ADVANCE BC1F4 IN PV2627","ADVANCE BC1F4 IN PV2627","BC1F4","57645","sgh1LVSHDsnHy"
"GMS_MN2025_137065","(CSM-63*2/SC572)-B-7","FPIF","GMS_MN2025_137065","GMS_PV2425_0216_07","(CSM-63*2/SC572)-B-7",43881,"sgh1LxeoaDJgX","GMS_MN2025_137065","(CSM-63*2/SC572)-B-7-1","57644","sgh1LR1YPHq03",NA,NA,NA,NA,"NO_ISSUES_IDENTIFIED","Introgression_confirmed","ADVANCE BC1F4 IN PV2627","ADVANCE BC1F4 IN PV2627","BC1F4","57644","sgh1LR1YPHq03"
"GMS_MN2025_124066","(CSM-63*2/SC572)-B-3","FSNT","GMS_MN2025_124066","GMS_PV2425_0216_03","(CSM-63*2/SC572)-B-3",43877,"sgh1LhZIIqLGT","GMS_MN2025_124066","(CSM-63*2/SC572)-B-3-1","57643","sgh1LVREetXKb",NA,NA,NA,NA,"NO_ISSUES_IDENTIFIED","Introgression_confirmed","ADVANCE BC1F4 IN PV2627","ADVANCE BC1F4 IN PV2627","BC1F4","57643","sgh1LVREetXKb"
"GMS_MN2025_226106","(CSM-63*2/SC166)-B-1","FGJI","GMS_MN2025_226106","GMS_PV2425_0215_01","(CSM-63*2/SC166)-B-1",43860,"sgh1L7rByXoch","GMS_MN2025_226106","(CSM-63*2/SC166)-B-1-1","54878","sgh1LcYcYW8Qd",NA,NA,NA,NA,"NO_ISSUES_IDENTIFIED","Introgression_confirmed","ADVANCE BC1F4 IN PV2627","ADVANCE BC1F4 IN PV2627","BC1F4","54878","sgh1LcYcYW8Qd"
"GMS_MN2025_110045","(CSM-63*2/ICSV1089BF)-B-6","FFKN","GMS_MN2025_110045","GMS_PV2425_0225_06","(CSM-63*2/ICSV1089BF)-B-6",44000,"sgh1LsOXzA8FF","GMS_MN2025_110045","(CSM-63*2/ICSV1089BF)-B-6-1","54970","sgh1L8B7EMED6",NA,NA,NA,NA,"NO_ISSUES_IDENTIFIED","Introgression_confirmed","ADVANCE BC1F4 IN PV2627","ADVANCE BC1F4 IN PV2627","BC1F4","54970","sgh1L8B7EMED6"
"GMS_MN2025_105064","(CSM-63*2/ICSV1089BF)-B-3","FGTX","GMS_MN2025_105064","GMS_PV2425_0225_03","(CSM-63*2/ICSV1089BF)-B-3",43997,"sgh1LMouNC2Qj","GMS_MN2025_105064","(CSM-63*2/ICSV1089BF)-B-3-1","54967","sgh1LxuiWJ2wz",NA,NA,NA,NA,"NO_ISSUES_IDENTIFIED","Introgression_confirmed","ADVANCE BC1F4 IN PV2627","ADVANCE BC1F4 IN PV2627","BC1F4","54967","sgh1LxuiWJ2wz"
"25ALM_BC1F3s1_1908","(IRAT204*2/SC1074)-B-19","FPAG","25ALM_BC1F3s1_1708","GMS_MN2024_MIN_13073_19","(IRAT204*2/SC1074)-B-19",48298,"sgh1L5SBdA4xu","GMS_PGF2025_MIN_1708","(IRAT204*2/SC1074)-B-19-1","55543","sgh1LLjgNAm1B",NA,NA,NA,NA,"NOT_HARVESTED_PV2526","Introgression_confirmed","ADVANCE BC1F4 IN PGF","ADVANCE BC1F4 IN PGF","BC1F4","55543","sgh1LLjgNAm1B"
"25ALM_BC1F3s1_2302","(IRAT204*2/Soberano)-B-16","FRDO","25ALM_BC1F3s1_1565","GMS_MN2024_MIN_12084_16","(IRAT204*2/Soberano)-B-16",48249,"sgh1LzdlQqCYQ","GMS_PGF2025_MIN_1565","(IRAT204*2/Soberano)-B-16-1","55494","sgh1LCJ8DFnZ4",NA,NA,NA,NA,"NOT_HARVESTED_PV2526","Introgression_confirmed","ADVANCE BC1F4 IN PV2627","ADVANCE BC1F4 IN PV2627","BC1F4","55494","sgh1LCJ8DFnZ4"
"25ALM_BC1F3s1_0302","(IRAT204*2/Soberano)-B-13","FIBZ","25ALM_BC1F3s1_1578","GMS_MN2024_MIN_13066_13","(IRAT204*2/Soberano)-B-13",48246,"sgh1L0G5VyIUX","GMS_PGF2025_MIN_1578","(IRAT204*2/Soberano)-B-13-1","55876","sgh1L70EJjE4l",NA,NA,NA,NA,"NOT_HARVESTED_PV2526","Introgression_confirmed","ADVANCE BC1F4 IN PV2627","ADVANCE BC1F4 IN PV2627","BC1F4","55876","sgh1L70EJjE4l"
"25ALM_BC1F3s1_2624","(Mota Maradi*2/SC49)-B-7","FVKW","25ALM_BC1F3s1_1031","GMS_PV2324_MIN_16016_07","(Mota Maradi*2/SC49)-B-7",44151,"sgh1Libyzu1FH","GMS_PGF2025_MIN_1031","(Mota Maradi*2/SC49)-B-7-1","55043","sgh1LMyncjK3K","GMS_PV2526_3887","(Mota Maradi*2/SC49)-B-7-1-1","112115","sgh1LCDTToGD4","NO_ISSUES_IDENTIFIED","Introgression_confirmed","ADVANCE BC1F5 IN PV2627","ADVANCE BC1F5 IN PV2627","BC1F5","112115","sgh1LCDTToGD4"
"25ALM_BC1F3s1_2433","(Mota Maradi*2/SC49)-B-3","FMHV","25ALM_BC1F3s1_1027","GMS_PV2324_MIN_16016_03","(Mota Maradi*2/SC49)-B-3",44147,"sgh1LyCjYnOoq","GMS_PGF2025_MIN_1027","(Mota Maradi*2/SC49)-B-3-1","55039","sgh1LBaUeBH5Y","GMS_PV2526_3886","(Mota Maradi*2/SC49)-B-3-1-1","112114","sgh1L23ePxIR7","NO_ISSUES_IDENTIFIED","Introgression_confirmed","ADVANCE BC1F5 IN PV2627","ADVANCE BC1F5 IN PV2627","BC1F5","112114","sgh1L23ePxIR7"
"25ALM_BC1F3s1_1849","(Mota Maradi*2/SC49)-B-13","FBHB","25ALM_BC1F3s1_1037","GMS_PV2324_MIN_16016_13","(Mota Maradi*2/SC49)-B-13",44157,"sgh1Ll3mBSdqX","GMS_PGF2025_MIN_1037","(Mota Maradi*2/SC49)-B-13-1","55049","sgh1LT3gaxUcQ","GMS_PV2526_3885","(Mota Maradi*2/SC49)-B-13-1-1","112113","sgh1LMPVB1iUi","NO_ISSUES_IDENTIFIED","Introgression_confirmed","ADVANCE BC1F5 IN PV2627","ADVANCE BC1F5 IN PV2627","BC1F5","112113","sgh1LMPVB1iUi"
"25ALM_BC1F3s1_0146","(Mota Maradi*2/SC49)-B-12","FLGU","25ALM_BC1F3s1_1036","GMS_PV2324_MIN_16016_12","(Mota Maradi*2/SC49)-B-12",44156,"sgh1LG1lpw81j","GMS_PGF2025_MIN_1036","(Mota Maradi*2/SC49)-B-12-1","55048","sgh1LnLtqMHW8","GMS_PV2526_3884","(Mota Maradi*2/SC49)-B-12-1-1","112112","sgh1LNtDvB8rC","NO_ISSUES_IDENTIFIED","Introgression_confirmed","ADVANCE BC1F5 IN PV2627","ADVANCE BC1F5 IN PV2627","BC1F5","112112","sgh1LNtDvB8rC"
"25ALM_BC1F3s1_0157","(Mota Maradi*2/01MN1589-B)-B-9","FCAI","25ALM_BC1F3s1_2006","GMS_MN2024_MIN_14070_09","(Mota Maradi*2/01MN1589-B)-B-9",48461,"sgh1LwWtZ4P1A","GMS_PGF2025_MIN_2006","(Mota Maradi*2/01MN1589-B)-B-9-1","55703","sgh1L86ogGWGI","GMS_PV2526_3869","(Mota Maradi*2/01MN1589-B)-B-9-1-1","67224","sgh1Lq6ydP9VF","NO_ISSUES_IDENTIFIED","Introgression_confirmed","ADVANCE BC1F5 IN PV2627","ADVANCE BC1F5 IN PV2627","BC1F5","67224","sgh1Lq6ydP9VF"
"25ALM_BC1F3s1_0019","(Mota Maradi*2/01MN1589-B)-B-8","FYCY","25ALM_BC1F3s1_2005","GMS_MN2024_MIN_14070_08","(Mota Maradi*2/01MN1589-B)-B-8",48460,"sgh1LkiH4ogHV","GMS_PGF2025_MIN_2005","(Mota Maradi*2/01MN1589-B)-B-8-1","55702","sgh1L8E9jZWip","GMS_PV2526_3868","(Mota Maradi*2/01MN1589-B)-B-8-1-1","65682","sgh1LajHRB32i","NO_ISSUES_IDENTIFIED","Introgression_confirmed","ADVANCE BC1F5 IN PV2627","ADVANCE BC1F5 IN PV2627","BC1F5","65682","sgh1LajHRB32i"
"25ALM_BC1F3s1_2649","(Mota Maradi*2/01MN1589-B)-B-7","FWRT","25ALM_BC1F3s1_1981","GMS_MN2024_MIN_14069_07","(Mota Maradi*2/01MN1589-B)-B-7",48459,"sgh1LEj0NOz0x","GMS_PGF2025_MIN_1981","(Mota Maradi*2/01MN1589-B)-B-7-1","55701","sgh1LP76vJw4i","GMS_PV2526_3867","(Mota Maradi*2/01MN1589-B)-B-7-1-1","65620","sgh1LfVU5eSNW","NO_ISSUES_IDENTIFIED","Introgression_confirmed","ADVANCE BC1F5 IN PV2627","ADVANCE BC1F5 IN PV2627","BC1F5","65620","sgh1LfVU5eSNW"
"25ALM_BC1F3s1_0222","(Mota Maradi*2/01MN1589-B)-B-19","FURT","25ALM_BC1F3s1_1993","GMS_MN2024_MIN_14069_19","(Mota Maradi*2/01MN1589-B)-B-19",48471,"sgh1LdaqgSmk0","GMS_PGF2025_MIN_1993","(Mota Maradi*2/01MN1589-B)-B-19-1","55713","sgh1LQrdcS8Yx","GMS_PV2526_3866","(Mota Maradi*2/01MN1589-B)-B-19-1-1","67196","sgh1L4hfBhQUT","NO_ISSUES_IDENTIFIED","Introgression_confirmed","ADVANCE BC1F5 IN PV2627","ADVANCE BC1F5 IN PV2627","BC1F5","67196","sgh1L4hfBhQUT"
"25ALM_BC1F3s1_0641","(Mota Maradi*2/01MN1589-B)-B-17","FPDE","25ALM_BC1F3s1_1991","GMS_MN2024_MIN_14069_17","(Mota Maradi*2/01MN1589-B)-B-17",48469,"sgh1LhJPLlmN4","GMS_PGF2025_MIN_1991","(Mota Maradi*2/01MN1589-B)-B-17-1","55711","sgh1LsKSpj3fr","GMS_PV2526_3865","(Mota Maradi*2/01MN1589-B)-B-17-1-1","67172","sgh1LTgWF9yIF","NO_ISSUES_IDENTIFIED","Introgression_confirmed","ADVANCE BC1F5 IN PV2627","ADVANCE BC1F5 IN PV2627","BC1F5","67172","sgh1LTgWF9yIF"
"25ALM_BC1F3s1_1968","(Mota Maradi*2/Red Kafir)-B-9","FLNQ","25ALM_BC1F3s1_1230","GMS_PV2324_MIN_16030_09","(Mota Maradi*2/Red Kafir)-B-9",44363,"sgh1LvlSnMdFV","GMS_PGF2025_MIN_1230","(Mota Maradi*2/Red Kafir)-B-9-1","55230","sgh1LaFJarZy3","GMS_PV2526_3877","(Mota Maradi*2/Red Kafir)-B-9-1-1","112110","sgh1L7OoSN24J","NO_ISSUES_IDENTIFIED","Introgression_confirmed","ADVANCE BC1F5 IN PV2627","ADVANCE BC1F5 IN PV2627","BC1F5","112110","sgh1L7OoSN24J"
"25ALM_BC1F3s1_0263","(Mota Maradi*2/Red Kafir)-B-8","FDWU","25ALM_BC1F3s1_1229","GMS_PV2324_MIN_16030_08","(Mota Maradi*2/Red Kafir)-B-8",44362,"sgh1LjxzlMycW","GMS_PGF2025_MIN_1229","(Mota Maradi*2/Red Kafir)-B-8-1","55229","sgh1LlgG17xpJ","GMS_PV2526_3876","(Mota Maradi*2/Red Kafir)-B-8-1-1","112109","sgh1LAA4IW2pn","NO_ISSUES_IDENTIFIED","Introgression_confirmed","ADVANCE BC1F5 IN PV2627","ADVANCE BC1F5 IN PV2627","BC1F5","112109","sgh1LAA4IW2pn"
"25ALM_BC1F3s1_1905","(Mota Maradi*2/Red Kafir)-B-7","FOAY","25ALM_BC1F3s1_1228","GMS_PV2324_MIN_16030_07","(Mota Maradi*2/Red Kafir)-B-7",44361,"sgh1LGKXRUlpu","GMS_PGF2025_MIN_1228","(Mota Maradi*2/Red Kafir)-B-7-1","55228","sgh1LgxJcAHZG","GMS_PV2526_3875","(Mota Maradi*2/Red Kafir)-B-7-1-1","112108","sgh1LHTrtV7Bi","NO_ISSUES_IDENTIFIED","Introgression_confirmed","ADVANCE BC1F5 IN PV2627","ADVANCE BC1F5 IN PV2627","BC1F5","112108","sgh1LHTrtV7Bi"
"25ALM_BC1F3s1_1979","(Mota Maradi*2/Red Kafir)-B-2","FQND","25ALM_BC1F3s1_1223","GMS_PV2324_MIN_16030_02","(Mota Maradi*2/Red Kafir)-B-2",44356,"sgh1L2SHOExSs","GMS_PGF2025_MIN_1223","(Mota Maradi*2/Red Kafir)-B-2-1","55223","sgh1LKPaxgjNz","GMS_PV2526_3873","(Mota Maradi*2/Red Kafir)-B-2-1-1","112106","sgh1L5DZGs2yk","NO_ISSUES_IDENTIFIED","Introgression_confirmed","ADVANCE BC1F5 IN PV2627","ADVANCE BC1F5 IN PV2627","BC1F5","112106","sgh1L5DZGs2yk"
"25ALM_BC1F3s1_2379","(Mota Maradi*2/Red Kafir)-B-13","FQLJ","25ALM_BC1F3s1_1234","GMS_PV2324_MIN_16030_13","(Mota Maradi*2/Red Kafir)-B-13",44367,"sgh1LxgQpzlpQ","GMS_PGF2025_MIN_1234","(Mota Maradi*2/Red Kafir)-B-13-1","55234","sgh1LcQMLdQO6","GMS_PV2526_3872","(Mota Maradi*2/Red Kafir)-B-13-1-1","112105","sgh1LGS9wkgrJ","NO_ISSUES_IDENTIFIED","Introgression_confirmed","ADVANCE BC1F5 IN PV2627","ADVANCE BC1F5 IN PV2627","BC1F5","112105","sgh1LGS9wkgrJ"
"25ALM_BC1F3s1_1424","(Mota Maradi*2/Red Kafir)-B-10","FETM","25ALM_BC1F3s1_1231","GMS_PV2324_MIN_16030_10","(Mota Maradi*2/Red Kafir)-B-10",44364,"sgh1LaBWNyvxN","GMS_PGF2025_MIN_1231","(Mota Maradi*2/Red Kafir)-B-10-1","55231","sgh1LmYBDRMcF","GMS_PV2526_3871","(Mota Maradi*2/Red Kafir)-B-10-1-1","112104","sgh1LKKoLLbqc","NO_ISSUES_IDENTIFIED","Introgression_confirmed","ADVANCE BC1F5 IN PV2627","ADVANCE BC1F5 IN PV2627","BC1F5","112104","sgh1LKKoLLbqc"
"25ALM_BC1F3s1_2825","(Mota Maradi*2/Tx2911)-B-6","FTTZ","25ALM_BC1F3s1_1218","GMS_PV2324_MIN_16029_06","(Mota Maradi*2/Tx2911)-B-6",44345,"sgh1L6aswgFqX","GMS_PGF2025_MIN_1218","(Mota Maradi*2/Tx2911)-B-6-1","55218","sgh1LD5nLCbKc","GMS_PV2526_3899","(Mota Maradi*2/Tx2911)-B-6-1-1","65792","sgh1LiaE3mQP1","NO_ISSUES_IDENTIFIED","Introgression_confirmed","ADVANCE BC1F5 IN PV2627","ADVANCE BC1F5 IN PV2627","BC1F5","65792","sgh1LiaE3mQP1"
"25ALM_BC1F3s1_2427","(Mota Maradi*2/SC449)-B-6","FYYU","25ALM_BC1F3s1_1075","GMS_PV2324_MIN_16019_06","(Mota Maradi*2/SC449)-B-6",44195,"sgh1LHLKr1hec","GMS_PGF2025_MIN_1075","(Mota Maradi*2/SC449)-B-6-1","55084","sgh1LPAwbiSaH","GMS_PV2526_3883","(Mota Maradi*2/SC449)-B-6-1-1","112111","sgh1LdaMnJWNr","NO_ISSUES_IDENTIFIED","Introgression_confirmed","ADVANCE BC1F5 IN PV2627","ADVANCE BC1F5 IN PV2627","BC1F5","112111","sgh1LdaMnJWNr"
"25ALM_BC1F3s1_2736","(Mota Maradi*2/SC1056)-B-9","FFBO","25ALM_BC1F3s1_2074","GMS_MN2024_MIN_14075_09","(Mota Maradi*2/SC1056)-B-9",44168,"sgh1L1PqUuXMk","GMS_PGF2025_MIN_2074","(Mota Maradi*2/SC1056)-B-9-1","55060","sgh1LermYTFYz","GMS_PV2526_3881","(Mota Maradi*2/SC1056)-B-9-1-1","65375","sgh1LirkhazvU","NO_ISSUES_IDENTIFIED","Introgression_confirmed","ADVANCE BC1F5 IN PV2627","ADVANCE BC1F5 IN PV2627","BC1F5","65375","sgh1LirkhazvU"
"25ALM_BC1F3s1_2862","(Mota Maradi*2/SC1056)-B-12","FVXQ","25ALM_BC1F3s1_1051","GMS_PV2324_MIN_16017_12","(Mota Maradi*2/SC1056)-B-12",44171,"sgh1LiYa0G9Cw","GMS_PGF2025_MIN_1051","(Mota Maradi*2/SC1056)-B-12-1","55063","sgh1Lxnwq6g4R","GMS_PV2526_3879","(Mota Maradi*2/SC1056)-B-12-1-1","67318","sgh1Lc2TOW1c7","NO_ISSUES_IDENTIFIED","Introgression_confirmed","ADVANCE BC1F5 IN PV2627","ADVANCE BC1F5 IN PV2627","BC1F5","67318","sgh1Lc2TOW1c7"
"25ALM_BC1F3s1_1601","(Mota Maradi*2/SC1056)-B-11","FJTQ","25ALM_BC1F3s1_1050","GMS_PV2324_MIN_16017_11","(Mota Maradi*2/SC1056)-B-11",44170,"sgh1LKCbWyRxT","GMS_PGF2025_MIN_1050","(Mota Maradi*2/SC1056)-B-11-1","55062","sgh1Lh7VFlqNP","GMS_PV2526_3878","(Mota Maradi*2/SC1056)-B-11-1-1","65816","sgh1L0TilGKMD","NO_ISSUES_IDENTIFIED","Introgression_confirmed","ADVANCE BC1F5 IN PV2627","ADVANCE BC1F5 IN PV2627","BC1F5","65816","sgh1L0TilGKMD"
"25ALM_BC1F3s1_0454","(Mota Maradi*2/SC760)-B-10","FLOF","25ALM_BC1F3s1_1368","GMS_PV2324_MIN_15027_10","(Mota Maradi*2/SC760)-B-10",44514,"sgh1LfSMNf5OW","GMS_PGF2025_MIN_1368","(Mota Maradi*2/SC760)-B-10-1","55364","sgh1L6xCkq3bU","GMS_PV2526_3897","(Mota Maradi*2/SC760)-B-10-1-1","67657","sgh1LXA86OBc4","NO_ISSUES_IDENTIFIED","Introgression_confirmed","ADVANCE BC1F5 IN PV2627","ADVANCE BC1F5 IN PV2627","BC1F5","67657","sgh1LXA86OBc4"
"25ALM_BC1F3s1_0101","(Mota Maradi*2/SC630)-B-18","FDZH","25ALM_BC1F3s1_2033","GMS_MN2024_MIN_14071_18","(Mota Maradi*2/SC630)-B-18",48492,"sgh1L0Vtbev3W","GMS_PGF2025_MIN_2033","(Mota Maradi*2/SC630)-B-18-1","55732","sgh1Lk6rtLJ0z","GMS_PV2526_3896","(Mota Maradi*2/SC630)-B-18-1-1","112120","sgh1LOKezR7jh","NO_ISSUES_IDENTIFIED","Introgression_confirmed","ADVANCE BC1F5 IN PV2627","ADVANCE BC1F5 IN PV2627","BC1F5","112120","sgh1LOKezR7jh"
"25ALM_BC1F3s1_2819","(Mota Maradi*2/SC53)-B-3","FQWD","25ALM_BC1F3s1_1956","GMS_MN2024_MIN_14068_03","(Mota Maradi*2/SC53)-B-3",48431,"sgh1LOeABEbmc","GMS_PGF2025_MIN_1956","(Mota Maradi*2/SC53)-B-3-1","55673","sgh1LRGkM89se","GMS_PV2526_3890","(Mota Maradi*2/SC53)-B-3-1-1","112116","sgh1L6vXVTXob","NO_ISSUES_IDENTIFIED","Introgression_confirmed","ADVANCE BC1F5 IN PV2627","ADVANCE BC1F5 IN PV2627","BC1F5","112116","sgh1L6vXVTXob"
"25ALM_BC1F3s1_2879","(Mota Maradi*2/SC53)-B-18","FYKX","25ALM_BC1F3s1_1971","GMS_MN2024_MIN_14068_18","(Mota Maradi*2/SC53)-B-18",48446,"sgh1LzngYCRbY","GMS_PGF2025_MIN_1971","(Mota Maradi*2/SC53)-B-18-1","55688","sgh1Lm5beC1HT","GMS_PV2526_3889","(Mota Maradi*2/SC53)-B-18-1-1","65671","sgh1Ld73ciiCD","NO_ISSUES_IDENTIFIED","Introgression_confirmed","ADVANCE BC1F5 IN PV2627","ADVANCE BC1F5 IN PV2627","BC1F5","65671","sgh1Ld73ciiCD"
"25ALM_BC1F3s1_2865","(Mota Maradi*2/SC53)-B-12","FKXZ","25ALM_BC1F3s1_1965","GMS_MN2024_MIN_14068_12","(Mota Maradi*2/SC53)-B-12",48440,"sgh1LaSeaZMpj","GMS_PGF2025_MIN_1965","(Mota Maradi*2/SC53)-B-12-1","55682","sgh1Lw5jBVic0","GMS_PV2526_3888","(Mota Maradi*2/SC53)-B-12-1-1","67781","sgh1LKjNiWAUR","NO_ISSUES_IDENTIFIED","Introgression_confirmed","ADVANCE BC1F5 IN PV2627","ADVANCE BC1F5 IN PV2627","BC1F5","67781","sgh1LKjNiWAUR"
"25ALM_BC1F3s1_0042","(IRAT204*2/SC702)-B-4","FIDI","25ALM_BC1F3s1_0632","GMS_PV2324_MIN_15016_04","(IRAT204*2/SC702)-B-4",43383,"sgh1LvF7U2Uqv","GMS_PGF2025_MIN_0632","(IRAT204*2/SC702)-B-4-1","54673","sgh1Ly3qH31Kk","GMS_PV2526_3725","(IRAT204*2/SC702)-B-4-1-1","112053","sgh1L6s9tIZIO","NO_ISSUES_IDENTIFIED","Introgression_confirmed","ADVANCE BC1F5 IN PV2627","ADVANCE BC1F5 IN PV2627","BC1F5","112053","sgh1L6s9tIZIO"
"25ALM_BC1F3s1_0206","(IRAT204*2/SC702)-B-3","FLWC","25ALM_BC1F3s1_0631","GMS_PV2324_MIN_15016_03","(IRAT204*2/SC702)-B-3",43382,"sgh1LKxDVcgrZ","GMS_PGF2025_MIN_0631","(IRAT204*2/SC702)-B-3-1","54672","sgh1LBtIpcV01","GMS_PV2526_3724","(IRAT204*2/SC702)-B-3-1-1","112052","sgh1LgfUVSMQa","NO_ISSUES_IDENTIFIED","Introgression_confirmed","ADVANCE BC1F5 IN PV2627","ADVANCE BC1F5 IN PV2627","BC1F5","112052","sgh1LgfUVSMQa"
"25ALM_BC1F3s1_0166","(IRAT204*2/SC702)-B-2","FMUC","25ALM_BC1F3s1_0630","GMS_PV2324_MIN_15016_02","(IRAT204*2/SC702)-B-2",43381,"sgh1LGN5mouIh","GMS_PGF2025_MIN_0630","(IRAT204*2/SC702)-B-2-1","54671","sgh1LXF8CtAPV","GMS_PV2526_3723","(IRAT204*2/SC702)-B-2-1-1","111903","sgh1LSTiyBHix","NO_ISSUES_IDENTIFIED","Introgression_confirmed","ADVANCE BC1F5 IN PV2627","ADVANCE BC1F5 IN PV2627","BC1F5","111903","sgh1LSTiyBHix"
"25ALM_BC1F3s1_1045","(IRAT204*2/SC621)-B-9","FDED","25ALM_BC1F3s1_1295","GMS_PV2324_MIN_15022_09","(IRAT204*2/SC621)-B-9",44438,"sgh1L1ISZblsd","GMS_PGF2025_MIN_1295","(IRAT204*2/SC621)-B-9-1","55293","sgh1LPhmNu4AU","GMS_PV2526_3684","(IRAT204*2/SC621)-B-9-1-1","112024","sgh1L6drJdUmJ","NO_ISSUES_IDENTIFIED","Introgression_confirmed","ADVANCE BC1F5 IN PV2627","ADVANCE BC1F5 IN PV2627","BC1F5","112024","sgh1L6drJdUmJ"
"25ALM_BC1F3s1_1326","(IRAT204*2/SC621)-B-5","FIUF","25ALM_BC1F3s1_1291","GMS_PV2324_MIN_15022_05","(IRAT204*2/SC621)-B-5",44434,"sgh1LSkoZO8zw","GMS_PGF2025_MIN_1291","(IRAT204*2/SC621)-B-5-1","55289","sgh1LsXeJAR7f","GMS_PV2526_3683","(IRAT204*2/SC621)-B-5-1-1","111891","sgh1Lkou5UIGk","NO_ISSUES_IDENTIFIED","Introgression_confirmed","ADVANCE BC1F5 IN PV2627","ADVANCE BC1F5 IN PV2627","BC1F5","111891","sgh1Lkou5UIGk"
"25ALM_BC1F3s1_2013","(IRAT204*2/SC621)-B-3","FYRL","25ALM_BC1F3s1_1289","GMS_PV2324_MIN_15022_03","(IRAT204*2/SC621)-B-3",44432,"sgh1LC2LgAvJC","GMS_PGF2025_MIN_1289","(IRAT204*2/SC621)-B-3-1","55287","sgh1LJjag7egI","GMS_PV2526_3682","(IRAT204*2/SC621)-B-3-1-1","111890","sgh1LDSa4rpjC","NO_ISSUES_IDENTIFIED","Introgression_confirmed","ADVANCE BC1F5 IN PV2627","ADVANCE BC1F5 IN PV2627","BC1F5","111890","sgh1LDSa4rpjC"
"25ALM_BC1F3s1_1226","(IRAT204*2/SC621)-B-15","FSLT","25ALM_BC1F3s1_1301","GMS_PV2324_MIN_15022_15","(IRAT204*2/SC621)-B-15",44444,"sgh1LOkogeVLG","GMS_PGF2025_MIN_1301","(IRAT204*2/SC621)-B-15-1","55299","sgh1LtMrkbsxG","GMS_PV2526_3681","(IRAT204*2/SC621)-B-15-1-1","112023","sgh1L2gSRQ593","NO_ISSUES_IDENTIFIED","Introgression_confirmed","ADVANCE BC1F5 IN PV2627","ADVANCE BC1F5 IN PV2627","BC1F5","112023","sgh1L2gSRQ593"
"25ALM_BC1F3s1_1991","(IRAT204*2/SC621)-B-11","FTKU","25ALM_BC1F3s1_1297","GMS_PV2324_MIN_15022_11","(IRAT204*2/SC621)-B-11",44440,"sgh1LhikCn7bc","GMS_PGF2025_MIN_1297","(IRAT204*2/SC621)-B-11-1","55295","sgh1L5EGHuPNg","GMS_PV2526_3680","(IRAT204*2/SC621)-B-11-1-1","112022","sgh1LiBAuqB61","NO_ISSUES_IDENTIFIED","Introgression_confirmed","ADVANCE BC1F5 IN PV2627","ADVANCE BC1F5 IN PV2627","BC1F5","112022","sgh1LiBAuqB61"
"25ALM_BC1F3s1_0545","(IRAT204*2/SC621)-B-1","FAFY","25ALM_BC1F3s1_1287","GMS_PV2324_MIN_15022_01","(IRAT204*2/SC621)-B-1",44430,"sgh1LtYkss6Y1","GMS_PGF2025_MIN_1287","(IRAT204*2/SC621)-B-1-1","55285","sgh1L7s5nzcya","GMS_PV2526_3679","(IRAT204*2/SC621)-B-1-1-1","111889","sgh1LV76r5zlw","NO_ISSUES_IDENTIFIED","Introgression_confirmed","ADVANCE BC1F5 IN PV2627","ADVANCE BC1F5 IN PV2627","BC1F5","111889","sgh1LV76r5zlw"
"25ALM_BC1F3s1_1749","(IRAT204*2/SC301)-B-6","FTSB","25ALM_BC1F3s1_0578","GMS_PV2324_MIN_15013_06","(IRAT204*2/SC301)-B-6",43310,"sgh1L1E0CgI6n","GMS_PGF2025_MIN_0578","(IRAT204*2/SC301)-B-6-1","54623","sgh1L0ERhpeFN","GMS_PV2526_3644","(IRAT204*2/SC301)-B-6-1-1","112005","sgh1LngeLHsqi","NO_ISSUES_IDENTIFIED","Introgression_confirmed","ADVANCE BC1F5 IN PV2627","ADVANCE BC1F5 IN PV2627","BC1F5","112005","sgh1LngeLHsqi"
"25ALM_BC1F3s1_0612","(IRAT204*2/SC295)-B-9","FNDW","25ALM_BC1F3s1_0596","GMS_PV2324_MIN_15014_09","(IRAT204*2/SC295)-B-9",43328,"sgh1LagKeT7ky","GMS_PGF2025_MIN_0596","(IRAT204*2/SC295)-B-9-1","54639","sgh1Ly8JikpBU","GMS_PV2526_3643","(IRAT204*2/SC295)-B-9-1-1","112004","sgh1LwIodwt6G","NO_ISSUES_IDENTIFIED","Introgression_confirmed","ADVANCE BC1F5 IN PV2627","ADVANCE BC1F5 IN PV2627","BC1F5","112004","sgh1LwIodwt6G"
"25ALM_BC1F3s1_0735","(IRAT204*2/SC295)-B-2","FIGW","25ALM_BC1F3s1_0589","GMS_PV2324_MIN_15014_02","(IRAT204*2/SC295)-B-2",43321,"sgh1LYLbD9rS6","GMS_PGF2025_MIN_0589","(IRAT204*2/SC295)-B-2-1","54632","sgh1LPc0NDz9Y","GMS_PV2526_3642","(IRAT204*2/SC295)-B-2-1-1","112003","sgh1LMRRK6MCy","NO_ISSUES_IDENTIFIED","Introgression_confirmed","ADVANCE BC1F5 IN PV2627","ADVANCE BC1F5 IN PV2627","BC1F5","112003","sgh1LMRRK6MCy"
"25ALM_BC1F3s1_1022","(IRAT204*2/SC1465)-B-8","FIKX","25ALM_BC1F3s1_0826","GMS_PV2324_MIN_14025_08","(IRAT204*2/SC1465)-B-8",43837,"sgh1LTFEXZfIh","GMS_PGF2025_MIN_0826","(IRAT204*2/SC1465)-B-8-1","54859","sgh1LsLReleu9","GMS_PV2526_3636","(IRAT204*2/SC1465)-B-8-1-1","111999","sgh1L42UVinhn","NO_ISSUES_IDENTIFIED","Introgression_confirmed","ADVANCE BC1F5 IN PV2627","ADVANCE BC1F5 IN PV2627","BC1F5","111999","sgh1L42UVinhn"
"25ALM_BC1F3s1_1129","(IRAT204*2/SC1465)-B-13","FCXG","25ALM_BC1F3s1_0831","GMS_PV2324_MIN_14025_13","(IRAT204*2/SC1465)-B-13",43842,"sgh1LyEZe5EIv","GMS_PGF2025_MIN_0831","(IRAT204*2/SC1465)-B-13-1","54863","sgh1Lrz4S0Izf","GMS_PV2526_3635","(IRAT204*2/SC1465)-B-13-1-1","111998","sgh1LisrcuT77","NO_ISSUES_IDENTIFIED","Introgression_confirmed","ADVANCE BC1F5 IN PV2627","ADVANCE BC1F5 IN PV2627","BC1F5","111998","sgh1LisrcuT77"
"25ALM_BC1F3s1_1534","(IRAT204*2/SC1465)-B-11","FAMJ","25ALM_BC1F3s1_0829","GMS_PV2324_MIN_14025_11","(IRAT204*2/SC1465)-B-11",43840,"sgh1LpKxdNRG8","GMS_PGF2025_MIN_0829","(IRAT204*2/SC1465)-B-11-1","54862","sgh1LluVHPZtk","GMS_PV2526_3634","(IRAT204*2/SC1465)-B-11-1-1","111997","sgh1LMxP1xAcr","NO_ISSUES_IDENTIFIED","Introgression_confirmed","ADVANCE BC1F5 IN PV2627","ADVANCE BC1F5 IN PV2627","BC1F5","111997","sgh1LMxP1xAcr"
"25ALM_BC1F3s1_0716","(IRAT204*2/SC1465)-B-1","FUJG","25ALM_BC1F3s1_0819","GMS_PV2324_MIN_14025_01","(IRAT204*2/SC1465)-B-1",43830,"sgh1LteVYy0jD","GMS_PGF2025_MIN_0819","(IRAT204*2/SC1465)-B-1-1","54853","sgh1LC0VeckdX","GMS_PV2526_3632","(IRAT204*2/SC1465)-B-1-1-1","111869","sgh1LjfDDUEMF","NO_ISSUES_IDENTIFIED","Introgression_confirmed","ADVANCE BC1F5 IN PV2627","ADVANCE BC1F5 IN PV2627","BC1F5","111869","sgh1LjfDDUEMF"
"25ALM_BC1F3s1_1990","(IRAT204*2/SC1074)-B-9","FMBQ","25ALM_BC1F3s1_1698","GMS_MN2024_MIN_13073_09","(IRAT204*2/SC1074)-B-9",42722,"sgh1L929ikD7v","GMS_PGF2025_MIN_1698","(IRAT204*2/SC1074)-B-9-1","54203","sgh1LPHiRYmNh","GMS_PV2526_3596","(IRAT204*2/SC1074)-B-9-1-1","65394","sgh1LJcIKoreJ","NO_ISSUES_IDENTIFIED","Introgression_confirmed","ADVANCE BC1F5 IN PV2627","ADVANCE BC1F5 IN PV2627","BC1F5","65394","sgh1LJcIKoreJ"
"25ALM_BC1F3s1_0203","(IRAT204*2/SC1074)-B-8","FJQK","25ALM_BC1F3s1_1697","GMS_MN2024_MIN_13073_08","(IRAT204*2/SC1074)-B-8",42721,"sgh1LhdaTU7pG","GMS_PGF2025_MIN_1697","(IRAT204*2/SC1074)-B-8-1","54202","sgh1LPbKUmGWM","GMS_PV2526_3595","(IRAT204*2/SC1074)-B-8-1-1","67361","sgh1Lohs9L4id","NO_ISSUES_IDENTIFIED","Introgression_confirmed","ADVANCE BC1F5 IN PV2627","ADVANCE BC1F5 IN PV2627","BC1F5","67361","sgh1Lohs9L4id"
"25ALM_BC1F3s1_2759","(IRAT204*2/SC1074)-B-8","FING","25ALM_BC1F3s1_1679","GMS_MN2024_MIN_13072_08","(IRAT204*2/SC1074)-B-8",42721,"sgh1LUXnBakWR","GMS_PGF2025_MIN_1679","(IRAT204*2/SC1074)-B-8-1","54202","sgh1LhEPRIuFD","GMS_PV2526_3594","(IRAT204*2/SC1074)-B-8-1-1","67361","sgh1LoE0ixI4j","NO_ISSUES_IDENTIFIED","Introgression_confirmed","ADVANCE BC1F5 IN PV2627","ADVANCE BC1F5 IN PV2627","BC1F5","67361","sgh1LoE0ixI4j"
"25ALM_BC1F3s1_0614","(IRAT204*2/SC1074)-B-6","FDHL","25ALM_BC1F3s1_1695","GMS_MN2024_MIN_13073_06","(IRAT204*2/SC1074)-B-6",42719,"sgh1LPKQJlQkH","GMS_PGF2025_MIN_1695","(IRAT204*2/SC1074)-B-6-1","54201","sgh1LNbOUtpny","GMS_PV2526_3593","(IRAT204*2/SC1074)-B-6-1-1","67580","sgh1LJizK2Uj0","NO_ISSUES_IDENTIFIED","Introgression_confirmed","ADVANCE BC1F5 IN PV2627","ADVANCE BC1F5 IN PV2627","BC1F5","67580","sgh1LJizK2Uj0"
"25ALM_BC1F3s1_0833","(IRAT204*2/SC1074)-B-6","FLAB","25ALM_BC1F3s1_1677","GMS_MN2024_MIN_13072_06","(IRAT204*2/SC1074)-B-6",42719,"sgh1L3aWRoCYd","GMS_PGF2025_MIN_1677","(IRAT204*2/SC1074)-B-6-1","54201","sgh1LIqbLYBvx","GMS_PV2526_3592","(IRAT204*2/SC1074)-B-6-1-1","67580","sgh1LoJKI2nkk","NO_ISSUES_IDENTIFIED","Introgression_confirmed","ADVANCE BC1F5 IN PV2627","ADVANCE BC1F5 IN PV2627","BC1F5","67580","sgh1LoJKI2nkk"
"25ALM_BC1F3s1_1684","(IRAT204*2/SC1074)-B-3","FQSH","25ALM_BC1F3s1_1693","GMS_MN2024_MIN_13073_03","(IRAT204*2/SC1074)-B-3",42716,"sgh1LUjoyD40A","GMS_PGF2025_MIN_1693","(IRAT204*2/SC1074)-B-3-1","55539","sgh1LGth7duUP","GMS_PV2526_3591","(IRAT204*2/SC1074)-B-3-1-1","111977","sgh1LTo3sOlFc","NO_ISSUES_IDENTIFIED","Introgression_confirmed","ADVANCE BC1F5 IN PV2627","ADVANCE BC1F5 IN PV2627","BC1F5","111977","sgh1LTo3sOlFc"
"25ALM_BC1F3s1_1060","(IRAT204*2/SC1074)-B-2","FJBX","25ALM_BC1F3s1_1673","GMS_MN2024_MIN_13072_02","(IRAT204*2/SC1074)-B-2",42715,"sgh1LqmDrFaX1","GMS_PGF2025_MIN_1673","(IRAT204*2/SC1074)-B-2-1","54199","sgh1LcXymiquP","GMS_PV2526_3590","(IRAT204*2/SC1074)-B-2-1-1","65539","sgh1LGy2ekKPG","NO_ISSUES_IDENTIFIED","Introgression_confirmed","ADVANCE BC1F5 IN PV2627","ADVANCE BC1F5 IN PV2627","BC1F5","65539","sgh1LGy2ekKPG"
"25ALM_BC1F3s1_2018","(IRAT204*2/SC1074)-B-19","FLOQ","25ALM_BC1F3s1_1690","GMS_MN2024_MIN_13072_19","(IRAT204*2/SC1074)-B-19",48298,"sgh1LO3cu5SjU","GMS_PGF2025_MIN_1690","(IRAT204*2/SC1074)-B-19-1","55543","sgh1LUGrGflAn","GMS_PV2526_3588","(IRAT204*2/SC1074)-B-19-1-1","111976","sgh1LTAP10ISs","NO_ISSUES_IDENTIFIED","Introgression_confirmed","ADVANCE BC1F5 IN PV2627","ADVANCE BC1F5 IN PV2627","BC1F5","111976","sgh1LTAP10ISs"
"25ALM_BC1F3s1_0570","(IRAT204*2/SC1074)-B-17","FPYT","25ALM_BC1F3s1_1706","GMS_MN2024_MIN_13073_17","(IRAT204*2/SC1074)-B-17",48296,"sgh1LLaoDTdPt","GMS_PGF2025_MIN_1706","(IRAT204*2/SC1074)-B-17-1","55544","sgh1Lc5lDLMce","GMS_PV2526_3587","(IRAT204*2/SC1074)-B-17-1-1","111975","sgh1Lwvp1KdO4","NO_ISSUES_IDENTIFIED","Introgression_confirmed","ADVANCE BC1F5 IN PV2627","ADVANCE BC1F5 IN PV2627","BC1F5","111975","sgh1Lwvp1KdO4"
"25ALM_BC1F3s1_1901","(IRAT204*2/SC1074)-B-16","FXXF","25ALM_BC1F3s1_1705","GMS_MN2024_MIN_13073_16","(IRAT204*2/SC1074)-B-16",48295,"sgh1LnW3PHmOx","GMS_PGF2025_MIN_1705","(IRAT204*2/SC1074)-B-16-1","55542","sgh1Lo1uYxEfK","GMS_PV2526_3586","(IRAT204*2/SC1074)-B-16-1-1","111974","sgh1LoX5Hqcrh","NO_ISSUES_IDENTIFIED","Introgression_confirmed","ADVANCE BC1F5 IN PV2627","ADVANCE BC1F5 IN PV2627","BC1F5","111974","sgh1LoX5Hqcrh"
"25ALM_BC1F3s1_2869","(IRAT204*2/SC1074)-B-16","FAOX","25ALM_BC1F3s1_1687","GMS_MN2024_MIN_13072_16","(IRAT204*2/SC1074)-B-16",48295,"sgh1LiFtIVWTR","GMS_PGF2025_MIN_1687","(IRAT204*2/SC1074)-B-16-1","55542","sgh1Lbj0KS9RK","GMS_PV2526_3585","(IRAT204*2/SC1074)-B-16-1-1","111974","sgh1LZTCsNU1g","NO_ISSUES_IDENTIFIED","Introgression_confirmed","ADVANCE BC1F5 IN PV2627","ADVANCE BC1F5 IN PV2627","BC1F5","111974","sgh1LZTCsNU1g"
"25ALM_BC1F3s1_1009","(IRAT204*2/SC1074)-B-15","FVUT","25ALM_BC1F3s1_1686","GMS_MN2024_MIN_13072_15","(IRAT204*2/SC1074)-B-15",42728,"sgh1LH7D3xhCb","GMS_PGF2025_MIN_1686","(IRAT204*2/SC1074)-B-15-1","54209","sgh1LEcjMJ5Bo","GMS_PV2526_3583","(IRAT204*2/SC1074)-B-15-1-1","65513","sgh1Leg7JSvNd","NO_ISSUES_IDENTIFIED","Introgression_confirmed","ADVANCE BC1F5 IN PV2627","ADVANCE BC1F5 IN PV2627","BC1F5","65513","sgh1Leg7JSvNd"
"25ALM_BC1F3s1_2567","(IRAT204*2/SC1074)-B-15","FSIB","25ALM_BC1F3s1_1704","GMS_MN2024_MIN_13073_15","(IRAT204*2/SC1074)-B-15",42728,"sgh1LuROaRauH","GMS_PGF2025_MIN_1704","(IRAT204*2/SC1074)-B-15-1","54209","sgh1LGCaEYZi7","GMS_PV2526_3584","(IRAT204*2/SC1074)-B-15-1-1","65513","sgh1LPT9umglY","NO_ISSUES_IDENTIFIED","Introgression_confirmed","ADVANCE BC1F5 IN PV2627","ADVANCE BC1F5 IN PV2627","BC1F5","65513","sgh1LPT9umglY"
"25ALM_BC1F3s1_0599","(IRAT204*2/SC1074)-B-14","FCEA","25ALM_BC1F3s1_1703","GMS_MN2024_MIN_13073_14","(IRAT204*2/SC1074)-B-14",42727,"sgh1LeS8kmZfe","GMS_PGF2025_MIN_1703","(IRAT204*2/SC1074)-B-14-1","54208","sgh1LVpgukzhA","GMS_PV2526_3582","(IRAT204*2/SC1074)-B-14-1-1","67661","sgh1Lshcb2Zvt","NO_ISSUES_IDENTIFIED","Introgression_confirmed","ADVANCE BC1F5 IN PV2627","ADVANCE BC1F5 IN PV2627","BC1F5","67661","sgh1Lshcb2Zvt"
"25ALM_BC1F3s1_0323","(IRAT204*2/SC1074)-B-13","FBLX","25ALM_BC1F3s1_0096","GMS_PV2324_MIN_14029_13","(IRAT204*2/SC1074)-B-13",42726,"sgh1LYmPD7YdX","GMS_PGF2025_MIN_0096","(IRAT204*2/SC1074)-B-13-1","54207","sgh1LDasBdVMn","GMS_PV2526_3580","(IRAT204*2/SC1074)-B-13-1-1","65499","sgh1LpMKakq8k","NO_ISSUES_IDENTIFIED","Introgression_confirmed","ADVANCE BC1F5 IN PV2627","ADVANCE BC1F5 IN PV2627","BC1F5","65499","sgh1LpMKakq8k"
"25ALM_BC1F3s1_2763","(IRAT204*2/SC1074)-B-13","FGKJ","25ALM_BC1F3s1_1702","GMS_MN2024_MIN_13073_13","(IRAT204*2/SC1074)-B-13",42726,"sgh1LSaZEkQJn","GMS_PGF2025_MIN_1702","(IRAT204*2/SC1074)-B-13-1","54207","sgh1LMjr1oyGL","GMS_PV2526_3581","(IRAT204*2/SC1074)-B-13-1-1","65499","sgh1LLh8FUjwd","NO_ISSUES_IDENTIFIED","Introgression_confirmed","ADVANCE BC1F5 IN PV2627","ADVANCE BC1F5 IN PV2627","BC1F5","65499","sgh1LLh8FUjwd"
"25ALM_BC1F3s1_1994","(IRAT204*2/SC1074)-B-12","FMFA","25ALM_BC1F3s1_1683","GMS_MN2024_MIN_13072_12","(IRAT204*2/SC1074)-B-12",42725,"sgh1L03da0L6C","GMS_PGF2025_MIN_1683","(IRAT204*2/SC1074)-B-12-1","54206","sgh1LFz23Yu2U","GMS_PV2526_3578","(IRAT204*2/SC1074)-B-12-1-1","67861","sgh1L5CdyYzUp","NO_ISSUES_IDENTIFIED","Introgression_confirmed","ADVANCE BC1F5 IN PV2627","ADVANCE BC1F5 IN PV2627","BC1F5","67861","sgh1L5CdyYzUp"
"25ALM_BC1F3s1_2059","(IRAT204*2/SC1074)-B-12","FMIU","25ALM_BC1F3s1_1701","GMS_MN2024_MIN_13073_12","(IRAT204*2/SC1074)-B-12",42725,"sgh1L61wcb7sS","GMS_PGF2025_MIN_1701","(IRAT204*2/SC1074)-B-12-1","54206","sgh1Lkgd7xuiW","GMS_PV2526_3579","(IRAT204*2/SC1074)-B-12-1-1","67861","sgh1LCbrUqovH","NO_ISSUES_IDENTIFIED","Introgression_confirmed","ADVANCE BC1F5 IN PV2627","ADVANCE BC1F5 IN PV2627","BC1F5","67861","sgh1LCbrUqovH"
"25ALM_BC1F3s1_0722","(IRAT204*2/SC1074)-B-11","FKXU","25ALM_BC1F3s1_0094","GMS_PV2324_MIN_14029_11","(IRAT204*2/SC1074)-B-11",42724,"sgh1LJkZCO7K7","GMS_PGF2025_MIN_0094","(IRAT204*2/SC1074)-B-11-1","54205","sgh1L6tPFLpMz","GMS_PV2526_3576","(IRAT204*2/SC1074)-B-11-1-1","111973","sgh1LIGoF3Ype","NO_ISSUES_IDENTIFIED","Introgression_confirmed","ADVANCE BC1F5 IN PV2627","ADVANCE BC1F5 IN PV2627","BC1F5","111973","sgh1LIGoF3Ype"
"25ALM_BC1F3s1_2112","(IRAT204*2/SC1074)-B-11","FWTE","25ALM_BC1F3s1_1700","GMS_MN2024_MIN_13073_11","(IRAT204*2/SC1074)-B-11",42724,"sgh1L3d0x8S8b","GMS_PGF2025_MIN_1700","(IRAT204*2/SC1074)-B-11-1","54205","sgh1Lx156UcWw","GMS_PV2526_3577","(IRAT204*2/SC1074)-B-11-1-1","111973","sgh1LVXtmANmU","NO_ISSUES_IDENTIFIED","Introgression_confirmed","ADVANCE BC1F5 IN PV2627","ADVANCE BC1F5 IN PV2627","BC1F5","111973","sgh1LVXtmANmU"
"25ALM_BC1F3s1_0626","(IRAT204*2/SC1074)-B-10","FHBH","25ALM_BC1F3s1_1699","GMS_MN2024_MIN_13073_10","(IRAT204*2/SC1074)-B-10",42723,"sgh1LPjKx3XHU","GMS_PGF2025_MIN_1699","(IRAT204*2/SC1074)-B-10-1","54204","sgh1LcTMFtMHt","GMS_PV2526_3575","(IRAT204*2/SC1074)-B-10-1-1","67489","sgh1L5JeVKsmC","NO_ISSUES_IDENTIFIED","Introgression_confirmed","ADVANCE BC1F5 IN PV2627","ADVANCE BC1F5 IN PV2627","BC1F5","67489","sgh1L5JeVKsmC"
"25ALM_BC1F3s1_2878","(IRAT204*2/SC1074)-B-1","FXOX","25ALM_BC1F3s1_1691","GMS_MN2024_MIN_13073_01","(IRAT204*2/SC1074)-B-1",42714,"sgh1LL9XEvN64","GMS_PGF2025_MIN_1691","(IRAT204*2/SC1074)-B-1-1","54198","sgh1LbDV4gAQr","GMS_PV2526_3574","(IRAT204*2/SC1074)-B-1-1-1","65478","sgh1LacNab1X6","NO_ISSUES_IDENTIFIED","Introgression_confirmed","ADVANCE BC1F5 IN PV2627","ADVANCE BC1F5 IN PV2627","BC1F5","65478","sgh1LacNab1X6"
"25ALM_BC1F3s1_0139","(IRAT204*2/SC1019)-B-11","FUFQ","25ALM_BC1F3s1_0624","GMS_PV2324_MIN_15018_11","(IRAT204*2/SC1019)-B-11",43360,"sgh1LFPJsJVZz","GMS_PGF2025_MIN_0624","(IRAT204*2/SC1019)-B-11-1","54665","sgh1LRIXOVFPx","GMS_PV2526_3566","(IRAT204*2/SC1019)-B-11-1-1","111966","sgh1Lo1KD20Fv","NO_ISSUES_IDENTIFIED","Introgression_confirmed","ADVANCE BC1F5 IN PV2627","ADVANCE BC1F5 IN PV2627","BC1F5","111966","sgh1Lo1KD20Fv"
"25ALM_BC1F3s1_1479","(IRAT204*2/SC170-6-17)-B-6","FDSG","25ALM_BC1F3s1_0192","GMS_PV2324_MIN_14036_06","(IRAT204*2/SC170-6-17)-B-6",42824,"sgh1L2jxsBzdh","GMS_PGF2025_MIN_0192","(IRAT204*2/SC170-6-17)-B-6-1","54293","sgh1LnYHFLOxL","GMS_PV2526_3640","(IRAT204*2/SC170-6-17)-B-6-1-1","112002","sgh1LzXc2bd0K","NO_ISSUES_IDENTIFIED","Introgression_confirmed","ADVANCE BC1F5 IN PV2627","ADVANCE BC1F5 IN PV2627","BC1F5","112002","sgh1LzXc2bd0K"
"25ALM_BC1F3s1_0560","(IRAT204*2/SC170-6-17)-B-10","FHLU","25ALM_BC1F3s1_0196","GMS_PV2324_MIN_14036_10","(IRAT204*2/SC170-6-17)-B-10",42828,"sgh1LC8thu4XN","GMS_PGF2025_MIN_0196","(IRAT204*2/SC170-6-17)-B-10-1","54297","sgh1Lgk344lQn","GMS_PV2526_3639","(IRAT204*2/SC170-6-17)-B-10-1-1","112001","sgh1LWKQLPkbu","NO_ISSUES_IDENTIFIED","Introgression_confirmed","ADVANCE BC1F5 IN PV2627","ADVANCE BC1F5 IN PV2627","BC1F5","112001","sgh1LWKQLPkbu"
"25ALM_BC1F3s1_1448","(IRAT204*2/Soberano)-B-9","FXLO","25ALM_BC1F3s1_1591","GMS_MN2024_MIN_13067_09","(IRAT204*2/Soberano)-B-9",48628,"sgh1LcZYpzZHN","GMS_PGF2025_MIN_1591","(IRAT204*2/Soberano)-B-9-1","55873","sgh1LyvYZHjgb","GMS_PV2526_3773","(IRAT204*2/Soberano)-B-9-1-1","65497","sgh1LUsOijU4Q","NO_ISSUES_IDENTIFIED","Introgression_confirmed","ADVANCE BC1F5 IN PV2627","ADVANCE BC1F5 IN PV2627","BC1F5","65497","sgh1LUsOijU4Q"
"25ALM_BC1F3s1_1651","(IRAT204*2/Soberano)-B-7","FASN","25ALM_BC1F3s1_1556","GMS_MN2024_MIN_12084_07","(IRAT204*2/Soberano)-B-7",48243,"sgh1LaynsGEoU","GMS_PGF2025_MIN_1556","(IRAT204*2/Soberano)-B-7-1","55489","sgh1Lrrmsn9ye","GMS_PV2526_3772","(IRAT204*2/Soberano)-B-7-1-1","65744","sgh1LuUavN63J","NO_ISSUES_IDENTIFIED","Introgression_confirmed","ADVANCE BC1F5 IN PV2627","ADVANCE BC1F5 IN PV2627","BC1F5","65744","sgh1LuUavN63J"
"25ALM_BC1F3s1_1583","(IRAT204*2/Soberano)-B-6","FAVY","25ALM_BC1F3s1_1555","GMS_MN2024_MIN_12084_06","(IRAT204*2/Soberano)-B-6",48242,"sgh1Lqk6FzRSs","GMS_PGF2025_MIN_1555","(IRAT204*2/Soberano)-B-6-1","55488","sgh1L5GG2luql","GMS_PV2526_3771","(IRAT204*2/Soberano)-B-6-1-1","65496","sgh1LEYN9x2Uj","NO_ISSUES_IDENTIFIED","Introgression_confirmed","ADVANCE BC1F5 IN PV2627","ADVANCE BC1F5 IN PV2627","BC1F5","65496","sgh1LEYN9x2Uj"
"25ALM_BC1F3s1_2521","(IRAT204*2/Soberano)-B-5","FTMV","25ALM_BC1F3s1_1587","GMS_MN2024_MIN_13067_05","(IRAT204*2/Soberano)-B-5",48241,"sgh1L4Q1HUnWe","GMS_PGF2025_MIN_1587","(IRAT204*2/Soberano)-B-5-1","55487","sgh1LY8IjgoV8","GMS_PV2526_3770","(IRAT204*2/Soberano)-B-5-1-1","65476","sgh1L3AeCnUoi","NO_ISSUES_IDENTIFIED","Introgression_confirmed","ADVANCE BC1F5 IN PV2627","ADVANCE BC1F5 IN PV2627","BC1F5","65476","sgh1L3AeCnUoi"
"25ALM_BC1F3s1_2686","(IRAT204*2/Soberano)-B-5","FOBK","25ALM_BC1F3s1_1570","GMS_MN2024_MIN_13066_05","(IRAT204*2/Soberano)-B-5",48241,"sgh1LFAHpfwxT","GMS_PGF2025_MIN_1570","(IRAT204*2/Soberano)-B-5-1","55487","sgh1LiogryiD8","GMS_PV2526_3769","(IRAT204*2/Soberano)-B-5-1-1","65476","sgh1L5VZbah5w","NO_ISSUES_IDENTIFIED","Introgression_confirmed","ADVANCE BC1F5 IN PV2627","ADVANCE BC1F5 IN PV2627","BC1F5","65476","sgh1L5VZbah5w"
"25ALM_BC1F3s1_1845","(IRAT204*2/Soberano)-B-4","FTTB","25ALM_BC1F3s1_1569","GMS_MN2024_MIN_13066_04","(IRAT204*2/Soberano)-B-4",48240,"sgh1LPJ6J7Se7","GMS_PGF2025_MIN_1569","(IRAT204*2/Soberano)-B-4-1","55486","sgh1LpRgmqRtB","GMS_PV2526_3768","(IRAT204*2/Soberano)-B-4-1-1","65442","sgh1L3tS2Ijpv","NO_ISSUES_IDENTIFIED","Introgression_confirmed","ADVANCE BC1F5 IN PV2627","ADVANCE BC1F5 IN PV2627","BC1F5","65442","sgh1L3tS2Ijpv"
"25ALM_BC1F3s1_0498","(IRAT204*2/Soberano)-B-3","FXUF","25ALM_BC1F3s1_1568","GMS_MN2024_MIN_13066_03","(IRAT204*2/Soberano)-B-3",48239,"sgh1LhitinGPf","GMS_PGF2025_MIN_1568","(IRAT204*2/Soberano)-B-3-1","55485","sgh1LhEnntpEw","GMS_PV2526_3767","(IRAT204*2/Soberano)-B-3-1-1","65596","sgh1L0rh7wH0U","NO_ISSUES_IDENTIFIED","Introgression_confirmed","ADVANCE BC1F5 IN PV2627","ADVANCE BC1F5 IN PV2627","BC1F5","65596","sgh1L0rh7wH0U"
"25ALM_BC1F3s1_1387","(IRAT204*2/Soberano)-B-3","FHCA","25ALM_BC1F3s1_1535","GMS_MN2024_MIN_12083_03","(IRAT204*2/Soberano)-B-3",48239,"sgh1LFxDGFtWC","GMS_PGF2025_MIN_1535","(IRAT204*2/Soberano)-B-3-1","55485","sgh1LC4p4Uszh","GMS_PV2526_3766","(IRAT204*2/Soberano)-B-3-1-1","65596","sgh1LHAu7ZnIy","NO_ISSUES_IDENTIFIED","Introgression_confirmed","ADVANCE BC1F5 IN PV2627","ADVANCE BC1F5 IN PV2627","BC1F5","65596","sgh1LHAu7ZnIy"
"25ALM_BC1F3s1_1828","(IRAT204*2/Soberano)-B-20","FIFY","25ALM_BC1F3s1_1549","GMS_MN2024_MIN_12083_20","(IRAT204*2/Soberano)-B-20",48253,"sgh1Lq3rZa9s3","GMS_PGF2025_MIN_1549","(IRAT204*2/Soberano)-B-20-1","55498","sgh1L3KUQX0cg","GMS_PV2526_3765","(IRAT204*2/Soberano)-B-20-1-1","112070","sgh1LqNrIxNqI","NO_ISSUES_IDENTIFIED","Introgression_confirmed","ADVANCE BC1F5 IN PV2627","ADVANCE BC1F5 IN PV2627","BC1F5","112070","sgh1LqNrIxNqI"
"25ALM_BC1F3s1_1428","(IRAT204*2/Soberano)-B-19","FLHG","25ALM_BC1F3s1_1548","GMS_MN2024_MIN_12083_19","(IRAT204*2/Soberano)-B-19",48252,"sgh1LswH57Qyy","GMS_PGF2025_MIN_1548","(IRAT204*2/Soberano)-B-19-1","55497","sgh1LyNUkXC3B","GMS_PV2526_3764","(IRAT204*2/Soberano)-B-19-1-1","112069","sgh1LdCvzZ84H","NO_ISSUES_IDENTIFIED","Introgression_confirmed","ADVANCE BC1F5 IN PV2627","ADVANCE BC1F5 IN PV2627","BC1F5","112069","sgh1LdCvzZ84H"
"25ALM_BC1F3s1_2564","(IRAT204*2/Soberano)-B-17","FERS","25ALM_BC1F3s1_1546","GMS_MN2024_MIN_12083_17","(IRAT204*2/Soberano)-B-17",48250,"sgh1LhNaEqRsI","GMS_PGF2025_MIN_1546","(IRAT204*2/Soberano)-B-17-1","55495","sgh1LbMOQjZB8","GMS_PV2526_3763","(IRAT204*2/Soberano)-B-17-1-1","67648","sgh1Lo6zglgzK","NO_ISSUES_IDENTIFIED","Introgression_confirmed","ADVANCE BC1F5 IN PV2627","ADVANCE BC1F5 IN PV2627","BC1F5","67648","sgh1Lo6zglgzK"
"25ALM_BC1F3s1_2290","(IRAT204*2/Soberano)-B-16","FCFW","25ALM_BC1F3s1_1545","GMS_MN2024_MIN_12083_16","(IRAT204*2/Soberano)-B-16",48249,"sgh1L0KXgFKK9","GMS_PGF2025_MIN_1545","(IRAT204*2/Soberano)-B-16-1","55494","sgh1LfXDFgXXq","GMS_PV2526_3761","(IRAT204*2/Soberano)-B-16-1-1","65383","sgh1LfLWXI3GW","NO_ISSUES_IDENTIFIED","Introgression_confirmed","ADVANCE BC1F5 IN PV2627","ADVANCE BC1F5 IN PV2627","BC1F5","65383","sgh1LfLWXI3GW"
"25ALM_BC1F3s1_0558","(IRAT204*2/Soberano)-B-15","FAYB","25ALM_BC1F3s1_1597","GMS_MN2024_MIN_13067_15","(IRAT204*2/Soberano)-B-15",48248,"sgh1Ln7dt6yEy","GMS_PGF2025_MIN_1597","(IRAT204*2/Soberano)-B-15-1","55493","sgh1LathsJ9vU","GMS_PV2526_3760","(IRAT204*2/Soberano)-B-15-1-1","67300","sgh1LPysd1vdd","NO_ISSUES_IDENTIFIED","Introgression_confirmed","ADVANCE BC1F5 IN PV2627","ADVANCE BC1F5 IN PV2627","BC1F5","67300","sgh1LPysd1vdd"
"25ALM_BC1F3s1_1325","(IRAT204*2/Soberano)-B-15","FZLO","25ALM_BC1F3s1_1544","GMS_MN2024_MIN_12083_15","(IRAT204*2/Soberano)-B-15",48248,"sgh1LxeY2UBnd","GMS_PGF2025_MIN_1544","(IRAT204*2/Soberano)-B-15-1","55493","sgh1LegSa071k","GMS_PV2526_3758","(IRAT204*2/Soberano)-B-15-1-1","67300","sgh1LcKnTnWTY","NO_ISSUES_IDENTIFIED","Introgression_confirmed","ADVANCE BC1F5 IN PV2627","ADVANCE BC1F5 IN PV2627","BC1F5","67300","sgh1LcKnTnWTY"
"25ALM_BC1F3s1_2590","(IRAT204*2/Soberano)-B-15","FEQM","25ALM_BC1F3s1_1564","GMS_MN2024_MIN_12084_15","(IRAT204*2/Soberano)-B-15",48248,"sgh1L1nY7urIb","GMS_PGF2025_MIN_1564","(IRAT204*2/Soberano)-B-15-1","55493","sgh1LBv141BB1","GMS_PV2526_3759","(IRAT204*2/Soberano)-B-15-1-1","67300","sgh1LJ4l1Zu67","NO_ISSUES_IDENTIFIED","Introgression_confirmed","ADVANCE BC1F5 IN PV2627","ADVANCE BC1F5 IN PV2627","BC1F5","67300","sgh1LJ4l1Zu67"
"25ALM_BC1F3s1_0686","(IRAT204*2/Soberano)-B-14","FAUP","25ALM_BC1F3s1_1563","GMS_MN2024_MIN_12084_14","(IRAT204*2/Soberano)-B-14",48247,"sgh1LCdiMPqAq","GMS_PGF2025_MIN_1563","(IRAT204*2/Soberano)-B-14-1","55492","sgh1LtWVFqQcg","GMS_PV2526_3757","(IRAT204*2/Soberano)-B-14-1-1","67691","sgh1LzoBW1406","NO_ISSUES_IDENTIFIED","Introgression_confirmed","ADVANCE BC1F5 IN PV2627","ADVANCE BC1F5 IN PV2627","BC1F5","67691","sgh1LzoBW1406"
"25ALM_BC1F3s1_2144","(IRAT204*2/Soberano)-B-14","FDZT","25ALM_BC1F3s1_1543","GMS_MN2024_MIN_12083_14","(IRAT204*2/Soberano)-B-14",48247,"sgh1LuLhwTTKK","GMS_PGF2025_MIN_1543","(IRAT204*2/Soberano)-B-14-1","55492","sgh1LERm8rVGc","GMS_PV2526_3756","(IRAT204*2/Soberano)-B-14-1-1","67691","sgh1LFtP5YVGT","NO_ISSUES_IDENTIFIED","Introgression_confirmed","ADVANCE BC1F5 IN PV2627","ADVANCE BC1F5 IN PV2627","BC1F5","67691","sgh1LFtP5YVGT"
"25ALM_BC1F3s1_1367","(IRAT204*2/Soberano)-B-13","FQRL","25ALM_BC1F3s1_1595","GMS_MN2024_MIN_13067_13","(IRAT204*2/Soberano)-B-13",48246,"sgh1LgMEyiZq1","GMS_PGF2025_MIN_1595","(IRAT204*2/Soberano)-B-13-1","55876","sgh1LK3PMY4PO","GMS_PV2526_3755","(IRAT204*2/Soberano)-B-13-1-1","112068","sgh1LfISwLPG7","NO_ISSUES_IDENTIFIED","Introgression_confirmed","ADVANCE BC1F5 IN PV2627","ADVANCE BC1F5 IN PV2627","BC1F5","112068","sgh1LfISwLPG7"
"25ALM_BC1F3s1_0639","(IRAT204*2/Soberano)-B-12","FFXS","25ALM_BC1F3s1_1594","GMS_MN2024_MIN_13067_12","(IRAT204*2/Soberano)-B-12",48245,"sgh1LUY5pJTzr","GMS_PGF2025_MIN_1594","(IRAT204*2/Soberano)-B-12-1","55491","sgh1LFmTnSbKA","GMS_PV2526_3753","(IRAT204*2/Soberano)-B-12-1-1","67534","sgh1L3BtBYwTx","NO_ISSUES_IDENTIFIED","Introgression_confirmed","ADVANCE BC1F5 IN PV2627","ADVANCE BC1F5 IN PV2627","BC1F5","67534","sgh1L3BtBYwTx"
"25ALM_BC1F3s1_2543","(IRAT204*2/Soberano)-B-12","FXIV","25ALM_BC1F3s1_1561","GMS_MN2024_MIN_12084_12","(IRAT204*2/Soberano)-B-12",48245,"sgh1L6MAU3fFP","GMS_PGF2025_MIN_1561","(IRAT204*2/Soberano)-B-12-1","55491","sgh1LMJR5rL0c","GMS_PV2526_3752","(IRAT204*2/Soberano)-B-12-1-1","67534","sgh1LrXXYe4lt","NO_ISSUES_IDENTIFIED","Introgression_confirmed","ADVANCE BC1F5 IN PV2627","ADVANCE BC1F5 IN PV2627","BC1F5","67534","sgh1LrXXYe4lt"
"25ALM_BC1F3s1_0274","(IRAT204*2/Soberano)-B-11","FFWM","25ALM_BC1F3s1_1576","GMS_MN2024_MIN_13066_11","(IRAT204*2/Soberano)-B-11",48244,"sgh1LfmntFvbo","GMS_PGF2025_MIN_1576","(IRAT204*2/Soberano)-B-11-1","55490","sgh1LWU5xbfoN","GMS_PV2526_3750","(IRAT204*2/Soberano)-B-11-1-1","112760","sgh1LBxgGJXBG","NO_ISSUES_IDENTIFIED","Introgression_confirmed","ADVANCE BC1F5 IN PV2627","ADVANCE BC1F5 IN PV2627","BC1F5","112760","sgh1LBxgGJXBG"
"25ALM_BC1F3s1_1156","(IRAT204*2/Soberano)-B-11","FISF","25ALM_BC1F3s1_1593","GMS_MN2024_MIN_13067_11","(IRAT204*2/Soberano)-B-11",48244,"sgh1LAm4tihkh","GMS_PGF2025_MIN_1593","(IRAT204*2/Soberano)-B-11-1","55490","sgh1LA5LNTW27","GMS_PV2526_3751","(IRAT204*2/Soberano)-B-11-1-1","112760","sgh1LSR6dWzQW","NO_ISSUES_IDENTIFIED","Introgression_confirmed","ADVANCE BC1F5 IN PV2627","ADVANCE BC1F5 IN PV2627","BC1F5","112760","sgh1LSR6dWzQW"
"25ALM_BC1F3s1_1532","(IRAT204*2/Soberano)-B-11","FWEU","25ALM_BC1F3s1_1540","GMS_MN2024_MIN_12083_11","(IRAT204*2/Soberano)-B-11",48244,"sgh1LTqWxClP8","GMS_PGF2025_MIN_1540","(IRAT204*2/Soberano)-B-11-1","55490","sgh1Li9WuLlIk","GMS_PV2526_3748","(IRAT204*2/Soberano)-B-11-1-1","112760","sgh1LXJTsDAxT","NO_ISSUES_IDENTIFIED","Introgression_confirmed","ADVANCE BC1F5 IN PV2627","ADVANCE BC1F5 IN PV2627","BC1F5","112760","sgh1LXJTsDAxT"
"25ALM_BC1F3s1_1650","(IRAT204*2/Soberano)-B-11","FFMR","25ALM_BC1F3s1_1560","GMS_MN2024_MIN_12084_11","(IRAT204*2/Soberano)-B-11",48244,"sgh1Lhzqh2bhE","GMS_PGF2025_MIN_1560","(IRAT204*2/Soberano)-B-11-1","55490","sgh1L6VHYdTEm","GMS_PV2526_3749","(IRAT204*2/Soberano)-B-11-1-1","112760","sgh1LyRKLMfwU","NO_ISSUES_IDENTIFIED","Introgression_confirmed","ADVANCE BC1F5 IN PV2627","ADVANCE BC1F5 IN PV2627","BC1F5","112760","sgh1LyRKLMfwU"
"25ALM_BC1F3s1_0972","(IRAT204*2/Soberano)-B-10","FGFG","25ALM_BC1F3s1_1592","GMS_MN2024_MIN_13067_10","(IRAT204*2/Soberano)-B-10",48629,"sgh1LsNZjnnPp","GMS_PGF2025_MIN_1592","(IRAT204*2/Soberano)-B-10-1","55874","sgh1LCZVfD64U","GMS_PV2526_3747","(IRAT204*2/Soberano)-B-10-1-1","65736","sgh1Lb341DJ1c","NO_ISSUES_IDENTIFIED","Introgression_confirmed","ADVANCE BC1F5 IN PV2627","ADVANCE BC1F5 IN PV2627","BC1F5","65736","sgh1Lb341DJ1c"
"25ALM_BC1F3s1_1804","(IRAT204*2/Soberano)-B-10","FXVW","25ALM_BC1F3s1_1575","GMS_MN2024_MIN_13066_10","(IRAT204*2/Soberano)-B-10",48629,"sgh1LCgT0JB4X","GMS_PGF2025_MIN_1575","(IRAT204*2/Soberano)-B-10-1","55874","sgh1L0scLE8gK","GMS_PV2526_3746","(IRAT204*2/Soberano)-B-10-1-1","65736","sgh1Lr5N8HVIn","NO_ISSUES_IDENTIFIED","Introgression_confirmed","ADVANCE BC1F5 IN PV2627","ADVANCE BC1F5 IN PV2627","BC1F5","65736","sgh1Lr5N8HVIn"
"25ALM_BC1F3s1_0916","(IRAT204*2/Shan Qui Red)-B-13","FIRF","25ALM_BC1F3s1_0243","GMS_PV2324_MIN_15003_13","(IRAT204*2/Shan Qui Red)-B-13",42876,"sgh1LKsGHyqG0","GMS_PGF2025_MIN_0243","(IRAT204*2/Shan Qui Red)-B-13-1","54341","sgh1L5bRWjoBv","GMS_PV2526_3745","(IRAT204*2/Shan Qui Red)-B-13-1-1","112762","sgh1L9aZXrm8b","NO_ISSUES_IDENTIFIED","Introgression_confirmed","ADVANCE BC1F5 IN PV2627","ADVANCE BC1F5 IN PV2627","BC1F5","112762","sgh1L9aZXrm8b"
"25ALM_BC1F3s1_0094","(IRAT204*2/01MN1589-B)-B-8","FMZY","25ALM_BC1F3s1_1250","GMS_PV2324_MIN_15019_08","(IRAT204*2/01MN1589-B)-B-8",44392,"sgh1L8VGqKoRE","GMS_PGF2025_MIN_1250","(IRAT204*2/01MN1589-B)-B-8-1","55249","sgh1LQ3GbzHh6","GMS_PV2526_3534","(IRAT204*2/01MN1589-B)-B-8-1-1","111852","sgh1Lwf1zQrXZ","NO_ISSUES_IDENTIFIED","Introgression_confirmed","ADVANCE BC1F5 IN PV2627","ADVANCE BC1F5 IN PV2627","BC1F5","111852","sgh1Lwf1zQrXZ"
"25ALM_BC1F3s1_0201","(IRAT204*2/01MN1589-B)-B-7","FCGZ","25ALM_BC1F3s1_1249","GMS_PV2324_MIN_15019_07","(IRAT204*2/01MN1589-B)-B-7",44391,"sgh1LU4cRZsz8","GMS_PGF2025_MIN_1249","(IRAT204*2/01MN1589-B)-B-7-1","55248","sgh1LyFt2dKho","GMS_PV2526_3533","(IRAT204*2/01MN1589-B)-B-7-1-1","111944","sgh1LW3OIt8QZ","NO_ISSUES_IDENTIFIED","Introgression_confirmed","ADVANCE BC1F5 IN PV2627","ADVANCE BC1F5 IN PV2627","BC1F5","111944","sgh1LW3OIt8QZ"
"25ALM_BC1F3s1_0767","(IRAT204*2/01MN1589-B)-B-5","FROV","25ALM_BC1F3s1_1247","GMS_PV2324_MIN_15019_05","(IRAT204*2/01MN1589-B)-B-5",44389,"sgh1Lrc92Vatb","GMS_PGF2025_MIN_1247","(IRAT204*2/01MN1589-B)-B-5-1","55246","sgh1LfPWN0Jvj","GMS_PV2526_3532","(IRAT204*2/01MN1589-B)-B-5-1-1","111851","sgh1L94wkhJTM","NO_ISSUES_IDENTIFIED","Introgression_confirmed","ADVANCE BC1F5 IN PV2627","ADVANCE BC1F5 IN PV2627","BC1F5","111851","sgh1L94wkhJTM"
"25ALM_BC1F3s1_0370","(IRAT204*2/01MN1589-B)-B-4","FMUZ","25ALM_BC1F3s1_1246","GMS_PV2324_MIN_15019_04","(IRAT204*2/01MN1589-B)-B-4",44388,"sgh1L0AKclznS","GMS_PGF2025_MIN_1246","(IRAT204*2/01MN1589-B)-B-4-1","55245","sgh1LSTLZTxmB","GMS_PV2526_3531","(IRAT204*2/01MN1589-B)-B-4-1-1","111850","sgh1LLj45RG7R","NO_ISSUES_IDENTIFIED","Introgression_confirmed","ADVANCE BC1F5 IN PV2627","ADVANCE BC1F5 IN PV2627","BC1F5","111850","sgh1LLj45RG7R"
"25ALM_BC1F3s1_1241","(IRAT204*2/01MN1589-B)-B-3","FWDW","25ALM_BC1F3s1_1245","GMS_PV2324_MIN_15019_03","(IRAT204*2/01MN1589-B)-B-3",44387,"sgh1LLsrUuU42","GMS_PGF2025_MIN_1245","(IRAT204*2/01MN1589-B)-B-3-1","55244","sgh1LsEbn6Sup","GMS_PV2526_3530","(IRAT204*2/01MN1589-B)-B-3-1-1","111943","sgh1LhdlOzcHa","NO_ISSUES_IDENTIFIED","Introgression_confirmed","ADVANCE BC1F5 IN PV2627","ADVANCE BC1F5 IN PV2627","BC1F5","111943","sgh1LhdlOzcHa"
"25ALM_BC1F3s1_1697","(IRAT204*2/01MN1589-B)-B-2","FHTQ","25ALM_BC1F3s1_1244","GMS_PV2324_MIN_15019_02","(IRAT204*2/01MN1589-B)-B-2",44386,"sgh1LANmlxRAz","GMS_PGF2025_MIN_1244","(IRAT204*2/01MN1589-B)-B-2-1","55243","sgh1L4vMwPlEx","GMS_PV2526_3529","(IRAT204*2/01MN1589-B)-B-2-1-1","111849","sgh1LYkJxRkQT","NO_ISSUES_IDENTIFIED","Introgression_confirmed","ADVANCE BC1F5 IN PV2627","ADVANCE BC1F5 IN PV2627","BC1F5","111849","sgh1LYkJxRkQT"
"25ALM_BC1F3s1_0786","(IRAT204*2/01MN1589-B)-B-13","FEMG","25ALM_BC1F3s1_1255","GMS_PV2324_MIN_15019_13","(IRAT204*2/01MN1589-B)-B-13",44397,"sgh1LvF7v8fsD","GMS_PGF2025_MIN_1255","(IRAT204*2/01MN1589-B)-B-13-1","55254","sgh1LQyjwSyqJ","GMS_PV2526_3528","(IRAT204*2/01MN1589-B)-B-13-1-1","111942","sgh1LLViPYwza","NO_ISSUES_IDENTIFIED","Introgression_confirmed","ADVANCE BC1F5 IN PV2627","ADVANCE BC1F5 IN PV2627","BC1F5","111942","sgh1LLViPYwza"
"25ALM_BC1F3s1_2730","(IRAT204*2/01MN1589-B)-B-11","FNSB","25ALM_BC1F3s1_1253","GMS_PV2324_MIN_15019_11","(IRAT204*2/01MN1589-B)-B-11",44395,"sgh1L34ba1e1s","GMS_PGF2025_MIN_1253","(IRAT204*2/01MN1589-B)-B-11-1","55252","sgh1LmRrqMD0e","GMS_PV2526_3527","(IRAT204*2/01MN1589-B)-B-11-1-1","111941","sgh1L4dW8WAa4","NO_ISSUES_IDENTIFIED","Introgression_confirmed","ADVANCE BC1F5 IN PV2627","ADVANCE BC1F5 IN PV2627","BC1F5","111941","sgh1L4dW8WAa4"
"25ALM_BC1F3s1_1755","(IRAT204*2/01MN1589-B)-B-10","FCMS","25ALM_BC1F3s1_1252","GMS_PV2324_MIN_15019_10","(IRAT204*2/01MN1589-B)-B-10",44394,"sgh1LtQQsyxny","GMS_PGF2025_MIN_1252","(IRAT204*2/01MN1589-B)-B-10-1","55251","sgh1LfHCAGa0P","GMS_PV2526_3526","(IRAT204*2/01MN1589-B)-B-10-1-1","111848","sgh1L5zoUX04h","NO_ISSUES_IDENTIFIED","Introgression_confirmed","ADVANCE BC1F5 IN PV2627","ADVANCE BC1F5 IN PV2627","BC1F5","111848","sgh1L5zoUX04h"
"25ALM_BC1F3s1_0309","(IRAT204*2/01MN1589-B)-B-1","FEVJ","25ALM_BC1F3s1_1243","GMS_PV2324_MIN_15019_01","(IRAT204*2/01MN1589-B)-B-1",44385,"sgh1L844pbtt0","GMS_PGF2025_MIN_1243","(IRAT204*2/01MN1589-B)-B-1-1","55242","sgh1L1VdjcTfn","GMS_PV2526_3525","(IRAT204*2/01MN1589-B)-B-1-1-1","111854","sgh1LVWJqL0Td","NO_ISSUES_IDENTIFIED","Introgression_confirmed","ADVANCE BC1F5 IN PV2627","ADVANCE BC1F5 IN PV2627","BC1F5","111854","sgh1LVWJqL0Td"
"25ALM_BC1F3s1_0756","(IRAT204*2/BTx399)-B-11","FVVN","25ALM_BC1F3s1_0182","GMS_PV2324_MIN_14035_11","(IRAT204*2/BTx399)-B-11",42814,"sgh1LtpWVmmlY","GMS_PGF2025_MIN_0182","(IRAT204*2/BTx399)-B-11-1","54284","sgh1LRJvkjpsd","GMS_PV2526_3546","(IRAT204*2/BTx399)-B-11-1-1","111953","sgh1LZzGrvxwr","NO_ISSUES_IDENTIFIED","Introgression_confirmed","ADVANCE BC1F5 IN PV2627","ADVANCE BC1F5 IN PV2627","BC1F5","111953","sgh1LZzGrvxwr"
"25ALM_BC1F3s1_1931","(IRAT204*2/BTx3197)-B-9","FMSC","25ALM_BC1F3s1_0739","GMS_PV2324_MIN_14019_09","(IRAT204*2/BTx3197)-B-9",43748,"sgh1Low2E5vIT","GMS_PGF2025_MIN_0739","(IRAT204*2/BTx3197)-B-9-1","54774","sgh1LPiMsU7X1","GMS_PV2526_3545","(IRAT204*2/BTx3197)-B-9-1-1","111952","sgh1LhyzAPwUf","NO_ISSUES_IDENTIFIED","Introgression_confirmed","ADVANCE BC1F5 IN PV2627","ADVANCE BC1F5 IN PV2627","BC1F5","111952","sgh1LhyzAPwUf"
"25ALM_BC1F3s1_1605","(IRAT204*2/BTx3197)-B-8","FYAU","25ALM_BC1F3s1_0738","GMS_PV2324_MIN_14019_08","(IRAT204*2/BTx3197)-B-8",43747,"sgh1Lo0djuk2V","GMS_PGF2025_MIN_0738","(IRAT204*2/BTx3197)-B-8-1","54773","sgh1Loal3xsnK","GMS_PV2526_3544","(IRAT204*2/BTx3197)-B-8-1-1","111857","sgh1LBA7KAw5H","NO_ISSUES_IDENTIFIED","Introgression_confirmed","ADVANCE BC1F5 IN PV2627","ADVANCE BC1F5 IN PV2627","BC1F5","111857","sgh1LBA7KAw5H"
"25ALM_BC1F3s1_1372","(IRAT204*2/BTx3197)-B-4","FYQZ","25ALM_BC1F3s1_0734","GMS_PV2324_MIN_14019_04","(IRAT204*2/BTx3197)-B-4",43743,"sgh1LpBIPMHA8","GMS_PGF2025_MIN_0734","(IRAT204*2/BTx3197)-B-4-1","54769","sgh1LaNyo4Zq9","GMS_PV2526_3543","(IRAT204*2/BTx3197)-B-4-1-1","111951","sgh1LS8UcXloz","NO_ISSUES_IDENTIFIED","Introgression_confirmed","ADVANCE BC1F5 IN PV2627","ADVANCE BC1F5 IN PV2627","BC1F5","111951","sgh1LS8UcXloz"
"25ALM_BC1F3s1_2152","(IRAT204*2/BTx3197)-B-15","FPUF","25ALM_BC1F3s1_0745","GMS_PV2324_MIN_14019_15","(IRAT204*2/BTx3197)-B-15",43754,"sgh1L4C2s4eZi","GMS_PGF2025_MIN_0745","(IRAT204*2/BTx3197)-B-15-1","54780","sgh1Lw9RcWByY","GMS_PV2526_3542","(IRAT204*2/BTx3197)-B-15-1-1","111950","sgh1Lhtx56eI5","NO_ISSUES_IDENTIFIED","Introgression_confirmed","ADVANCE BC1F5 IN PV2627","ADVANCE BC1F5 IN PV2627","BC1F5","111950","sgh1Lhtx56eI5"
"25ALM_BC1F3s1_2297","(IRAT204*2/BTx3197)-B-14","FUDZ","25ALM_BC1F3s1_0744","GMS_PV2324_MIN_14019_14","(IRAT204*2/BTx3197)-B-14",43753,"sgh1Lh4hhhZu2","GMS_PGF2025_MIN_0744","(IRAT204*2/BTx3197)-B-14-1","54779","sgh1LXwmYp3xd","GMS_PV2526_3541","(IRAT204*2/BTx3197)-B-14-1-1","111949","sgh1LS42XiiuL","NO_ISSUES_IDENTIFIED","Introgression_confirmed","ADVANCE BC1F5 IN PV2627","ADVANCE BC1F5 IN PV2627","BC1F5","111949","sgh1LS42XiiuL"
"25ALM_BC1F3s1_1482","(IRAT204*2/BTx3197)-B-12","FEZL","25ALM_BC1F3s1_0742","GMS_PV2324_MIN_14019_12","(IRAT204*2/BTx3197)-B-12",43751,"sgh1Lu6WgiR0S","GMS_PGF2025_MIN_0742","(IRAT204*2/BTx3197)-B-12-1","54777","sgh1LYjWRDeL5","GMS_PV2526_3540","(IRAT204*2/BTx3197)-B-12-1-1","111948","sgh1LJ5Se6SHg","NO_ISSUES_IDENTIFIED","Introgression_confirmed","ADVANCE BC1F5 IN PV2627","ADVANCE BC1F5 IN PV2627","BC1F5","111948","sgh1LJ5Se6SHg"
"25ALM_BC1F3s1_2626","(IRAT204*2/BTx3197)-B-11","FBQA","25ALM_BC1F3s1_0741","GMS_PV2324_MIN_14019_11","(IRAT204*2/BTx3197)-B-11",43750,"sgh1LbVIe4P1M","GMS_PGF2025_MIN_0741","(IRAT204*2/BTx3197)-B-11-1","54776","sgh1LnxU1s3gs","GMS_PV2526_3539","(IRAT204*2/BTx3197)-B-11-1-1","111947","sgh1L8QGec9rf","NO_ISSUES_IDENTIFIED","Introgression_confirmed","ADVANCE BC1F5 IN PV2627","ADVANCE BC1F5 IN PV2627","BC1F5","111947","sgh1L8QGec9rf"
"25ALM_BC1F3s1_2224","(IRAT204*2/BTx3197)-B-10","FXFW","25ALM_BC1F3s1_0740","GMS_PV2324_MIN_14019_10","(IRAT204*2/BTx3197)-B-10",43749,"sgh1LS3Jt6SNN","GMS_PGF2025_MIN_0740","(IRAT204*2/BTx3197)-B-10-1","54775","sgh1L0U5JGIIC","GMS_PV2526_3538","(IRAT204*2/BTx3197)-B-10-1-1","111946","sgh1LDFk4oLkg","NO_ISSUES_IDENTIFIED","Introgression_confirmed","ADVANCE BC1F5 IN PV2627","ADVANCE BC1F5 IN PV2627","BC1F5","111946","sgh1LDFk4oLkg"
"25ALM_BC1F3s1_1314","(IRAT204*2/BTx3197)-B-1","FXUH","25ALM_BC1F3s1_0731","GMS_PV2324_MIN_14019_01","(IRAT204*2/BTx3197)-B-1",43740,"sgh1LjDW5cxJu","GMS_PGF2025_MIN_0731","(IRAT204*2/BTx3197)-B-1-1","54766","sgh1LbVULUapR","GMS_PV2526_3537","(IRAT204*2/BTx3197)-B-1-1-1","111945","sgh1L1uvE025m","NO_ISSUES_IDENTIFIED","Introgression_confirmed","ADVANCE BC1F5 IN PV2627","ADVANCE BC1F5 IN PV2627","BC1F5","111945","sgh1L1uvE025m"
"25ALM_BC1F3s1_2634","(IRAT204*2/RTAM2566)-B-8","FMUS","25ALM_BC1F3s1_1309","GMS_PV2324_MIN_15023_08","(IRAT204*2/RTAM2566)-B-8",44452,"sgh1LDEScYqBF","GMS_PGF2025_MIN_1309","(IRAT204*2/RTAM2566)-B-8-1","55307","sgh1LIdDdc5ti","GMS_PV2526_3564","(IRAT204*2/RTAM2566)-B-8-1-1","111862","sgh1Lk56vLMEi","NO_ISSUES_IDENTIFIED","Introgression_confirmed","ADVANCE BC1F5 IN PV2627","ADVANCE BC1F5 IN PV2627","BC1F5","111862","sgh1Lk56vLMEi"
"25ALM_BC1F3s1_2571","(IRAT204*2/RTAM2566)-B-7","FWDM","25ALM_BC1F3s1_1308","GMS_PV2324_MIN_15023_07","(IRAT204*2/RTAM2566)-B-7",44451,"sgh1LQF9FOmsX","GMS_PGF2025_MIN_1308","(IRAT204*2/RTAM2566)-B-7-1","55306","sgh1LDKkCx28w","GMS_PV2526_3563","(IRAT204*2/RTAM2566)-B-7-1-1","111965","sgh1LEJEPqmn5","NO_ISSUES_IDENTIFIED","Introgression_confirmed","ADVANCE BC1F5 IN PV2627","ADVANCE BC1F5 IN PV2627","BC1F5","111965","sgh1LEJEPqmn5"
"25ALM_BC1F3s1_1118","(IRAT204*2/RTAM2566)-B-6","FPKO","25ALM_BC1F3s1_1307","GMS_PV2324_MIN_15023_06","(IRAT204*2/RTAM2566)-B-6",44450,"sgh1LLkUie3ix","GMS_PGF2025_MIN_1307","(IRAT204*2/RTAM2566)-B-6-1","55305","sgh1LQZxGzjTF","GMS_PV2526_3562","(IRAT204*2/RTAM2566)-B-6-1-1","111861","sgh1LmmmgmM4f","NO_ISSUES_IDENTIFIED","Introgression_confirmed","ADVANCE BC1F5 IN PV2627","ADVANCE BC1F5 IN PV2627","BC1F5","111861","sgh1LmmmgmM4f"
"25ALM_BC1F3s1_0571","(IRAT204*2/RTAM2566)-B-5","FKAX","25ALM_BC1F3s1_1306","GMS_PV2324_MIN_15023_05","(IRAT204*2/RTAM2566)-B-5",44449,"sgh1LWNai0gfM","GMS_PGF2025_MIN_1306","(IRAT204*2/RTAM2566)-B-5-1","55304","sgh1LoKeMlVQK","GMS_PV2526_3561","(IRAT204*2/RTAM2566)-B-5-1-1","111964","sgh1LhoAUBcXt","NO_ISSUES_IDENTIFIED","Introgression_confirmed","ADVANCE BC1F5 IN PV2627","ADVANCE BC1F5 IN PV2627","BC1F5","111964","sgh1LhoAUBcXt"
"25ALM_BC1F3s1_1582","(IRAT204*2/RTAM2566)-B-2","FZEW","25ALM_BC1F3s1_1303","GMS_PV2324_MIN_15023_02","(IRAT204*2/RTAM2566)-B-2",44446,"sgh1LJ32A3dqy","GMS_PGF2025_MIN_1303","(IRAT204*2/RTAM2566)-B-2-1","55301","sgh1L0neMw5EY","GMS_PV2526_3560","(IRAT204*2/RTAM2566)-B-2-1-1","111963","sgh1LGAfqioAB","NO_ISSUES_IDENTIFIED","Introgression_confirmed","ADVANCE BC1F5 IN PV2627","ADVANCE BC1F5 IN PV2627","BC1F5","111963","sgh1LGAfqioAB"
"25ALM_BC1F3s1_0885","(IRAT204*2/RTAM2566)-B-14","FNBL","25ALM_BC1F3s1_1315","GMS_PV2324_MIN_15023_14","(IRAT204*2/RTAM2566)-B-14",44458,"sgh1Lb4hKV7sh","GMS_PGF2025_MIN_1315","(IRAT204*2/RTAM2566)-B-14-1","55313","sgh1LmgFgzX4q","GMS_PV2526_3559","(IRAT204*2/RTAM2566)-B-14-1-1","111962","sgh1Lhko8XntE","NO_ISSUES_IDENTIFIED","Introgression_confirmed","ADVANCE BC1F5 IN PV2627","ADVANCE BC1F5 IN PV2627","BC1F5","111962","sgh1Lhko8XntE"
"25ALM_BC1F3s1_1588","(IRAT204*2/RTAM2566)-B-13","FJDX","25ALM_BC1F3s1_1314","GMS_PV2324_MIN_15023_13","(IRAT204*2/RTAM2566)-B-13",44457,"sgh1LULevIEbe","GMS_PGF2025_MIN_1314","(IRAT204*2/RTAM2566)-B-13-1","55312","sgh1LN9oP1MT7","GMS_PV2526_3558","(IRAT204*2/RTAM2566)-B-13-1-1","111961","sgh1L7Mt0nFtw","NO_ISSUES_IDENTIFIED","Introgression_confirmed","ADVANCE BC1F5 IN PV2627","ADVANCE BC1F5 IN PV2627","BC1F5","111961","sgh1L7Mt0nFtw"
"25ALM_BC1F3s1_1647","(IRAT204*2/RTAM2566)-B-12","FHME","25ALM_BC1F3s1_1313","GMS_PV2324_MIN_15023_12","(IRAT204*2/RTAM2566)-B-12",44456,"sgh1LBV4MP9lv","GMS_PGF2025_MIN_1313","(IRAT204*2/RTAM2566)-B-12-1","55311","sgh1L64XUo5x1","GMS_PV2526_3557","(IRAT204*2/RTAM2566)-B-12-1-1","111960","sgh1LSaaDLRqm","NO_ISSUES_IDENTIFIED","Introgression_confirmed","ADVANCE BC1F5 IN PV2627","ADVANCE BC1F5 IN PV2627","BC1F5","111960","sgh1LSaaDLRqm"
"25ALM_BC1F3s1_1331","(IRAT204*2/RTAM2566)-B-11","FSSK","25ALM_BC1F3s1_1312","GMS_PV2324_MIN_15023_11","(IRAT204*2/RTAM2566)-B-11",44455,"sgh1L9gp55BO5","GMS_PGF2025_MIN_1312","(IRAT204*2/RTAM2566)-B-11-1","55310","sgh1LrfmBc51O","GMS_PV2526_3556","(IRAT204*2/RTAM2566)-B-11-1-1","111959","sgh1LkmI8pcck","NO_ISSUES_IDENTIFIED","Introgression_confirmed","ADVANCE BC1F5 IN PV2627","ADVANCE BC1F5 IN PV2627","BC1F5","111959","sgh1LkmI8pcck"
"25ALM_BC1F3s1_0374","(IRAT204*2/Red Kafir)-B-10","FAKX","25ALM_BC1F3s1_0611","GMS_PV2324_MIN_15015_10","(IRAT204*2/Red Kafir)-B-10",43344,"sgh1LNczosjuM","GMS_PGF2025_MIN_0611","(IRAT204*2/Red Kafir)-B-10-1","54652","sgh1Lc9krbjW7","GMS_PV2526_3550","(IRAT204*2/Red Kafir)-B-10-1-1","111954","sgh1LPxd4u6gr","NO_ISSUES_IDENTIFIED","Introgression_confirmed","ADVANCE BC1F5 IN PV2627","ADVANCE BC1F5 IN PV2627","BC1F5","111954","sgh1LPxd4u6gr"
"25ALM_BC1F3s1_1904","(IRAT204*2/Wheatland)-B-11","FEMS","25ALM_BC1F3s1_0286","GMS_PV2324_MIN_15006_11","(IRAT204*2/Wheatland)-B-11",42919,"sgh1Lz2MfYX2i","GMS_PGF2025_MIN_0286","(IRAT204*2/Wheatland)-B-11-1","54376","sgh1LG77SHbrP","GMS_PV2526_3775","(IRAT204*2/Wheatland)-B-11-1-1","112072","sgh1LeIFeyDGn","NO_ISSUES_IDENTIFIED","Introgression_confirmed","ADVANCE BC1F5 IN PV2627","ADVANCE BC1F5 IN PV2627","BC1F5","112072","sgh1LeIFeyDGn"
"25ALM_BC1F3s1_2731","(IRAT204*2/Wheatland)-B-1","FZRX","25ALM_BC1F3s1_0276","GMS_PV2324_MIN_15006_01","(IRAT204*2/Wheatland)-B-1",42909,"sgh1LiAnf6Ov3","GMS_PGF2025_MIN_0276","(IRAT204*2/Wheatland)-B-1-1","54368","sgh1L5xG9Lfmc","GMS_PV2526_3774","(IRAT204*2/Wheatland)-B-1-1-1","112071","sgh1Lzrc9TiDz","NO_ISSUES_IDENTIFIED","Introgression_confirmed","ADVANCE BC1F5 IN PV2627","ADVANCE BC1F5 IN PV2627","BC1F5","112071","sgh1Lzrc9TiDz"
"25ALM_BC1F3s1_0618","(IRAT204*2/Keller)-B-9","FBSA","25ALM_BC1F3s1_0009","GMS_PV2324_MIN_15007_09","(IRAT204*2/Keller)-B-9",42632,"sgh1LUuUD5Sjl","GMS_PGF2025_MIN_0009","(IRAT204*2/Keller)-B-9-1","54134","sgh1LVaP3GRIs","GMS_PV2526_3548","(IRAT204*2/Keller)-B-9-1-1","65514","sgh1LEcIMPyCv","NO_ISSUES_IDENTIFIED","Introgression_confirmed","ADVANCE BC1F5 IN PV2627","ADVANCE BC1F5 IN PV2627","BC1F5","65514","sgh1LEcIMPyCv"
"25ALM_BC1F3s1_1857","(IRAT204*2/Keller)-B-6","FTGS","25ALM_BC1F3s1_0006","GMS_PV2324_MIN_15007_06","(IRAT204*2/Keller)-B-6",42629,"sgh1LL7ylU88k","GMS_PGF2025_MIN_0006","(IRAT204*2/Keller)-B-6-1","54133","sgh1LUDTqh18c","GMS_PV2526_3547","(IRAT204*2/Keller)-B-6-1-1","65546","sgh1LLU8kb4qI","NO_ISSUES_IDENTIFIED","Introgression_confirmed","ADVANCE BC1F5 IN PV2627","ADVANCE BC1F5 IN PV2627","BC1F5","65546","sgh1LLU8kb4qI"
"25ALM_BC1F3s1_1805","(IRAT204*2/Rox Orange)-B-9","FEZU","25ALM_BC1F3s1_0754","GMS_PV2324_MIN_14020_09","(IRAT204*2/Rox Orange)-B-9",43763,"sgh1LTOZhi65x","GMS_PGF2025_MIN_0754","(IRAT204*2/Rox Orange)-B-9-1","54789","sgh1LMbYOJbUe","GMS_PV2526_3554","(IRAT204*2/Rox Orange)-B-9-1-1","111958","sgh1LWIb0Ireq","NO_ISSUES_IDENTIFIED","Introgression_confirmed","ADVANCE BC1F5 IN PV2627","ADVANCE BC1F5 IN PV2627","BC1F5","111958","sgh1LWIb0Ireq"
"25ALM_BC1F3s1_1728","(IRAT204*2/Rox Orange)-B-13","FUKA","25ALM_BC1F3s1_0758","GMS_PV2324_MIN_14020_13","(IRAT204*2/Rox Orange)-B-13",43767,"sgh1L4G6KpcYJ","GMS_PGF2025_MIN_0758","(IRAT204*2/Rox Orange)-B-13-1","54793","sgh1LwPx4ammz","GMS_PV2526_3553","(IRAT204*2/Rox Orange)-B-13-1-1","111957","sgh1LIMUX6QV8","NO_ISSUES_IDENTIFIED","Introgression_confirmed","ADVANCE BC1F5 IN PV2627","ADVANCE BC1F5 IN PV2627","BC1F5","111957","sgh1LIMUX6QV8"
"25ALM_BC1F3s1_1837","(IRAT204*2/Rox Orange)-B-12","FMUN","25ALM_BC1F3s1_0757","GMS_PV2324_MIN_14020_12","(IRAT204*2/Rox Orange)-B-12",43766,"sgh1LKnuPn9op","GMS_PGF2025_MIN_0757","(IRAT204*2/Rox Orange)-B-12-1","54792","sgh1Ly4gpKjbH","GMS_PV2526_3552","(IRAT204*2/Rox Orange)-B-12-1-1","111956","sgh1LceTkbatZ","NO_ISSUES_IDENTIFIED","Introgression_confirmed","ADVANCE BC1F5 IN PV2627","ADVANCE BC1F5 IN PV2627","BC1F5","111956","sgh1LceTkbatZ"
"25ALM_BC1F3s1_0812","(IRAT204*2/Rox Orange)-B-11","FRJR","25ALM_BC1F3s1_0756","GMS_PV2324_MIN_14020_11","(IRAT204*2/Rox Orange)-B-11",43765,"sgh1LWHdUYXaS","GMS_PGF2025_MIN_0756","(IRAT204*2/Rox Orange)-B-11-1","54791","sgh1LulQ6M4ry","GMS_PV2526_3551","(IRAT204*2/Rox Orange)-B-11-1-1","111955","sgh1Luh0u7KBx","NO_ISSUES_IDENTIFIED","Introgression_confirmed","ADVANCE BC1F5 IN PV2627","ADVANCE BC1F5 IN PV2627","BC1F5","111955","sgh1Luh0u7KBx"
"25ALM_BC1F3s1_2187","(IRAT204*2/SC1345)-B-5","FNFR","25ALM_BC1F3s1_0780","GMS_PV2324_MIN_14022_05","(IRAT204*2/SC1345)-B-5",43789,"sgh1LC86FBQaS","GMS_PGF2025_MIN_0780","(IRAT204*2/SC1345)-B-5-1","54815","sgh1L2zy3z6Rm","GMS_PV2526_3631","(IRAT204*2/SC1345)-B-5-1-1","111866","sgh1Lsp7SqV38","NO_ISSUES_IDENTIFIED","Introgression_confirmed","ADVANCE BC1F5 IN PV2627","ADVANCE BC1F5 IN PV2627","BC1F5","111866","sgh1Lsp7SqV38"
"25ALM_BC1F3s1_1339","(IRAT204*2/SC1345)-B-4","FDCD","25ALM_BC1F3s1_0779","GMS_PV2324_MIN_14022_04","(IRAT204*2/SC1345)-B-4",43788,"sgh1LkGp6l6hX","GMS_PGF2025_MIN_0779","(IRAT204*2/SC1345)-B-4-1","54814","sgh1L1U5IozxJ","GMS_PV2526_3630","(IRAT204*2/SC1345)-B-4-1-1","111996","sgh1LlSbus7aD","NO_ISSUES_IDENTIFIED","Introgression_confirmed","ADVANCE BC1F5 IN PV2627","ADVANCE BC1F5 IN PV2627","BC1F5","111996","sgh1LlSbus7aD"
"25ALM_BC1F3s1_1077","(IRAT204*2/SC1345)-B-14","FHRC","25ALM_BC1F3s1_0789","GMS_PV2324_MIN_14022_14","(IRAT204*2/SC1345)-B-14",43798,"sgh1Lds0AfpXU","GMS_PGF2025_MIN_0789","(IRAT204*2/SC1345)-B-14-1","54824","sgh1LYUATlfwE","GMS_PV2526_3629","(IRAT204*2/SC1345)-B-14-1-1","111995","sgh1Ld8G9s73s","NO_ISSUES_IDENTIFIED","Introgression_confirmed","ADVANCE BC1F5 IN PV2627","ADVANCE BC1F5 IN PV2627","BC1F5","111995","sgh1Ld8G9s73s"
"25ALM_BC1F3s1_1766","(IRAT204*2/SC1154)-B-7","FIUL","25ALM_BC1F3s1_0692","GMS_PV2324_MIN_14016_07","(IRAT204*2/SC1154)-B-7",43701,"sgh1LqbxNvAlL","GMS_PGF2025_MIN_0692","(IRAT204*2/SC1154)-B-7-1","54729","sgh1LkwvpWNA7","GMS_PV2526_3616","(IRAT204*2/SC1154)-B-7-1-1","111989","sgh1LEyDsYPZ8","NO_ISSUES_IDENTIFIED","Introgression_confirmed","ADVANCE BC1F5 IN PV2627","ADVANCE BC1F5 IN PV2627","BC1F5","111989","sgh1LEyDsYPZ8"
"25ALM_BC1F3s1_0449","(IRAT204*2/SC1154)-B-5","FNLS","25ALM_BC1F3s1_0690","GMS_PV2324_MIN_14016_05","(IRAT204*2/SC1154)-B-5",43699,"sgh1LbqTD8fFF","GMS_PGF2025_MIN_0690","(IRAT204*2/SC1154)-B-5-1","54728","sgh1LOS9QmJKa","GMS_PV2526_3615","(IRAT204*2/SC1154)-B-5-1-1","111988","sgh1LruBumE9r","NO_ISSUES_IDENTIFIED","Introgression_confirmed","ADVANCE BC1F5 IN PV2627","ADVANCE BC1F5 IN PV2627","BC1F5","111988","sgh1LruBumE9r"
"25ALM_BC1F3s1_0733","(IRAT204*2/SC1154)-B-4","FVPR","25ALM_BC1F3s1_0689","GMS_PV2324_MIN_14016_04","(IRAT204*2/SC1154)-B-4",43698,"sgh1L2pjQG0FX","GMS_PGF2025_MIN_0689","(IRAT204*2/SC1154)-B-4-1","54727","sgh1LcGdctHao","GMS_PV2526_3614","(IRAT204*2/SC1154)-B-4-1-1","111987","sgh1Lj6GCxWzg","NO_ISSUES_IDENTIFIED","Introgression_confirmed","ADVANCE BC1F5 IN PV2627","ADVANCE BC1F5 IN PV2627","BC1F5","111987","sgh1Lj6GCxWzg"
"25ALM_BC1F3s1_0670","(IRAT204*2/SC1154)-B-3","FCTR","25ALM_BC1F3s1_0688","GMS_PV2324_MIN_14016_03","(IRAT204*2/SC1154)-B-3",43697,"sgh1Lp81f42rk","GMS_PGF2025_MIN_0688","(IRAT204*2/SC1154)-B-3-1","54726","sgh1L7qWhURv8","GMS_PV2526_3613","(IRAT204*2/SC1154)-B-3-1-1","111986","sgh1LCqkxsUrP","NO_ISSUES_IDENTIFIED","Introgression_confirmed","ADVANCE BC1F5 IN PV2627","ADVANCE BC1F5 IN PV2627","BC1F5","111986","sgh1LCqkxsUrP"
"25ALM_BC1F3s1_2695","(IRAT204*2/SC1154)-B-11","FMNP","25ALM_BC1F3s1_0696","GMS_PV2324_MIN_14016_11","(IRAT204*2/SC1154)-B-11",43705,"sgh1LtM7D63Xr","GMS_PGF2025_MIN_0696","(IRAT204*2/SC1154)-B-11-1","54733","sgh1Li8bk6cdV","GMS_PV2526_3612","(IRAT204*2/SC1154)-B-11-1-1","111985","sgh1LScdpf8aP","NO_ISSUES_IDENTIFIED","Introgression_confirmed","ADVANCE BC1F5 IN PV2627","ADVANCE BC1F5 IN PV2627","BC1F5","111985","sgh1LScdpf8aP"
"25ALM_BC1F3s1_2620","(IRAT204*2/SC1154)-B-10","FTVH","25ALM_BC1F3s1_0695","GMS_PV2324_MIN_14016_10","(IRAT204*2/SC1154)-B-10",43704,"sgh1L35JBRQat","GMS_PGF2025_MIN_0695","(IRAT204*2/SC1154)-B-10-1","54732","sgh1L1CtbUu3k","GMS_PV2526_3611","(IRAT204*2/SC1154)-B-10-1-1","111984","sgh1L4MT7oJUB","NO_ISSUES_IDENTIFIED","Introgression_confirmed","ADVANCE BC1F5 IN PV2627","ADVANCE BC1F5 IN PV2627","BC1F5","111984","sgh1L4MT7oJUB"
"25ALM_BC1F3s1_0915","(IRAT204*2/SC1154)-B-1","FXMU","25ALM_BC1F3s1_0686","GMS_PV2324_MIN_14016_01","(IRAT204*2/SC1154)-B-1",43695,"sgh1LnXLsSC9e","GMS_PGF2025_MIN_0686","(IRAT204*2/SC1154)-B-1-1","54724","sgh1LcjgGZ052","GMS_PV2526_3610","(IRAT204*2/SC1154)-B-1-1-1","111983","sgh1LoyD21QiH","NO_ISSUES_IDENTIFIED","Introgression_confirmed","ADVANCE BC1F5 IN PV2627","ADVANCE BC1F5 IN PV2627","BC1F5","111983","sgh1LoyD21QiH"
"25ALM_BC1F3s1_0359","(IRAT204*2/SC1079)-B-8","FDPC","25ALM_BC1F3s1_1265","GMS_PV2324_MIN_15020_08","(IRAT204*2/SC1079)-B-8",44407,"sgh1LmJHYPfp1","GMS_PGF2025_MIN_1265","(IRAT204*2/SC1079)-B-8-1","55263","sgh1LoJMUTLAZ","GMS_PV2526_3599","(IRAT204*2/SC1079)-B-8-1-1","111978","sgh1LjmIE5dr7","NO_ISSUES_IDENTIFIED","Introgression_confirmed","ADVANCE BC1F5 IN PV2627","ADVANCE BC1F5 IN PV2627","BC1F5","111978","sgh1LjmIE5dr7"
"25ALM_BC1F3s1_0464","(IRAT204*2/SC1079)-B-10","FHTT","25ALM_BC1F3s1_1267","GMS_PV2324_MIN_15020_10","(IRAT204*2/SC1079)-B-10",44409,"sgh1L2HUEZMiH","GMS_PGF2025_MIN_1267","(IRAT204*2/SC1079)-B-10-1","55265","sgh1LDJgQ4Qzb","GMS_PV2526_3598","(IRAT204*2/SC1079)-B-10-1-1","112761","sgh1LhiKQG387","NO_ISSUES_IDENTIFIED","Introgression_confirmed","ADVANCE BC1F5 IN PV2627","ADVANCE BC1F5 IN PV2627","BC1F5","112761","sgh1LhiKQG387"
"25ALM_BC1F3s1_1178","(IRAT204*2/SC672)-B-8","FKDV","25ALM_BC1F3s1_0679","GMS_PV2324_MIN_14015_08","(IRAT204*2/SC672)-B-8",43687,"sgh1LRBiEetnj","GMS_PGF2025_MIN_0679","(IRAT204*2/SC672)-B-8-1","54717","sgh1LCuIee8au","GMS_PV2526_3714","(IRAT204*2/SC672)-B-8-1-1","111899","sgh1LvJwfe0f2","NO_ISSUES_IDENTIFIED","Introgression_confirmed","ADVANCE BC1F5 IN PV2627","ADVANCE BC1F5 IN PV2627","BC1F5","111899","sgh1LvJwfe0f2"
"25ALM_BC1F3s1_0542","(IRAT204*2/SC672)-B-5","FEPO","25ALM_BC1F3s1_0676","GMS_PV2324_MIN_14015_05","(IRAT204*2/SC672)-B-5",43684,"sgh1LByXUajl7","GMS_PGF2025_MIN_0676","(IRAT204*2/SC672)-B-5-1","54715","sgh1Lgatbpiqw","GMS_PV2526_3712","(IRAT204*2/SC672)-B-5-1-1","112044","sgh1L1G45B1ml","NO_ISSUES_IDENTIFIED","Introgression_confirmed","ADVANCE BC1F5 IN PV2627","ADVANCE BC1F5 IN PV2627","BC1F5","112044","sgh1L1G45B1ml"
"25ALM_BC1F3s1_0262","(IRAT204*2/SC672)-B-4","FSHM","25ALM_BC1F3s1_0675","GMS_PV2324_MIN_14015_04","(IRAT204*2/SC672)-B-4",43683,"sgh1LEmi7hV22","GMS_PGF2025_MIN_0675","(IRAT204*2/SC672)-B-4-1","54714","sgh1LaoNyZ41Z","GMS_PV2526_3711","(IRAT204*2/SC672)-B-4-1-1","112043","sgh1LcufAyuNp","NO_ISSUES_IDENTIFIED","Introgression_confirmed","ADVANCE BC1F5 IN PV2627","ADVANCE BC1F5 IN PV2627","BC1F5","112043","sgh1LcufAyuNp"
"25ALM_BC1F3s1_0361","(IRAT204*2/SC672)-B-14","FYJE","25ALM_BC1F3s1_0685","GMS_PV2324_MIN_14015_14","(IRAT204*2/SC672)-B-14",43693,"sgh1L5J62PBXf","GMS_PGF2025_MIN_0685","(IRAT204*2/SC672)-B-14-1","54723","sgh1LtJNIPs0A","GMS_PV2526_3709","(IRAT204*2/SC672)-B-14-1-1","112041","sgh1L8M55eZWa","NO_ISSUES_IDENTIFIED","Introgression_confirmed","ADVANCE BC1F5 IN PV2627","ADVANCE BC1F5 IN PV2627","BC1F5","112041","sgh1L8M55eZWa"
"25ALM_BC1F3s1_1354","(IRAT204*2/SC672)-B-12","FGWT","25ALM_BC1F3s1_0683","GMS_PV2324_MIN_14015_12","(IRAT204*2/SC672)-B-12",43691,"sgh1LFUm4xbii","GMS_PGF2025_MIN_0683","(IRAT204*2/SC672)-B-12-1","54721","sgh1LDdgHuLF3","GMS_PV2526_3708","(IRAT204*2/SC672)-B-12-1-1","112040","sgh1LjT5Njje7","NO_ISSUES_IDENTIFIED","Introgression_confirmed","ADVANCE BC1F5 IN PV2627","ADVANCE BC1F5 IN PV2627","BC1F5","112040","sgh1LjT5Njje7"
"25ALM_BC1F3s1_0217","(IRAT204*2/SC672)-B-1","FYAM","25ALM_BC1F3s1_0672","GMS_PV2324_MIN_14015_01","(IRAT204*2/SC672)-B-1",43680,"sgh1LF60ig3Sg","GMS_PGF2025_MIN_0672","(IRAT204*2/SC672)-B-1-1","54711","sgh1LlaQF0Gjn","GMS_PV2526_3707","(IRAT204*2/SC672)-B-1-1-1","112039","sgh1L7kSNjMi8","NO_ISSUES_IDENTIFIED","Introgression_confirmed","ADVANCE BC1F5 IN PV2627","ADVANCE BC1F5 IN PV2627","BC1F5","112039","sgh1L7kSNjMi8"
"25ALM_BC1F3s1_2666","(IRAT204*2/SC1104)-B-3","FXOD","25ALM_BC1F3s1_1517","GMS_MN2024_MIN_12082_03","(IRAT204*2/SC1104)-B-3",42746,"sgh1L2laAccEa","GMS_PGF2025_MIN_1517","(IRAT204*2/SC1104)-B-3-1","54225","sgh1L7GIUo1aw","GMS_PV2526_3607","(IRAT204*2/SC1104)-B-3-1-1","65793","sgh1L2L1MjbXG","NO_ISSUES_IDENTIFIED","Introgression_confirmed","ADVANCE BC1F5 IN PV2627","ADVANCE BC1F5 IN PV2627","BC1F5","65793","sgh1L2L1MjbXG"
"25ALM_BC1F3s1_2313","(IRAT204*2/SC1104)-B-20","FDMO","25ALM_BC1F3s1_1513","GMS_MN2024_MIN_12081_20","(IRAT204*2/SC1104)-B-20",48235,"sgh1LfYoDQQLE","GMS_PGF2025_MIN_1513","(IRAT204*2/SC1104)-B-20-1","55482","sgh1LgQVgTTnD","GMS_PV2526_3606","(IRAT204*2/SC1104)-B-20-1-1","111980","sgh1LwQv1lR2J","NO_ISSUES_IDENTIFIED","Introgression_confirmed","ADVANCE BC1F5 IN PV2627","ADVANCE BC1F5 IN PV2627","BC1F5","111980","sgh1LwQv1lR2J"
"25ALM_BC1F3s1_0697","(IRAT204*2/SC1104)-B-17","FHDT","25ALM_BC1F3s1_1510","GMS_MN2024_MIN_12081_17","(IRAT204*2/SC1104)-B-17",48232,"sgh1LGBLPItXH","GMS_PGF2025_MIN_1510","(IRAT204*2/SC1104)-B-17-1","55479","sgh1LnLRS1V9V","GMS_PV2526_3605","(IRAT204*2/SC1104)-B-17-1-1","67249","sgh1Lzqi8t0eU","NO_ISSUES_IDENTIFIED","Introgression_confirmed","ADVANCE BC1F5 IN PV2627","ADVANCE BC1F5 IN PV2627","BC1F5","67249","sgh1Lzqi8t0eU"
"25ALM_BC1F3s1_0093","(IRAT204*2/SC1104)-B-16","FASG","25ALM_BC1F3s1_1509","GMS_MN2024_MIN_12081_16","(IRAT204*2/SC1104)-B-16",48231,"sgh1LCxiXbW2I","GMS_PGF2025_MIN_1509","(IRAT204*2/SC1104)-B-16-1","55478","sgh1L8R4ap01A","GMS_PV2526_3604","(IRAT204*2/SC1104)-B-16-1-1","65722","sgh1L6iZQrEDE","NO_ISSUES_IDENTIFIED","Introgression_confirmed","ADVANCE BC1F5 IN PV2627","ADVANCE BC1F5 IN PV2627","BC1F5","65722","sgh1L6iZQrEDE"
"25ALM_BC1F3s1_1936","(IRAT204*2/SC1104)-B-13","FOZK","25ALM_BC1F3s1_1506","GMS_MN2024_MIN_12081_13","(IRAT204*2/SC1104)-B-13",42756,"sgh1LblUNvZQD","GMS_PGF2025_MIN_1506","(IRAT204*2/SC1104)-B-13-1","55475","sgh1LypyGfqIZ","GMS_PV2526_3602","(IRAT204*2/SC1104)-B-13-1-1","111979","sgh1LjosII3oE","NO_ISSUES_IDENTIFIED","Introgression_confirmed","ADVANCE BC1F5 IN PV2627","ADVANCE BC1F5 IN PV2627","BC1F5","111979","sgh1LjosII3oE"
"25ALM_BC1F3s1_2506","(IRAT204*2/SC1104)-B-13","FORF","25ALM_BC1F3s1_1527","GMS_MN2024_MIN_12082_13","(IRAT204*2/SC1104)-B-13",42756,"sgh1LnSRNnXJg","GMS_PGF2025_MIN_1527","(IRAT204*2/SC1104)-B-13-1","55475","sgh1LwnohKVgk","GMS_PV2526_3603","(IRAT204*2/SC1104)-B-13-1-1","111979","sgh1L7xPHkEK9","NO_ISSUES_IDENTIFIED","Introgression_confirmed","ADVANCE BC1F5 IN PV2627","ADVANCE BC1F5 IN PV2627","BC1F5","111979","sgh1L7xPHkEK9"
"25ALM_BC1F3s1_1205","(IRAT204*2/SC1056)-B-8","FJOE","25ALM_BC1F3s1_0664","GMS_PV2324_MIN_14014_08","(IRAT204*2/SC1056)-B-8",43672,"sgh1LtiG8En6E","GMS_PGF2025_MIN_0664","(IRAT204*2/SC1056)-B-8-1","54704","sgh1LVAykNjVD","GMS_PV2526_3572","(IRAT204*2/SC1056)-B-8-1-1","111972","sgh1L7f4FDvuB","NO_ISSUES_IDENTIFIED","Introgression_confirmed","ADVANCE BC1F5 IN PV2627","ADVANCE BC1F5 IN PV2627","BC1F5","111972","sgh1L7f4FDvuB"
"25ALM_BC1F3s1_1316","(IRAT204*2/SC1056)-B-6","FEHA","25ALM_BC1F3s1_0662","GMS_PV2324_MIN_14014_06","(IRAT204*2/SC1056)-B-6",43670,"sgh1LbRNJuX25","GMS_PGF2025_MIN_0662","(IRAT204*2/SC1056)-B-6-1","54702","sgh1LTLkN5ica","GMS_PV2526_3571","(IRAT204*2/SC1056)-B-6-1-1","111971","sgh1L8GAPBMaR","NO_ISSUES_IDENTIFIED","Introgression_confirmed","ADVANCE BC1F5 IN PV2627","ADVANCE BC1F5 IN PV2627","BC1F5","111971","sgh1L8GAPBMaR"
"25ALM_BC1F3s1_0238","(IRAT204*2/SC1056)-B-14","FKHN","25ALM_BC1F3s1_0670","GMS_PV2324_MIN_14014_14","(IRAT204*2/SC1056)-B-14",43678,"sgh1LFSAjsnE0","GMS_PGF2025_MIN_0670","(IRAT204*2/SC1056)-B-14-1","54709","sgh1LJAQWhrGx","GMS_PV2526_3569","(IRAT204*2/SC1056)-B-14-1-1","111969","sgh1L8ODtjCRM","NO_ISSUES_IDENTIFIED","Introgression_confirmed","ADVANCE BC1F5 IN PV2627","ADVANCE BC1F5 IN PV2627","BC1F5","111969","sgh1L8ODtjCRM"
"25ALM_BC1F3s1_1716","(IRAT204*2/SC1056)-B-13","FGOS","25ALM_BC1F3s1_0669","GMS_PV2324_MIN_14014_13","(IRAT204*2/SC1056)-B-13",43677,"sgh1Lj4idwrdv","GMS_PGF2025_MIN_0669","(IRAT204*2/SC1056)-B-13-1","54708","sgh1LKtBPjyxj","GMS_PV2526_3568","(IRAT204*2/SC1056)-B-13-1-1","111968","sgh1LYGdN0C4p","NO_ISSUES_IDENTIFIED","Introgression_confirmed","ADVANCE BC1F5 IN PV2627","ADVANCE BC1F5 IN PV2627","BC1F5","111968","sgh1LYGdN0C4p"
"25ALM_BC1F3s1_2559","(IRAT204*2/SC910)-B-9","FODQ","25ALM_BC1F3s1_0724","GMS_PV2324_MIN_14018_09","(IRAT204*2/SC910)-B-9",43733,"sgh1Lwgjkb6q7","GMS_PGF2025_MIN_0724","(IRAT204*2/SC910)-B-9-1","54760","sgh1LKeOzlCvC","GMS_PV2526_3744","(IRAT204*2/SC910)-B-9-1-1","112067","sgh1LZ3AAUqwG","NO_ISSUES_IDENTIFIED","Introgression_confirmed","ADVANCE BC1F5 IN PV2627","ADVANCE BC1F5 IN PV2627","BC1F5","112067","sgh1LZ3AAUqwG"
"25ALM_BC1F3s1_0724","(IRAT204*2/SC910)-B-8","FGDU","25ALM_BC1F3s1_0723","GMS_PV2324_MIN_14018_08","(IRAT204*2/SC910)-B-8",43732,"sgh1L1Sb6lVTW","GMS_PGF2025_MIN_0723","(IRAT204*2/SC910)-B-8-1","54759","sgh1Lmep4envV","GMS_PV2526_3743","(IRAT204*2/SC910)-B-8-1-1","112066","sgh1LgdG1Sm5C","NO_ISSUES_IDENTIFIED","Introgression_confirmed","ADVANCE BC1F5 IN PV2627","ADVANCE BC1F5 IN PV2627","BC1F5","112066","sgh1LgdG1Sm5C"
"25ALM_BC1F3s1_1943","(IRAT204*2/SC910)-B-5","FKBQ","25ALM_BC1F3s1_0720","GMS_PV2324_MIN_14018_05","(IRAT204*2/SC910)-B-5",43729,"sgh1LSlcLtAC6","GMS_PGF2025_MIN_0720","(IRAT204*2/SC910)-B-5-1","54756","sgh1LHF6d0wKr","GMS_PV2526_3742","(IRAT204*2/SC910)-B-5-1-1","112065","sgh1LjLGppntq","NO_ISSUES_IDENTIFIED","Introgression_confirmed","ADVANCE BC1F5 IN PV2627","ADVANCE BC1F5 IN PV2627","BC1F5","112065","sgh1LjLGppntq"
"25ALM_BC1F3s1_0572","(IRAT204*2/SC910)-B-4","FDJF","25ALM_BC1F3s1_0719","GMS_PV2324_MIN_14018_04","(IRAT204*2/SC910)-B-4",43728,"sgh1L4Whri8KJ","GMS_PGF2025_MIN_0719","(IRAT204*2/SC910)-B-4-1","54755","sgh1LrsEitTfu","GMS_PV2526_3741","(IRAT204*2/SC910)-B-4-1-1","112064","sgh1LOYx4uF6D","NO_ISSUES_IDENTIFIED","Introgression_confirmed","ADVANCE BC1F5 IN PV2627","ADVANCE BC1F5 IN PV2627","BC1F5","112064","sgh1LOYx4uF6D"
"25ALM_BC1F3s1_0008","(IRAT204*2/SC910)-B-3","FTWW","25ALM_BC1F3s1_0718","GMS_PV2324_MIN_14018_03","(IRAT204*2/SC910)-B-3",43727,"sgh1LUZff8pRF","GMS_PGF2025_MIN_0718","(IRAT204*2/SC910)-B-3-1","54754","sgh1LFPnsQKrA","GMS_PV2526_3740","(IRAT204*2/SC910)-B-3-1-1","112063","sgh1LrYYzMy8Y","NO_ISSUES_IDENTIFIED","Introgression_confirmed","ADVANCE BC1F5 IN PV2627","ADVANCE BC1F5 IN PV2627","BC1F5","112063","sgh1LrYYzMy8Y"
"25ALM_BC1F3s1_0092","(IRAT204*2/SC910)-B-2","FYVI","25ALM_BC1F3s1_0717","GMS_PV2324_MIN_14018_02","(IRAT204*2/SC910)-B-2",43726,"sgh1L44u11dFt","GMS_PGF2025_MIN_0717","(IRAT204*2/SC910)-B-2-1","54753","sgh1LmmY5H0KK","GMS_PV2526_3739","(IRAT204*2/SC910)-B-2-1-1","112062","sgh1LRr7yrufo","NO_ISSUES_IDENTIFIED","Introgression_confirmed","ADVANCE BC1F5 IN PV2627","ADVANCE BC1F5 IN PV2627","BC1F5","112062","sgh1LRr7yrufo"
"25ALM_BC1F3s1_0186","(IRAT204*2/SC673)-B-5","FJZO","25ALM_BC1F3s1_0206","GMS_PV2324_MIN_15001_05","(IRAT204*2/SC673)-B-5",42838,"sgh1LefHoHBYm","GMS_PGF2025_MIN_0206","(IRAT204*2/SC673)-B-5-1","54307","sgh1LcDWdAx24","GMS_PV2526_3717","(IRAT204*2/SC673)-B-5-1-1","111900","sgh1LNWFGNlXS","NO_ISSUES_IDENTIFIED","Introgression_confirmed","ADVANCE BC1F5 IN PV2627","ADVANCE BC1F5 IN PV2627","BC1F5","111900","sgh1LNWFGNlXS"
"25ALM_BC1F3s1_1224","(IRAT204*2/SC673)-B-14","FZWB","25ALM_BC1F3s1_0215","GMS_PV2324_MIN_15001_14","(IRAT204*2/SC673)-B-14",42847,"sgh1Lr6x04iwh","GMS_PGF2025_MIN_0215","(IRAT204*2/SC673)-B-14-1","54316","sgh1Lu1uTRxQ1","GMS_PV2526_3716","(IRAT204*2/SC673)-B-14-1-1","112046","sgh1L4bKjH2m7","NO_ISSUES_IDENTIFIED","Introgression_confirmed","ADVANCE BC1F5 IN PV2627","ADVANCE BC1F5 IN PV2627","BC1F5","112046","sgh1L4bKjH2m7"
"25ALM_BC1F3s1_0575","(IRAT204*2/SC598)-B-8","FTXK","25ALM_BC1F3s1_0343","GMS_PV2324_MIN_14011_08","(IRAT204*2/SC598)-B-8",43042,"sgh1L1ZrSPJKY","GMS_PGF2025_MIN_0343","(IRAT204*2/SC598)-B-8-1","54408","sgh1LpV2NQXMV","GMS_PV2526_3677","(IRAT204*2/SC598)-B-8-1-1","111886","sgh1LfEfGevSK","NO_ISSUES_IDENTIFIED","Introgression_confirmed","ADVANCE BC1F5 IN PV2627","ADVANCE BC1F5 IN PV2627","BC1F5","111886","sgh1LfEfGevSK"
"25ALM_BC1F3s1_2820","(IRAT204*2/SC659)-B-15","FIFA","25ALM_BC1F3s1_0053","GMS_PV2324_MIN_14026_15","(IRAT204*2/SC659)-B-15",42683,"sgh1LdnzhbGD8","GMS_PGF2025_MIN_0053","(IRAT204*2/SC659)-B-15-1","54172","sgh1LOYkZs2pb","GMS_PV2526_3706","(IRAT204*2/SC659)-B-15-1-1","112038","sgh1LtOUPwnRV","NO_ISSUES_IDENTIFIED","Introgression_confirmed","ADVANCE BC1F5 IN PV2627","ADVANCE BC1F5 IN PV2627","BC1F5","112038","sgh1LtOUPwnRV"
"25ALM_BC1F3s1_0358","(IRAT204*2/SC659)-B-14","FBCA","25ALM_BC1F3s1_0052","GMS_PV2324_MIN_14026_14","(IRAT204*2/SC659)-B-14",42682,"sgh1LY7OGmooV","GMS_PGF2025_MIN_0052","(IRAT204*2/SC659)-B-14-1","54171","sgh1LYXB1jW38","GMS_PV2526_3705","(IRAT204*2/SC659)-B-14-1-1","112037","sgh1LinZp8Ag2","NO_ISSUES_IDENTIFIED","Introgression_confirmed","ADVANCE BC1F5 IN PV2627","ADVANCE BC1F5 IN PV2627","BC1F5","112037","sgh1LinZp8Ag2"
"25ALM_BC1F3s1_0851","(IRAT204*2/SC659)-B-13","FWFD","25ALM_BC1F3s1_0051","GMS_PV2324_MIN_14026_13","(IRAT204*2/SC659)-B-13",42681,"sgh1LPNbkemwx","GMS_PGF2025_MIN_0051","(IRAT204*2/SC659)-B-13-1","54170","sgh1L02fVvUVK","GMS_PV2526_3704","(IRAT204*2/SC659)-B-13-1-1","112036","sgh1LNEvyz8Re","NO_ISSUES_IDENTIFIED","Introgression_confirmed","ADVANCE BC1F5 IN PV2627","ADVANCE BC1F5 IN PV2627","BC1F5","112036","sgh1LNEvyz8Re"
"25ALM_BC1F3s1_0288","(IRAT204*2/SC659)-B-11","FUNJ","25ALM_BC1F3s1_0049","GMS_PV2324_MIN_14026_11","(IRAT204*2/SC659)-B-11",42679,"sgh1LGQwpVEoS","GMS_PGF2025_MIN_0049","(IRAT204*2/SC659)-B-11-1","54168","sgh1LIXmlIxry","GMS_PV2526_3703","(IRAT204*2/SC659)-B-11-1-1","112035","sgh1LnbTpC5Aj","NO_ISSUES_IDENTIFIED","Introgression_confirmed","ADVANCE BC1F5 IN PV2627","ADVANCE BC1F5 IN PV2627","BC1F5","112035","sgh1LnbTpC5Aj"
"25ALM_BC1F3s1_2338","(IRAT204*2/SC609)-B-2","FGCU","25ALM_BC1F3s1_0292","GMS_PV2324_MIN_14009_02","(IRAT204*2/SC609)-B-2",42991,"sgh1LtRZFbsBT","GMS_PGF2025_MIN_0292","(IRAT204*2/SC609)-B-2-1","54380","sgh1L0BnfGYCO","GMS_PV2526_3678","(IRAT204*2/SC609)-B-2-1-1","112021","sgh1LEaTp1lnv","NO_ISSUES_IDENTIFIED","Introgression_confirmed","ADVANCE BC1F5 IN PV2627","ADVANCE BC1F5 IN PV2627","BC1F5","112021","sgh1LEaTp1lnv"
"25ALM_BC1F3s1_2064","(IRAT204*2/SC305)-B-9","FWFQ","25ALM_BC1F3s1_0709","GMS_PV2324_MIN_14017_09","(IRAT204*2/SC305)-B-9",43718,"sgh1L7gxczE4M","GMS_PGF2025_MIN_0709","(IRAT204*2/SC305)-B-9-1","54746","sgh1LOLYssfRH","GMS_PV2526_3652","(IRAT204*2/SC305)-B-9-1-1","111877","sgh1L7VkUE9vv","NO_ISSUES_IDENTIFIED","Introgression_confirmed","ADVANCE BC1F5 IN PV2627","ADVANCE BC1F5 IN PV2627","BC1F5","111877","sgh1L7VkUE9vv"
"25ALM_BC1F3s1_0764","(IRAT204*2/SC305)-B-8","FWTC","25ALM_BC1F3s1_0708","GMS_PV2324_MIN_14017_08","(IRAT204*2/SC305)-B-8",43717,"sgh1LwjRSmYGO","GMS_PGF2025_MIN_0708","(IRAT204*2/SC305)-B-8-1","54745","sgh1Ljk6pGYRe","GMS_PV2526_3651","(IRAT204*2/SC305)-B-8-1-1","112009","sgh1LCafuhFXb","NO_ISSUES_IDENTIFIED","Introgression_confirmed","ADVANCE BC1F5 IN PV2627","ADVANCE BC1F5 IN PV2627","BC1F5","112009","sgh1LCafuhFXb"
"25ALM_BC1F3s1_1595","(IRAT204*2/SC305)-B-7","FNGY","25ALM_BC1F3s1_0707","GMS_PV2324_MIN_14017_07","(IRAT204*2/SC305)-B-7",43716,"sgh1L2EVVK3kR","GMS_PGF2025_MIN_0707","(IRAT204*2/SC305)-B-7-1","54744","sgh1LwB6kVQAH","GMS_PV2526_3650","(IRAT204*2/SC305)-B-7-1-1","111876","sgh1LQdcAI1Bv","NO_ISSUES_IDENTIFIED","Introgression_confirmed","ADVANCE BC1F5 IN PV2627","ADVANCE BC1F5 IN PV2627","BC1F5","111876","sgh1LQdcAI1Bv"
"25ALM_BC1F3s1_2727","(IRAT204*2/SC305)-B-5","FJDO","25ALM_BC1F3s1_0705","GMS_PV2324_MIN_14017_05","(IRAT204*2/SC305)-B-5",43714,"sgh1LwXRhpJY1","GMS_PGF2025_MIN_0705","(IRAT204*2/SC305)-B-5-1","54742","sgh1LajCL1pfM","GMS_PV2526_3649","(IRAT204*2/SC305)-B-5-1-1","111874","sgh1LIzqbrfzc","NO_ISSUES_IDENTIFIED","Introgression_confirmed","ADVANCE BC1F5 IN PV2627","ADVANCE BC1F5 IN PV2627","BC1F5","111874","sgh1LIzqbrfzc"
"25ALM_BC1F3s1_1501","(IRAT204*2/SC305)-B-2","FHHF","25ALM_BC1F3s1_0702","GMS_PV2324_MIN_14017_02","(IRAT204*2/SC305)-B-2",43711,"sgh1Lm3i2jrK5","GMS_PGF2025_MIN_0702","(IRAT204*2/SC305)-B-2-1","54739","sgh1LwY3rr2KB","GMS_PV2526_3648","(IRAT204*2/SC305)-B-2-1-1","112008","sgh1LD5BpvHnH","NO_ISSUES_IDENTIFIED","Introgression_confirmed","ADVANCE BC1F5 IN PV2627","ADVANCE BC1F5 IN PV2627","BC1F5","112008","sgh1LD5BpvHnH"
"25ALM_BC1F3s1_0109","(IRAT204*2/SC305)-B-15","FTAI","25ALM_BC1F3s1_0715","GMS_PV2324_MIN_14017_15","(IRAT204*2/SC305)-B-15",43724,"sgh1LDFNBIGBn","GMS_PGF2025_MIN_0715","(IRAT204*2/SC305)-B-15-1","54752","sgh1LdHSGijZB","GMS_PV2526_3647","(IRAT204*2/SC305)-B-15-1-1","112007","sgh1LCKXlqUZ4","NO_ISSUES_IDENTIFIED","Introgression_confirmed","ADVANCE BC1F5 IN PV2627","ADVANCE BC1F5 IN PV2627","BC1F5","112007","sgh1LCKXlqUZ4"
"25ALM_BC1F3s1_0476","(IRAT204*2/SC305)-B-1","FWUA","25ALM_BC1F3s1_0701","GMS_PV2324_MIN_14017_01","(IRAT204*2/SC305)-B-1",43710,"sgh1LkcPdDm8v","GMS_PGF2025_MIN_0701","(IRAT204*2/SC305)-B-1-1","54738","sgh1LRldTDDxh","GMS_PV2526_3646","(IRAT204*2/SC305)-B-1-1-1","112006","sgh1LOI2O36du","NO_ISSUES_IDENTIFIED","Introgression_confirmed","ADVANCE BC1F5 IN PV2627","ADVANCE BC1F5 IN PV2627","BC1F5","112006","sgh1LOI2O36du"
"25ALM_BC1F3s1_0637","(IRAT204*2/SC502)-B-8","FFLD","25ALM_BC1F3s1_1649","GMS_MN2024_MIN_13070_08","(IRAT204*2/SC502)-B-8",48284,"sgh1Ldm8NZEK5","GMS_PGF2025_MIN_1649","(IRAT204*2/SC502)-B-8-1","55529","sgh1LUFEksXbz","GMS_PV2526_3671","(IRAT204*2/SC502)-B-8-1-1","112020","sgh1LkWevsHVL","NO_ISSUES_IDENTIFIED","Introgression_confirmed","ADVANCE BC1F5 IN PV2627","ADVANCE BC1F5 IN PV2627","BC1F5","112020","sgh1LkWevsHVL"
"25ALM_BC1F3s1_2222","(IRAT204*2/SC502)-B-8","FCUA","25ALM_BC1F3s1_1667","GMS_MN2024_MIN_13071_08","(IRAT204*2/SC502)-B-8",48284,"sgh1LQimzzcKd","GMS_PGF2025_MIN_1667","(IRAT204*2/SC502)-B-8-1","55529","sgh1LTp2ABGLY","GMS_PV2526_3672","(IRAT204*2/SC502)-B-8-1-1","112020","sgh1L9La0RgSA","NO_ISSUES_IDENTIFIED","Introgression_confirmed","ADVANCE BC1F5 IN PV2627","ADVANCE BC1F5 IN PV2627","BC1F5","112020","sgh1L9La0RgSA"
"25ALM_BC1F3s1_2287","(IRAT204*2/SC502)-B-7","FOFT","25ALM_BC1F3s1_1648","GMS_MN2024_MIN_13070_07","(IRAT204*2/SC502)-B-7",48283,"sgh1L9gdePhNq","GMS_PGF2025_MIN_1648","(IRAT204*2/SC502)-B-7-1","55528","sgh1Lal81MYqZ","GMS_PV2526_3670","(IRAT204*2/SC502)-B-7-1-1","65526","sgh1LsypOcvlj","NO_ISSUES_IDENTIFIED","Introgression_confirmed","ADVANCE BC1F5 IN PV2627","ADVANCE BC1F5 IN PV2627","BC1F5","65526","sgh1LsypOcvlj"
"25ALM_BC1F3s1_0867","(IRAT204*2/SC502)-B-6","FMQD","25ALM_BC1F3s1_1647","GMS_MN2024_MIN_13070_06","(IRAT204*2/SC502)-B-6",48282,"sgh1Ltp55HGOi","GMS_PGF2025_MIN_1647","(IRAT204*2/SC502)-B-6-1","55527","sgh1LRjygXeQM","GMS_PV2526_3669","(IRAT204*2/SC502)-B-6-1-1","67454","sgh1LUz7usKv1","NO_ISSUES_IDENTIFIED","Introgression_confirmed","ADVANCE BC1F5 IN PV2627","ADVANCE BC1F5 IN PV2627","BC1F5","67454","sgh1LUz7usKv1"
"25ALM_BC1F3s1_2503","(IRAT204*2/SC502)-B-5","FVPB","25ALM_BC1F3s1_1664","GMS_MN2024_MIN_13071_05","(IRAT204*2/SC502)-B-5",48281,"sgh1Lwvp56mYC","GMS_PGF2025_MIN_1664","(IRAT204*2/SC502)-B-5-1","55526","sgh1LNvgJKcMb","GMS_PV2526_3668","(IRAT204*2/SC502)-B-5-1-1","67286","sgh1LbQmLQdzr","NO_ISSUES_IDENTIFIED","Introgression_confirmed","ADVANCE BC1F5 IN PV2627","ADVANCE BC1F5 IN PV2627","BC1F5","67286","sgh1LbQmLQdzr"
"25ALM_BC1F3s1_2355","(IRAT204*2/SC502)-B-3","FCFK","25ALM_BC1F3s1_1662","GMS_MN2024_MIN_13071_03","(IRAT204*2/SC502)-B-3",48279,"sgh1Li1srlZDC","GMS_PGF2025_MIN_1662","(IRAT204*2/SC502)-B-3-1","55524","sgh1L13AHMssQ","GMS_PV2526_3667","(IRAT204*2/SC502)-B-3-1-1","67419","sgh1LokQDuyil","NO_ISSUES_IDENTIFIED","Introgression_confirmed","ADVANCE BC1F5 IN PV2627","ADVANCE BC1F5 IN PV2627","BC1F5","67419","sgh1LokQDuyil"
"25ALM_BC1F3s1_0257","(IRAT204*2/SC502)-B-18","FRRL","25ALM_BC1F3s1_1659","GMS_MN2024_MIN_13070_18","(IRAT204*2/SC502)-B-18",48294,"sgh1LK9c23i3J","GMS_PGF2025_MIN_1659","(IRAT204*2/SC502)-B-18-1","55538","sgh1LfRsK7eqj","GMS_PV2526_3666","(IRAT204*2/SC502)-B-18-1-1","112019","sgh1Lgd451P5h","NO_ISSUES_IDENTIFIED","Introgression_confirmed","ADVANCE BC1F5 IN PV2627","ADVANCE BC1F5 IN PV2627","BC1F5","112019","sgh1Lgd451P5h"
"25ALM_BC1F3s1_0240","(IRAT204*2/SC502)-B-15","FWOX","25ALM_BC1F3s1_1656","GMS_MN2024_MIN_13070_15","(IRAT204*2/SC502)-B-15",48291,"sgh1LOILAv35J","GMS_PGF2025_MIN_1656","(IRAT204*2/SC502)-B-15-1","55536","sgh1LicfT89uP","GMS_PV2526_3665","(IRAT204*2/SC502)-B-15-1-1","112018","sgh1LjTfN4GTy","NO_ISSUES_IDENTIFIED","Introgression_confirmed","ADVANCE BC1F5 IN PV2627","ADVANCE BC1F5 IN PV2627","BC1F5","112018","sgh1LjTfN4GTy"
"25ALM_BC1F3s1_0398","(IRAT204*2/SC502)-B-13","FAFA","25ALM_BC1F3s1_1654","GMS_MN2024_MIN_13070_13","(IRAT204*2/SC502)-B-13",48289,"sgh1LQ1RXnjoJ","GMS_PGF2025_MIN_1654","(IRAT204*2/SC502)-B-13-1","55534","sgh1LT6zgtTVw","GMS_PV2526_3664","(IRAT204*2/SC502)-B-13-1-1","112017","sgh1LeJWRvAlH","NO_ISSUES_IDENTIFIED","Introgression_confirmed","ADVANCE BC1F5 IN PV2627","ADVANCE BC1F5 IN PV2627","BC1F5","112017","sgh1LeJWRvAlH"
"25ALM_BC1F3s1_2310","(IRAT204*2/SC502)-B-12","FJAF","25ALM_BC1F3s1_1653","GMS_MN2024_MIN_13070_12","(IRAT204*2/SC502)-B-12",48288,"sgh1LzOO4GfS4","GMS_PGF2025_MIN_1653","(IRAT204*2/SC502)-B-12-1","55533","sgh1LoUrsCica","GMS_PV2526_3663","(IRAT204*2/SC502)-B-12-1-1","67187","sgh1LYo0MtXMC","NO_ISSUES_IDENTIFIED","Introgression_confirmed","ADVANCE BC1F5 IN PV2627","ADVANCE BC1F5 IN PV2627","BC1F5","67187","sgh1LYo0MtXMC"
"25ALM_BC1F3s1_0491","(IRAT204*2/SC502)-B-11","FRMJ","25ALM_BC1F3s1_1670","GMS_MN2024_MIN_13071_11","(IRAT204*2/SC502)-B-11",48287,"sgh1LZoxNzwmn","GMS_PGF2025_MIN_1670","(IRAT204*2/SC502)-B-11-1","55532","sgh1LF7ZrJJDv","GMS_PV2526_3662","(IRAT204*2/SC502)-B-11-1-1","112016","sgh1LVmNNPYmt","NO_ISSUES_IDENTIFIED","Introgression_confirmed","ADVANCE BC1F5 IN PV2627","ADVANCE BC1F5 IN PV2627","BC1F5","112016","sgh1LVmNNPYmt"
"25ALM_BC1F3s1_0864","(IRAT204*2/SC502)-B-11","FMHL","25ALM_BC1F3s1_1652","GMS_MN2024_MIN_13070_11","(IRAT204*2/SC502)-B-11",48287,"sgh1LLJ2BjTlG","GMS_PGF2025_MIN_1652","(IRAT204*2/SC502)-B-11-1","55532","sgh1L6gpk97Hk","GMS_PV2526_3661","(IRAT204*2/SC502)-B-11-1-1","112016","sgh1LfdFy9XOy","NO_ISSUES_IDENTIFIED","Introgression_confirmed","ADVANCE BC1F5 IN PV2627","ADVANCE BC1F5 IN PV2627","BC1F5","112016","sgh1LfdFy9XOy"
"25ALM_BC1F3s1_1655","(IRAT204*2/SC502)-B-10","FWSG","25ALM_BC1F3s1_1651","GMS_MN2024_MIN_13070_10","(IRAT204*2/SC502)-B-10",48286,"sgh1L9ZLGtgwh","GMS_PGF2025_MIN_1651","(IRAT204*2/SC502)-B-10-1","55531","sgh1LwNHzYzFR","GMS_PV2526_3659","(IRAT204*2/SC502)-B-10-1-1","112015","sgh1LaKfhX2Cd","NO_ISSUES_IDENTIFIED","Introgression_confirmed","ADVANCE BC1F5 IN PV2627","ADVANCE BC1F5 IN PV2627","BC1F5","112015","sgh1LaKfhX2Cd"
"25ALM_BC1F3s1_2615","(IRAT204*2/SC502)-B-10","FZKF","25ALM_BC1F3s1_1669","GMS_MN2024_MIN_13071_10","(IRAT204*2/SC502)-B-10",48286,"sgh1L7dqJOmui","GMS_PGF2025_MIN_1669","(IRAT204*2/SC502)-B-10-1","55531","sgh1LVk2zm5mU","GMS_PV2526_3660","(IRAT204*2/SC502)-B-10-1-1","112015","sgh1LAXd6SRc6","NO_ISSUES_IDENTIFIED","Introgression_confirmed","ADVANCE BC1F5 IN PV2627","ADVANCE BC1F5 IN PV2627","BC1F5","112015","sgh1LAXd6SRc6"
"25ALM_BC1F3s1_0841","(IRAT204*2/SC748)-B-7","FREO","25ALM_BC1F3s1_1322","GMS_PV2324_MIN_15024_07","(IRAT204*2/SC748)-B-7",44466,"sgh1LyG2cetHM","GMS_PGF2025_MIN_1322","(IRAT204*2/SC748)-B-7-1","55320","sgh1LVvIo7MZG","GMS_PV2526_3734","(IRAT204*2/SC748)-B-7-1-1","111906","sgh1LUeRKD3k8","NO_ISSUES_IDENTIFIED","Introgression_confirmed","ADVANCE BC1F5 IN PV2627","ADVANCE BC1F5 IN PV2627","BC1F5","111906","sgh1LUeRKD3k8"
"25ALM_BC1F3s1_2389","(IRAT204*2/SC748)-B-6","FRQY","25ALM_BC1F3s1_1321","GMS_PV2324_MIN_15024_06","(IRAT204*2/SC748)-B-6",44465,"sgh1LyEP6hwX2","GMS_PGF2025_MIN_1321","(IRAT204*2/SC748)-B-6-1","55319","sgh1LKkT3YyQL","GMS_PV2526_3733","(IRAT204*2/SC748)-B-6-1-1","111905","sgh1LeKXXKOG0","NO_ISSUES_IDENTIFIED","Introgression_confirmed","ADVANCE BC1F5 IN PV2627","ADVANCE BC1F5 IN PV2627","BC1F5","111905","sgh1LeKXXKOG0"
"25ALM_BC1F3s1_1465","(IRAT204*2/SC748)-B-4","FSHN","25ALM_BC1F3s1_1319","GMS_PV2324_MIN_15024_04","(IRAT204*2/SC748)-B-4",44463,"sgh1LZaZYDD2b","GMS_PGF2025_MIN_1319","(IRAT204*2/SC748)-B-4-1","55317","sgh1L6V1iKE03","GMS_PV2526_3732","(IRAT204*2/SC748)-B-4-1-1","112058","sgh1LHTlGnpU4","NO_ISSUES_IDENTIFIED","Introgression_confirmed","ADVANCE BC1F5 IN PV2627","ADVANCE BC1F5 IN PV2627","BC1F5","112058","sgh1LHTlGnpU4"
"25ALM_BC1F3s1_0674","(IRAT204*2/SC748)-B-3","FEPT","25ALM_BC1F3s1_1318","GMS_PV2324_MIN_15024_03","(IRAT204*2/SC748)-B-3",44462,"sgh1LHzNpZh2H","GMS_PGF2025_MIN_1318","(IRAT204*2/SC748)-B-3-1","55316","sgh1LXSaUfBM9","GMS_PV2526_3731","(IRAT204*2/SC748)-B-3-1-1","112057","sgh1LDuBMG9Jf","NO_ISSUES_IDENTIFIED","Introgression_confirmed","ADVANCE BC1F5 IN PV2627","ADVANCE BC1F5 IN PV2627","BC1F5","112057","sgh1LDuBMG9Jf"
"25ALM_BC1F3s1_1184","(IRAT204*2/SC748)-B-2","FKPZ","25ALM_BC1F3s1_1317","GMS_PV2324_MIN_15024_02","(IRAT204*2/SC748)-B-2",44461,"sgh1LXTwYlT26","GMS_PGF2025_MIN_1317","(IRAT204*2/SC748)-B-2-1","55315","sgh1LWyzRKYhb","GMS_PV2526_3730","(IRAT204*2/SC748)-B-2-1-1","111904","sgh1Ls5sCh2E0","NO_ISSUES_IDENTIFIED","Introgression_confirmed","ADVANCE BC1F5 IN PV2627","ADVANCE BC1F5 IN PV2627","BC1F5","111904","sgh1Ls5sCh2E0"
"25ALM_BC1F3s1_0038","(IRAT204*2/SC748)-B-14","FNMV","25ALM_BC1F3s1_1329","GMS_PV2324_MIN_15024_14","(IRAT204*2/SC748)-B-14",44473,"sgh1L2AiuR7Pe","GMS_PGF2025_MIN_1329","(IRAT204*2/SC748)-B-14-1","55327","sgh1Lq5Nn2XLV","GMS_PV2526_3729","(IRAT204*2/SC748)-B-14-1-1","112056","sgh1LjcF0yfcG","NO_ISSUES_IDENTIFIED","Introgression_confirmed","ADVANCE BC1F5 IN PV2627","ADVANCE BC1F5 IN PV2627","BC1F5","112056","sgh1LjcF0yfcG"
"25ALM_BC1F3s1_2147","(IRAT204*2/SC748)-B-13","FMVY","25ALM_BC1F3s1_1328","GMS_PV2324_MIN_15024_13","(IRAT204*2/SC748)-B-13",44472,"sgh1LUQBWLjc7","GMS_PGF2025_MIN_1328","(IRAT204*2/SC748)-B-13-1","55326","sgh1LMnKAFkj4","GMS_PV2526_3728","(IRAT204*2/SC748)-B-13-1-1","112055","sgh1Lpm9w0LtM","NO_ISSUES_IDENTIFIED","Introgression_confirmed","ADVANCE BC1F5 IN PV2627","ADVANCE BC1F5 IN PV2627","BC1F5","112055","sgh1Lpm9w0LtM"
"25ALM_BC1F3s1_2643","(IRAT204*2/SC748)-B-1","FXPU","25ALM_BC1F3s1_1316","GMS_PV2324_MIN_15024_01","(IRAT204*2/SC748)-B-1",44460,"sgh1LNrX9dQZa","GMS_PGF2025_MIN_1316","(IRAT204*2/SC748)-B-1-1","55314","sgh1LetIWHGmo","GMS_PV2526_3727","(IRAT204*2/SC748)-B-1-1-1","112054","sgh1LiLkoY5od","NO_ISSUES_IDENTIFIED","Introgression_confirmed","ADVANCE BC1F5 IN PV2627","ADVANCE BC1F5 IN PV2627","BC1F5","112054","sgh1LiLkoY5od"
"25ALM_BC1F3s1_2685","(IRAT204*2/SC701)-B-8","FHNP","25ALM_BC1F3s1_0022","GMS_PV2324_MIN_15008_08","(IRAT204*2/SC701)-B-8",42646,"sgh1LMQXsrTPa","GMS_PGF2025_MIN_0022","(IRAT204*2/SC701)-B-8-1","54144","sgh1LDTKU3Aco","GMS_PV2526_3722","(IRAT204*2/SC701)-B-8-1-1","112051","sgh1LYRx6mWlm","NO_ISSUES_IDENTIFIED","Introgression_confirmed","ADVANCE BC1F5 IN PV2627","ADVANCE BC1F5 IN PV2627","BC1F5","112051","sgh1LYRx6mWlm"
"25ALM_BC1F3s1_0628","(IRAT204*2/SC701)-B-4","FBCL","25ALM_BC1F3s1_0018","GMS_PV2324_MIN_15008_04","(IRAT204*2/SC701)-B-4",42642,"sgh1LzNCHfSxc","GMS_PGF2025_MIN_0018","(IRAT204*2/SC701)-B-4-1","54140","sgh1L831cEZPH","GMS_PV2526_3720","(IRAT204*2/SC701)-B-4-1-1","112049","sgh1LUcpcVGg9","NO_ISSUES_IDENTIFIED","Introgression_confirmed","ADVANCE BC1F5 IN PV2627","ADVANCE BC1F5 IN PV2627","BC1F5","112049","sgh1LUcpcVGg9"
"25ALM_BC1F3s1_2449","(IRAT204*2/SC701)-B-14","FXAG","25ALM_BC1F3s1_0028","GMS_PV2324_MIN_15008_14","(IRAT204*2/SC701)-B-14",42652,"sgh1LzrfcoDeF","GMS_PGF2025_MIN_0028","(IRAT204*2/SC701)-B-14-1","54149","sgh1L8GDQniv5","GMS_PV2526_3719","(IRAT204*2/SC701)-B-14-1-1","112048","sgh1LfISWUZaq","NO_ISSUES_IDENTIFIED","Introgression_confirmed","ADVANCE BC1F5 IN PV2627","ADVANCE BC1F5 IN PV2627","BC1F5","112048","sgh1LfISWUZaq"
"25ALM_BC1F3s1_1654","(IRAT204*2/SC701)-B-11","FKNV","25ALM_BC1F3s1_0025","GMS_PV2324_MIN_15008_11","(IRAT204*2/SC701)-B-11",42649,"sgh1LrqDEpB3b","GMS_PGF2025_MIN_0025","(IRAT204*2/SC701)-B-11-1","54147","sgh1LlYklk6ic","GMS_PV2526_3718","(IRAT204*2/SC701)-B-11-1-1","112047","sgh1LL3ZGBQIc","NO_ISSUES_IDENTIFIED","Introgression_confirmed","ADVANCE BC1F5 IN PV2627","ADVANCE BC1F5 IN PV2627","BC1F5","112047","sgh1LL3ZGBQIc"
"25ALM_BC1F3s1_1097","(IRAT204*2/SC628)-B-6","FRWH","25ALM_BC1F3s1_0074","GMS_PV2324_MIN_14028_06","(IRAT204*2/SC628)-B-6",42704,"sgh1Lgv5yx7Ki","GMS_PGF2025_MIN_0074","(IRAT204*2/SC628)-B-6-1","54190","sgh1LYdf09vuI","GMS_PV2526_3690","(IRAT204*2/SC628)-B-6-1-1","67872","sgh1LC3fNj3QY","NO_ISSUES_IDENTIFIED","Introgression_confirmed","ADVANCE BC1F5 IN PV2627","ADVANCE BC1F5 IN PV2627","BC1F5","67872","sgh1LC3fNj3QY"
"25ALM_BC1F3s1_0383","(IRAT204*2/SC628)-B-4","FEXH","25ALM_BC1F3s1_0072","GMS_PV2324_MIN_14028_04","(IRAT204*2/SC628)-B-4",42702,"sgh1L9pIj7ljN","GMS_PGF2025_MIN_0072","(IRAT204*2/SC628)-B-4-1","54189","sgh1LFtKHMCZu","GMS_PV2526_3689","(IRAT204*2/SC628)-B-4-1-1","65429","sgh1LhGa8nTgh","NO_ISSUES_IDENTIFIED","Introgression_confirmed","ADVANCE BC1F5 IN PV2627","ADVANCE BC1F5 IN PV2627","BC1F5","65429","sgh1LhGa8nTgh"
"25ALM_BC1F3s1_0385","(IRAT204*2/SC628)-B-14","FGVD","25ALM_BC1F3s1_0082","GMS_PV2324_MIN_14028_14","(IRAT204*2/SC628)-B-14",42712,"sgh1LuaC3ujzZ","GMS_PGF2025_MIN_0082","(IRAT204*2/SC628)-B-14-1","54196","sgh1LlEdNImVN","GMS_PV2526_3688","(IRAT204*2/SC628)-B-14-1-1","67629","sgh1LqMatx80i","NO_ISSUES_IDENTIFIED","Introgression_confirmed","ADVANCE BC1F5 IN PV2627","ADVANCE BC1F5 IN PV2627","BC1F5","67629","sgh1LqMatx80i"
"25ALM_BC1F3s1_1172","(IRAT204*2/SC628)-B-13","FQDY","25ALM_BC1F3s1_0081","GMS_PV2324_MIN_14028_13","(IRAT204*2/SC628)-B-13",42711,"sgh1LskBc5Ag8","GMS_PGF2025_MIN_0081","(IRAT204*2/SC628)-B-13-1","54195","sgh1LYZABilTT","GMS_PV2526_3687","(IRAT204*2/SC628)-B-13-1-1","112025","sgh1Lz4VAEVdz","NO_ISSUES_IDENTIFIED","Introgression_confirmed","ADVANCE BC1F5 IN PV2627","ADVANCE BC1F5 IN PV2627","BC1F5","112025","sgh1Lz4VAEVdz"
"25ALM_BC1F3s1_2527","(IRAT204*2/SC628)-B-11","FYRR","25ALM_BC1F3s1_0079","GMS_PV2324_MIN_14028_11","(IRAT204*2/SC628)-B-11",42709,"sgh1L9bDYKmnp","GMS_PGF2025_MIN_0079","(IRAT204*2/SC628)-B-11-1","54193","sgh1LzTHZaVBO","GMS_PV2526_3686","(IRAT204*2/SC628)-B-11-1-1","65480","sgh1LwEe6CKGg","NO_ISSUES_IDENTIFIED","Introgression_confirmed","ADVANCE BC1F5 IN PV2627","ADVANCE BC1F5 IN PV2627","BC1F5","65480","sgh1LwEe6CKGg"
"25ALM_BC1F3s1_0663","(IRAT204*2/SC115)-B-5","FAZR","25ALM_BC1F3s1_0556","GMS_PV2324_MIN_15011_05","(IRAT204*2/SC115)-B-5",43279,"sgh1L92LBZm1I","GMS_PGF2025_MIN_0556","(IRAT204*2/SC115)-B-5-1","54604","sgh1LLKHIpAWz","GMS_PV2526_3609","(IRAT204*2/SC115)-B-5-1-1","111982","sgh1LHxgWQCQn","NO_ISSUES_IDENTIFIED","Introgression_confirmed","ADVANCE BC1F5 IN PV2627","ADVANCE BC1F5 IN PV2627","BC1F5","111982","sgh1LHxgWQCQn"
"25ALM_BC1F3s1_0256","(IRAT204*2/SC115)-B-3","FMFB","25ALM_BC1F3s1_0554","GMS_PV2324_MIN_15011_03","(IRAT204*2/SC115)-B-3",43277,"sgh1LewM4yx2N","GMS_PGF2025_MIN_0554","(IRAT204*2/SC115)-B-3-1","54602","sgh1LlAu2KRC0","GMS_PV2526_3608","(IRAT204*2/SC115)-B-3-1-1","111981","sgh1LcvO7O11p","NO_ISSUES_IDENTIFIED","Introgression_confirmed","ADVANCE BC1F5 IN PV2627","ADVANCE BC1F5 IN PV2627","BC1F5","111981","sgh1LcvO7O11p"
"25ALM_BC1F3s1_2864","(IRAT204*2/SC121)-B-6","FEPL","25ALM_BC1F3s1_1606","GMS_MN2024_MIN_13068_06","(IRAT204*2/SC121)-B-6",48259,"sgh1LYmfO7Cl0","GMS_PGF2025_MIN_1606","(IRAT204*2/SC121)-B-6-1","55504","sgh1LwTrmx0Lg","GMS_PV2526_3627","(IRAT204*2/SC121)-B-6-1-1","65799","sgh1LSlBluP3I","NO_ISSUES_IDENTIFIED","Introgression_confirmed","ADVANCE BC1F5 IN PV2627","ADVANCE BC1F5 IN PV2627","BC1F5","65799","sgh1LSlBluP3I"
"25ALM_BC1F3s1_1386","(IRAT204*2/SC121)-B-4","FUBW","25ALM_BC1F3s1_1604","GMS_MN2024_MIN_13068_04","(IRAT204*2/SC121)-B-4",48257,"sgh1LWzUf56Ex","GMS_PGF2025_MIN_1604","(IRAT204*2/SC121)-B-4-1","55502","sgh1LGTViqfuS","GMS_PV2526_3625","(IRAT204*2/SC121)-B-4-1-1","111994","sgh1LNa0mV4Pa","NO_ISSUES_IDENTIFIED","Introgression_confirmed","ADVANCE BC1F5 IN PV2627","ADVANCE BC1F5 IN PV2627","BC1F5","111994","sgh1LNa0mV4Pa"
"25ALM_BC1F3s1_2242","(IRAT204*2/SC121)-B-4","FSOZ","25ALM_BC1F3s1_1627","GMS_MN2024_MIN_13069_04","(IRAT204*2/SC121)-B-4",48257,"sgh1LDe3MFBMo","GMS_PGF2025_MIN_1627","(IRAT204*2/SC121)-B-4-1","55502","sgh1LkkJaIeYK","GMS_PV2526_3626","(IRAT204*2/SC121)-B-4-1-1","111994","sgh1LZEEXX86m","NO_ISSUES_IDENTIFIED","Introgression_confirmed","ADVANCE BC1F5 IN PV2627","ADVANCE BC1F5 IN PV2627","BC1F5","111994","sgh1LZEEXX86m"
"25ALM_BC1F3s1_0682","(IRAT204*2/SC121)-B-20","FZQR","25ALM_BC1F3s1_1620","GMS_MN2024_MIN_13068_20","(IRAT204*2/SC121)-B-20",48273,"sgh1LQbNnDzt0","GMS_PGF2025_MIN_1620","(IRAT204*2/SC121)-B-20-1","55517","sgh1LC1PIvIix","GMS_PV2526_3624","(IRAT204*2/SC121)-B-20-1-1","111993","sgh1LyTma8LQM","NO_ISSUES_IDENTIFIED","Introgression_confirmed","ADVANCE BC1F5 IN PV2627","ADVANCE BC1F5 IN PV2627","BC1F5","111993","sgh1LyTma8LQM"
"25ALM_BC1F3s1_0876","(IRAT204*2/SC121)-B-2","FMET","25ALM_BC1F3s1_1625","GMS_MN2024_MIN_13069_02","(IRAT204*2/SC121)-B-2",48255,"sgh1L3VULiC2T","GMS_PGF2025_MIN_1625","(IRAT204*2/SC121)-B-2-1","55500","sgh1LkuqD0VfR","GMS_PV2526_3623","(IRAT204*2/SC121)-B-2-1-1","67273","sgh1LYISvmTGz","NO_ISSUES_IDENTIFIED","Introgression_confirmed","ADVANCE BC1F5 IN PV2627","ADVANCE BC1F5 IN PV2627","BC1F5","67273","sgh1LYISvmTGz"
"25ALM_BC1F3s1_2794","(IRAT204*2/SC121)-B-19","FDNN","25ALM_BC1F3s1_1619","GMS_MN2024_MIN_13068_19","(IRAT204*2/SC121)-B-19",48272,"sgh1LhiYh1LIB","GMS_PGF2025_MIN_1619","(IRAT204*2/SC121)-B-19-1","55516","sgh1L6WG8tHet","GMS_PV2526_3622","(IRAT204*2/SC121)-B-19-1-1","111992","sgh1LNHgdq87c","NO_ISSUES_IDENTIFIED","Introgression_confirmed","ADVANCE BC1F5 IN PV2627","ADVANCE BC1F5 IN PV2627","BC1F5","111992","sgh1LNHgdq87c"
"25ALM_BC1F3s1_1680","(IRAT204*2/SC121)-B-17","FSZJ","25ALM_BC1F3s1_1617","GMS_MN2024_MIN_13068_17","(IRAT204*2/SC121)-B-17",48270,"sgh1LA06b8u7N","GMS_PGF2025_MIN_1617","(IRAT204*2/SC121)-B-17-1","55515","sgh1LkeYWDYfg","GMS_PV2526_3621","(IRAT204*2/SC121)-B-17-1-1","111991","sgh1LTlK9MC5m","NO_ISSUES_IDENTIFIED","Introgression_confirmed","ADVANCE BC1F5 IN PV2627","ADVANCE BC1F5 IN PV2627","BC1F5","111991","sgh1LTlK9MC5m"
"25ALM_BC1F3s1_0562","(IRAT204*2/SC121)-B-15","FTJO","25ALM_BC1F3s1_1638","GMS_MN2024_MIN_13069_15","(IRAT204*2/SC121)-B-15",48268,"sgh1LCuxsNjbQ","GMS_PGF2025_MIN_1638","(IRAT204*2/SC121)-B-15-1","55513","sgh1LTkTXoG0j","GMS_PV2526_3620","(IRAT204*2/SC121)-B-15-1-1","111990","sgh1LItk5QYtb","NO_ISSUES_IDENTIFIED","Introgression_confirmed","ADVANCE BC1F5 IN PV2627","ADVANCE BC1F5 IN PV2627","BC1F5","111990","sgh1LItk5QYtb"
"25ALM_BC1F3s1_1383","(IRAT204*2/SC121)-B-15","FHJM","25ALM_BC1F3s1_1615","GMS_MN2024_MIN_13068_15","(IRAT204*2/SC121)-B-15",48268,"sgh1LjUStUTjE","GMS_PGF2025_MIN_1615","(IRAT204*2/SC121)-B-15-1","55513","sgh1LR5uuoLjT","GMS_PV2526_3619","(IRAT204*2/SC121)-B-15-1-1","111990","sgh1LoQnrNxIe","NO_ISSUES_IDENTIFIED","Introgression_confirmed","ADVANCE BC1F5 IN PV2627","ADVANCE BC1F5 IN PV2627","BC1F5","111990","sgh1LoQnrNxIe"
"25ALM_BC1F3s1_1691","(IRAT204*2/SC121)-B-13","FEOY","25ALM_BC1F3s1_1613","GMS_MN2024_MIN_13068_13","(IRAT204*2/SC121)-B-13",48266,"sgh1LmLu7k2nh","GMS_PGF2025_MIN_1613","(IRAT204*2/SC121)-B-13-1","55511","sgh1LlRdTDdpU","GMS_PV2526_3617","(IRAT204*2/SC121)-B-13-1-1","65800","sgh1LpLU9csl2","NO_ISSUES_IDENTIFIED","Introgression_confirmed","ADVANCE BC1F5 IN PV2627","ADVANCE BC1F5 IN PV2627","BC1F5","65800","sgh1LpLU9csl2"
"25ALM_BC1F3s1_0843","(IRAT204*2/SC325)-B-6","FVOZ","25ALM_BC1F3s1_0811","GMS_PV2324_MIN_14024_06","(IRAT204*2/SC325)-B-6",43820,"sgh1LRnQQI3gw","GMS_PGF2025_MIN_0811","(IRAT204*2/SC325)-B-6-1","54845","sgh1LhTLaXjuD","GMS_PV2526_3657","(IRAT204*2/SC325)-B-6-1-1","112014","sgh1LQhAqGEr4","NO_ISSUES_IDENTIFIED","Introgression_confirmed","ADVANCE BC1F5 IN PV2627","ADVANCE BC1F5 IN PV2627","BC1F5","112014","sgh1LQhAqGEr4"
"25ALM_BC1F3s1_2528","(IRAT204*2/SC325)-B-3","FOFM","25ALM_BC1F3s1_0808","GMS_PV2324_MIN_14024_03","(IRAT204*2/SC325)-B-3",43817,"sgh1L0GzuRXec","GMS_PGF2025_MIN_0808","(IRAT204*2/SC325)-B-3-1","54842","sgh1L3rc955b6","GMS_PV2526_3656","(IRAT204*2/SC325)-B-3-1-1","112013","sgh1LvGjUil7n","NO_ISSUES_IDENTIFIED","Introgression_confirmed","ADVANCE BC1F5 IN PV2627","ADVANCE BC1F5 IN PV2627","BC1F5","112013","sgh1LvGjUil7n"
"25ALM_BC1F3s1_1757","(IRAT204*2/SC325)-B-13","FSRO","25ALM_BC1F3s1_0818","GMS_PV2324_MIN_14024_13","(IRAT204*2/SC325)-B-13",43827,"sgh1LIQQ6AJd8","GMS_PGF2025_MIN_0818","(IRAT204*2/SC325)-B-13-1","54852","sgh1Lfdv8VOU7","GMS_PV2526_3655","(IRAT204*2/SC325)-B-13-1-1","112012","sgh1LLIjNEvEj","NO_ISSUES_IDENTIFIED","Introgression_confirmed","ADVANCE BC1F5 IN PV2627","ADVANCE BC1F5 IN PV2627","BC1F5","112012","sgh1LLIjNEvEj"
"25ALM_BC1F3s1_1289","(IRAT204*2/SC325)-B-12","FUMA","25ALM_BC1F3s1_0817","GMS_PV2324_MIN_14024_12","(IRAT204*2/SC325)-B-12",43826,"sgh1LTh40M6ev","GMS_PGF2025_MIN_0817","(IRAT204*2/SC325)-B-12-1","54851","sgh1L0r29RBXm","GMS_PV2526_3654","(IRAT204*2/SC325)-B-12-1-1","112011","sgh1LcPKqajVH","NO_ISSUES_IDENTIFIED","Introgression_confirmed","ADVANCE BC1F5 IN PV2627","ADVANCE BC1F5 IN PV2627","BC1F5","112011","sgh1LcPKqajVH"
"25ALM_BC1F3s1_1915","(IRAT204*2/SC325)-B-11","FQLI","25ALM_BC1F3s1_0816","GMS_PV2324_MIN_14024_11","(IRAT204*2/SC325)-B-11",43825,"sgh1L4i8Fq19F","GMS_PGF2025_MIN_0816","(IRAT204*2/SC325)-B-11-1","54850","sgh1LCwcj66Ik","GMS_PV2526_3653","(IRAT204*2/SC325)-B-11-1-1","112010","sgh1L6ogY9fFD","NO_ISSUES_IDENTIFIED","Introgression_confirmed","ADVANCE BC1F5 IN PV2627","ADVANCE BC1F5 IN PV2627","BC1F5","112010","sgh1L6ogY9fFD"
"25ALM_BC1F3s1_2453","(IRAT204*2/SC760)-B-6","FANV","25ALM_BC1F3s1_0766","GMS_PV2324_MIN_14021_06","(IRAT204*2/SC760)-B-6",43775,"sgh1Lh3r8UTRV","GMS_PGF2025_MIN_0766","(IRAT204*2/SC760)-B-6-1","54801","sgh1Lo1IHdikG","GMS_PV2526_3738","(IRAT204*2/SC760)-B-6-1-1","111907","sgh1LNojyWXMU","NO_ISSUES_IDENTIFIED","Introgression_confirmed","ADVANCE BC1F5 IN PV2627","ADVANCE BC1F5 IN PV2627","BC1F5","111907","sgh1LNojyWXMU"
"25ALM_BC1F3s1_0088","(IRAT204*2/SC760)-B-3","FGAD","25ALM_BC1F3s1_0763","GMS_PV2324_MIN_14021_03","(IRAT204*2/SC760)-B-3",43772,"sgh1L4QadAhFH","GMS_PGF2025_MIN_0763","(IRAT204*2/SC760)-B-3-1","54798","sgh1LoAnC9yMz","GMS_PV2526_3737","(IRAT204*2/SC760)-B-3-1-1","112061","sgh1LmPKqBPox","NO_ISSUES_IDENTIFIED","Introgression_confirmed","ADVANCE BC1F5 IN PV2627","ADVANCE BC1F5 IN PV2627","BC1F5","112061","sgh1LmPKqBPox"
"25ALM_BC1F3s1_2597","(IRAT204*2/SC760)-B-14","FOOM","25ALM_BC1F3s1_0774","GMS_PV2324_MIN_14021_14","(IRAT204*2/SC760)-B-14",43783,"sgh1L9mfc6NXO","GMS_PGF2025_MIN_0774","(IRAT204*2/SC760)-B-14-1","54809","sgh1L6EIiuHmA","GMS_PV2526_3736","(IRAT204*2/SC760)-B-14-1-1","112060","sgh1L9ozhjQOF","NO_ISSUES_IDENTIFIED","Introgression_confirmed","ADVANCE BC1F5 IN PV2627","ADVANCE BC1F5 IN PV2627","BC1F5","112060","sgh1L9ozhjQOF"
"25ALM_BC1F3s1_2713","(IRAT204*2/SC63)-B-9","FNFV","25ALM_BC1F3s1_0799","GMS_PV2324_MIN_14023_09","(IRAT204*2/SC63)-B-9",43808,"sgh1LmaCdpyDQ","GMS_PGF2025_MIN_0799","(IRAT204*2/SC63)-B-9-1","54834","sgh1L9DEkTsbs","GMS_PV2526_3697","(IRAT204*2/SC63)-B-9-1-1","112031","sgh1LXvmMkMNF","NO_ISSUES_IDENTIFIED","Introgression_confirmed","ADVANCE BC1F5 IN PV2627","ADVANCE BC1F5 IN PV2627","BC1F5","112031","sgh1LXvmMkMNF"
"25ALM_BC1F3s1_0118","(IRAT204*2/SC63)-B-8","FHRI","25ALM_BC1F3s1_0798","GMS_PV2324_MIN_14023_08","(IRAT204*2/SC63)-B-8",43807,"sgh1L2mRNIeMS","GMS_PGF2025_MIN_0798","(IRAT204*2/SC63)-B-8-1","54833","sgh1LbbXlooaK","GMS_PV2526_3696","(IRAT204*2/SC63)-B-8-1-1","112030","sgh1L9xKzPVKG","NO_ISSUES_IDENTIFIED","Introgression_confirmed","ADVANCE BC1F5 IN PV2627","ADVANCE BC1F5 IN PV2627","BC1F5","112030","sgh1L9xKzPVKG"
"25ALM_BC1F3s1_1790","(IRAT204*2/SC63)-B-7","FVOE","25ALM_BC1F3s1_0797","GMS_PV2324_MIN_14023_07","(IRAT204*2/SC63)-B-7",43806,"sgh1LdqcL8d6K","GMS_PGF2025_MIN_0797","(IRAT204*2/SC63)-B-7-1","54832","sgh1LyEDDFJhG","GMS_PV2526_3695","(IRAT204*2/SC63)-B-7-1-1","112029","sgh1LdSDOTIs6","NO_ISSUES_IDENTIFIED","Introgression_confirmed","ADVANCE BC1F5 IN PV2627","ADVANCE BC1F5 IN PV2627","BC1F5","112029","sgh1LdSDOTIs6"
"25ALM_BC1F3s1_2655","(IRAT204*2/SC63)-B-5","FIZE","25ALM_BC1F3s1_0795","GMS_PV2324_MIN_14023_05","(IRAT204*2/SC63)-B-5",43804,"sgh1LbiB6lknX","GMS_PGF2025_MIN_0795","(IRAT204*2/SC63)-B-5-1","54830","sgh1LByNEAwn1","GMS_PV2526_3694","(IRAT204*2/SC63)-B-5-1-1","111893","sgh1Lrw2ppD3i","NO_ISSUES_IDENTIFIED","Introgression_confirmed","ADVANCE BC1F5 IN PV2627","ADVANCE BC1F5 IN PV2627","BC1F5","111893","sgh1Lrw2ppD3i"
"25ALM_BC1F3s1_2838","(IRAT204*2/SC63)-B-4","FCLZ","25ALM_BC1F3s1_0794","GMS_PV2324_MIN_14023_04","(IRAT204*2/SC63)-B-4",43803,"sgh1LVlNIVIG1","GMS_PGF2025_MIN_0794","(IRAT204*2/SC63)-B-4-1","54829","sgh1L3bR1cx4A","GMS_PV2526_3693","(IRAT204*2/SC63)-B-4-1-1","112028","sgh1L4SUn2fRu","NO_ISSUES_IDENTIFIED","Introgression_confirmed","ADVANCE BC1F5 IN PV2627","ADVANCE BC1F5 IN PV2627","BC1F5","112028","sgh1L4SUn2fRu"
"25ALM_BC1F3s1_1673","(IRAT204*2/SC63)-B-13","FQPV","25ALM_BC1F3s1_0803","GMS_PV2324_MIN_14023_13","(IRAT204*2/SC63)-B-13",43812,"sgh1LWZztugCA","GMS_PGF2025_MIN_0803","(IRAT204*2/SC63)-B-13-1","54838","sgh1LhWIbDZOj","GMS_PV2526_3692","(IRAT204*2/SC63)-B-13-1-1","112027","sgh1LwzZwMIex","NO_ISSUES_IDENTIFIED","Introgression_confirmed","ADVANCE BC1F5 IN PV2627","ADVANCE BC1F5 IN PV2627","BC1F5","112027","sgh1LwzZwMIex"
"25ALM_BC1F3s1_2603","(IRAT204*2/SC63)-B-12","FPWH","25ALM_BC1F3s1_0802","GMS_PV2324_MIN_14023_12","(IRAT204*2/SC63)-B-12",43811,"sgh1LfT2yMEe9","GMS_PGF2025_MIN_0802","(IRAT204*2/SC63)-B-12-1","54837","sgh1LzeXdVE5c","GMS_PV2526_3691","(IRAT204*2/SC63)-B-12-1-1","112026","sgh1L8Dqlkg7Z","NO_ISSUES_IDENTIFIED","Introgression_confirmed","ADVANCE BC1F5 IN PV2627","ADVANCE BC1F5 IN PV2627","BC1F5","112026","sgh1L8Dqlkg7Z"
"25ALM_BC1F3s1_1947","(IRAT204*2/SC52)-B-10","FBBC","25ALM_BC1F3s1_0063","GMS_PV2324_MIN_14027_10","(IRAT204*2/SC52)-B-10",42693,"sgh1Lk3AtoEZM","GMS_PGF2025_MIN_0063","(IRAT204*2/SC52)-B-10-1","54181","sgh1L4rPzsOQa","GMS_PV2526_3674","(IRAT204*2/SC52)-B-10-1-1","67371","sgh1LIu5GuNbe","NO_ISSUES_IDENTIFIED","Introgression_confirmed","ADVANCE BC1F5 IN PV2627","ADVANCE BC1F5 IN PV2627","BC1F5","67371","sgh1LIu5GuNbe"
"25ALM_BC1F3s1_0349","(CSM-63*2/SC145)-B-4","FSXM","25ALM_BC1F3s1_0915","GMS_PV2324_MIN_17004_04","(CSM-63*2/SC145)-B-4",43968,"sgh1L1faDlDq5","GMS_PGF2025_MIN_0915","(CSM-63*2/SC145)-B-4-1","54942","sgh1Lclb9DtxB","GMS_PV2526_3515","(CSM-63*2/SC145)-B-4-1-1","111940","sgh1LleHEOp61","NO_ISSUES_IDENTIFIED","Introgression_confirmed","ADVANCE BC1F5 IN PV2627","ADVANCE BC1F5 IN PV2627","BC1F5","111940","sgh1LleHEOp61"
"25ALM_BC1F3s1_2721","(CSM-63*2/90M)-B-5","FIAX","25ALM_BC1F3s1_0905","GMS_PV2324_MIN_17003_05","(CSM-63*2/90M)-B-5",43954,"sgh1LKsmtYVWr","GMS_PGF2025_MIN_0905","(CSM-63*2/90M)-B-5-1","54934","sgh1L2cIfmsP8","GMS_PV2526_3507","(CSM-63*2/90M)-B-5-1-1","111936","sgh1LKQGET2XY","NO_ISSUES_IDENTIFIED","Introgression_confirmed","ADVANCE BC1F5 IN PV2627","ADVANCE BC1F5 IN PV2627","BC1F5","111936","sgh1LKQGET2XY"
"25ALM_BC1F3s1_2847","(CSM-63*2/SC1055)-B-17","FVQL","25ALM_BC1F3s1_2375","GMS_MN2024_MIN_15071_17","(CSM-63*2/SC1055)-B-17",48575,"sgh1L4bUKXMyY","GMS_PGF2025_MIN_2375","(CSM-63*2/SC1055)-B-17-1","55821","sgh1LXJ7on0GC","GMS_PV2526_3511","(CSM-63*2/SC1055)-B-17-1-1","67764","sgh1LEYrrk4Pi","NO_ISSUES_IDENTIFIED","Introgression_confirmed","ADVANCE BC1F5 IN PV2627","ADVANCE BC1F5 IN PV2627","BC1F5","67764","sgh1LEYrrk4Pi"
"25ALM_BC1F3s1_2880","(CSM-63*2/SC1055)-B-17","FTKH","25ALM_BC1F3s1_2354","GMS_MN2024_MIN_15070_17","(CSM-63*2/SC1055)-B-17",48575,"sgh1LigUX0ozg","GMS_PGF2025_MIN_2354","(CSM-63*2/SC1055)-B-17-1","55821","sgh1LyKmjpZtE","GMS_PV2526_3510","(CSM-63*2/SC1055)-B-17-1-1","67764","sgh1Lmq6CLKn0","NO_ISSUES_IDENTIFIED","Introgression_confirmed","ADVANCE BC1F5 IN PV2627","ADVANCE BC1F5 IN PV2627","BC1F5","67764","sgh1Lmq6CLKn0"
"25ALM_BC1F3s1_1057","(CSM-63*2/SC1055)-B-13","FIYB","25ALM_BC1F3s1_2371","GMS_MN2024_MIN_15071_13","(CSM-63*2/SC1055)-B-13",48571,"sgh1L6Ccm6wxV","GMS_PGF2025_MIN_2371","(CSM-63*2/SC1055)-B-13-1","55817","sgh1LWffxGYp9","GMS_PV2526_3509","(CSM-63*2/SC1055)-B-13-1-1","111937","sgh1LAuEcmoxV","NO_ISSUES_IDENTIFIED","Introgression_confirmed","ADVANCE BC1F5 IN PV2627","ADVANCE BC1F5 IN PV2627","BC1F5","111937","sgh1LAuEcmoxV"
"25ALM_BC1F3s1_1023","(CSM-63*2/SC1085)-B-2","FDGY","25ALM_BC1F3s1_0925","GMS_PV2324_MIN_17005_02","(CSM-63*2/SC1085)-B-2",43981,"sgh1Le3Sm8sjT","GMS_PGF2025_MIN_0925","(CSM-63*2/SC1085)-B-2-1","54952","sgh1L4aOBJM9g","GMS_PV2526_3513","(CSM-63*2/SC1085)-B-2-1-1","111939","sgh1LZcI5vNC5","NO_ISSUES_IDENTIFIED","Introgression_confirmed","ADVANCE BC1F5 IN PV2627","ADVANCE BC1F5 IN PV2627","BC1F5","111939","sgh1LZcI5vNC5"
"25ALM_BC1F3s1_1217","(CSM-63*2/SC1085)-B-13","FFVR","25ALM_BC1F3s1_0936","GMS_PV2324_MIN_17005_13","(CSM-63*2/SC1085)-B-13",43992,"sgh1LwBtSOyLs","GMS_PGF2025_MIN_0936","(CSM-63*2/SC1085)-B-13-1","54963","sgh1LOIQmNPaX","GMS_PV2526_3512","(CSM-63*2/SC1085)-B-13-1-1","111938","sgh1Lx40u7MNr","NO_ISSUES_IDENTIFIED","Introgression_confirmed","ADVANCE BC1F5 IN PV2627","ADVANCE BC1F5 IN PV2627","BC1F5","111938","sgh1Lx40u7MNr"
"25ALM_BC1F3s1_1980","(CSM-63*2/SC21)-B-8","FDEW","25ALM_BC1F3s1_2464","GMS_MN2024_MIN_15077_08","(CSM-63*2/SC21)-B-8",48586,"sgh1LjsvNEE3t","GMS_PGF2025_MIN_2464","(CSM-63*2/SC21)-B-8-1","55833","sgh1LeMghOAcF","GMS_PV2526_3518","(CSM-63*2/SC21)-B-8-1-1","67626","sgh1LuqE1TusO","NO_ISSUES_IDENTIFIED","Introgression_confirmed","ADVANCE BC1F5 IN PV2627","ADVANCE BC1F5 IN PV2627","BC1F5","67626","sgh1LuqE1TusO"
"25ALM_BC1F3s1_0550","(CSM-63*2/SC21)-B-3","FVOX","25ALM_BC1F3s1_2415","GMS_MN2024_MIN_15074_03","(CSM-63*2/SC21)-B-3",48581,"sgh1LwP0gfcMl","GMS_PGF2025_MIN_2415","(CSM-63*2/SC21)-B-3-1","55829","sgh1LJdig10Ya","GMS_PV2526_3517","(CSM-63*2/SC21)-B-3-1-1","65384","sgh1LYlBUsnwP","NO_ISSUES_IDENTIFIED","Introgression_confirmed","ADVANCE BC1F5 IN PV2627","ADVANCE BC1F5 IN PV2627","BC1F5","65384","sgh1LYlBUsnwP"
"25ALM_BC1F3s1_0014","(CSM-63*2/SC645)-B-14","FIBH","25ALM_BC1F3s1_2504","GMS_MN2024_MIN_15079_14","(CSM-63*2/SC645)-B-14",48614,"sgh1L59P1gaDV","GMS_PGF2025_MIN_2504","(CSM-63*2/SC645)-B-14-1","55857","sgh1LzIOVnMmK","GMS_PV2526_3520","(CSM-63*2/SC645)-B-14-1-1","67624","sgh1LxQJaZgX0","NO_ISSUES_IDENTIFIED","Introgression_confirmed","ADVANCE BC1F5 IN PV2627","ADVANCE BC1F5 IN PV2627","BC1F5","67624","sgh1LxQJaZgX0"
"25ALM_BC1F3s1_1459","(Macia*2/IRAT204)-B-8","FLKB","25ALM_BC1F3s1_1771","GMS_MN2024_MIN_13077_08","(Macia*2/IRAT204)-B-8",48325,"sgh1Le1cG5uUK","GMS_PGF2025_MIN_1771","(Macia*2/IRAT204)-B-8-1","55585","sgh1LbLtAP3wT","GMS_PV2526_3809","(Macia*2/IRAT204)-B-8-1-1","112084","sgh1LrTWrKQtc","NO_ISSUES_IDENTIFIED","Introgression_confirmed","ADVANCE BC1F5 IN PV2627","ADVANCE BC1F5 IN PV2627","BC1F5","112084","sgh1LrTWrKQtc"
"25ALM_BC1F3s1_1243","(Macia*2/IRAT204)-B-7","FDDQ","25ALM_BC1F3s1_1748","GMS_MN2024_MIN_13076_07","(Macia*2/IRAT204)-B-7",48324,"sgh1LF51q0lMT","GMS_PGF2025_MIN_1748","(Macia*2/IRAT204)-B-7-1","55570","sgh1LQ1T8O7I9","GMS_PV2526_3808","(Macia*2/IRAT204)-B-7-1-1","65646","sgh1LGKauFmxY","NO_ISSUES_IDENTIFIED","Introgression_confirmed","ADVANCE BC1F5 IN PV2627","ADVANCE BC1F5 IN PV2627","BC1F5","65646","sgh1LGKauFmxY"
"25ALM_BC1F3s1_0559","(Macia*2/IRAT204)-B-5","FYPE","25ALM_BC1F3s1_1768","GMS_MN2024_MIN_13077_05","(Macia*2/IRAT204)-B-5",48322,"sgh1LofEwlYyO","GMS_PGF2025_MIN_1768","(Macia*2/IRAT204)-B-5-1","55568","sgh1L3BSbauI0","GMS_PV2526_3807","(Macia*2/IRAT204)-B-5-1-1","111915","sgh1LKBs5SHg4","NO_ISSUES_IDENTIFIED","Introgression_confirmed","ADVANCE BC1F5 IN PV2627","ADVANCE BC1F5 IN PV2627","BC1F5","111915","sgh1LKBs5SHg4"
"25ALM_BC1F3s1_2328","(Macia*2/IRAT204)-B-5","FPFV","25ALM_BC1F3s1_1746","GMS_MN2024_MIN_13076_05","(Macia*2/IRAT204)-B-5",48322,"sgh1LOFIAyJft","GMS_PGF2025_MIN_1746","(Macia*2/IRAT204)-B-5-1","55568","sgh1L12ksNPss","GMS_PV2526_3806","(Macia*2/IRAT204)-B-5-1-1","111915","sgh1LovvPaZAc","NO_ISSUES_IDENTIFIED","Introgression_confirmed","ADVANCE BC1F5 IN PV2627","ADVANCE BC1F5 IN PV2627","BC1F5","111915","sgh1LovvPaZAc"
"25ALM_BC1F3s1_1411","(Macia*2/IRAT204)-B-3","FFUB","25ALM_BC1F3s1_1744","GMS_MN2024_MIN_13076_03","(Macia*2/IRAT204)-B-3",48320,"sgh1LsHg6rA6U","GMS_PGF2025_MIN_1744","(Macia*2/IRAT204)-B-3-1","55566","sgh1Lqd3nnCwg","GMS_PV2526_3805","(Macia*2/IRAT204)-B-3-1-1","67615","sgh1Ls2XKwJrl","NO_ISSUES_IDENTIFIED","Introgression_confirmed","ADVANCE BC1F5 IN PV2627","ADVANCE BC1F5 IN PV2627","BC1F5","67615","sgh1Ls2XKwJrl"
"25ALM_BC1F3s1_1019","(Macia*2/IRAT204)-B-22","FAVJ","25ALM_BC1F3s1_1763","GMS_MN2024_MIN_13076_22","(Macia*2/IRAT204)-B-22",48339,"sgh1L6k8tnPXP","GMS_PGF2025_MIN_1763","(Macia*2/IRAT204)-B-22-1","55583","sgh1LWLfFdpBr","GMS_PV2526_3804","(Macia*2/IRAT204)-B-22-1-1","112083","sgh1LOAAojdG3","NO_ISSUES_IDENTIFIED","Introgression_confirmed","ADVANCE BC1F5 IN PV2627","ADVANCE BC1F5 IN PV2627","BC1F5","112083","sgh1LOAAojdG3"
"25ALM_BC1F3s1_2337","(Macia*2/IRAT204)-B-21","FKEK","25ALM_BC1F3s1_1762","GMS_MN2024_MIN_13076_21","(Macia*2/IRAT204)-B-21",48338,"sgh1LUHm8fSqs","GMS_PGF2025_MIN_1762","(Macia*2/IRAT204)-B-21-1","55582","sgh1LBvtrvNU0","GMS_PV2526_3803","(Macia*2/IRAT204)-B-21-1-1","112082","sgh1LC3m3S99K","NO_ISSUES_IDENTIFIED","Introgression_confirmed","ADVANCE BC1F5 IN PV2627","ADVANCE BC1F5 IN PV2627","BC1F5","112082","sgh1LC3m3S99K"
"25ALM_BC1F3s1_2536","(Macia*2/IRAT204)-B-19","FYHS","25ALM_BC1F3s1_1760","GMS_MN2024_MIN_13076_19","(Macia*2/IRAT204)-B-19",48336,"sgh1LbqlPKpeE","GMS_PGF2025_MIN_1760","(Macia*2/IRAT204)-B-19-1","55580","sgh1LYpSgZsvZ","GMS_PV2526_3802","(Macia*2/IRAT204)-B-19-1-1","112081","sgh1LR2Xd9gI5","NO_ISSUES_IDENTIFIED","Introgression_confirmed","ADVANCE BC1F5 IN PV2627","ADVANCE BC1F5 IN PV2627","BC1F5","112081","sgh1LR2Xd9gI5"
"25ALM_BC1F3s1_1619","(Macia*2/IRAT204)-B-17","FXQK","25ALM_BC1F3s1_1758","GMS_MN2024_MIN_13076_17","(Macia*2/IRAT204)-B-17",48334,"sgh1Lf9lF9dQo","GMS_PGF2025_MIN_1758","(Macia*2/IRAT204)-B-17-1","55578","sgh1LWmzZeQvm","GMS_PV2526_3801","(Macia*2/IRAT204)-B-17-1-1","112080","sgh1LrXEYM4ZC","NO_ISSUES_IDENTIFIED","Introgression_confirmed","ADVANCE BC1F5 IN PV2627","ADVANCE BC1F5 IN PV2627","BC1F5","112080","sgh1LrXEYM4ZC"
"25ALM_BC1F3s1_2038","(Macia*2/IRAT204)-B-16","FBOV","25ALM_BC1F3s1_1757","GMS_MN2024_MIN_13076_16","(Macia*2/IRAT204)-B-16",48333,"sgh1LsLD7zpzT","GMS_PGF2025_MIN_1757","(Macia*2/IRAT204)-B-16-1","55577","sgh1LNK8B7iHw","GMS_PV2526_3800","(Macia*2/IRAT204)-B-16-1-1","112079","sgh1LfW7W4EY8","NO_ISSUES_IDENTIFIED","Introgression_confirmed","ADVANCE BC1F5 IN PV2627","ADVANCE BC1F5 IN PV2627","BC1F5","112079","sgh1LfW7W4EY8"
"25ALM_BC1F3s1_1518","(Macia*2/IRAT204)-B-15","FYUZ","25ALM_BC1F3s1_1778","GMS_MN2024_MIN_13077_15","(Macia*2/IRAT204)-B-15",48332,"sgh1LNSBgf2mb","GMS_PGF2025_MIN_1778","(Macia*2/IRAT204)-B-15-1","55586","sgh1L977Acqh3","GMS_PV2526_3799","(Macia*2/IRAT204)-B-15-1-1","112078","sgh1LP5IpGk4G","NO_ISSUES_IDENTIFIED","Introgression_confirmed","ADVANCE BC1F5 IN PV2627","ADVANCE BC1F5 IN PV2627","BC1F5","112078","sgh1LP5IpGk4G"
"25ALM_BC1F3s1_2678","(Macia*2/IRAT204)-B-13","FZJH","25ALM_BC1F3s1_1776","GMS_MN2024_MIN_13077_13","(Macia*2/IRAT204)-B-13",48330,"sgh1La6IYBrWa","GMS_PGF2025_MIN_1776","(Macia*2/IRAT204)-B-13-1","55575","sgh1LFuBoC60O","GMS_PV2526_3798","(Macia*2/IRAT204)-B-13-1-1","65422","sgh1LDEf6iqps","NO_ISSUES_IDENTIFIED","Introgression_confirmed","ADVANCE BC1F5 IN PV2627","ADVANCE BC1F5 IN PV2627","BC1F5","65422","sgh1LDEf6iqps"
"25ALM_BC1F3s1_0158","(Macia*2/IRAT204)-B-11","FUDK","25ALM_BC1F3s1_1774","GMS_MN2024_MIN_13077_11","(Macia*2/IRAT204)-B-11",48328,"sgh1LIDbQxs0q","GMS_PGF2025_MIN_1774","(Macia*2/IRAT204)-B-11-1","55573","sgh1LKp5Mfbig","GMS_PV2526_3797","(Macia*2/IRAT204)-B-11-1-1","112077","sgh1L4DjuQpQl","NO_ISSUES_IDENTIFIED","Introgression_confirmed","ADVANCE BC1F5 IN PV2627","ADVANCE BC1F5 IN PV2627","BC1F5","112077","sgh1L4DjuQpQl"
"25ALM_BC1F3s1_2665","(Macia*2/BTx642)-B-9","FSOM","25ALM_BC1F3s1_1789","GMS_MN2024_MIN_13078_09","(Macia*2/BTx642)-B-9",48349,"sgh1LndkysJrz","GMS_PGF2025_MIN_1789","(Macia*2/BTx642)-B-9-1","55593","sgh1LoiczP1Ij","GMS_PV2526_3788","(Macia*2/BTx642)-B-9-1-1","67092","sgh1LfLxM6azT","NO_ISSUES_IDENTIFIED","Introgression_confirmed","ADVANCE BC1F5 IN PV2627","ADVANCE BC1F5 IN PV2627","BC1F5","67092","sgh1LfLxM6azT"
"25ALM_BC1F3s1_2264","(Macia*2/BTx642)-B-8","FHXT","25ALM_BC1F3s1_1799","GMS_MN2024_MIN_13079_08","(Macia*2/BTx642)-B-8",48348,"sgh1LL3boueTA","GMS_PGF2025_MIN_1799","(Macia*2/BTx642)-B-8-1","55597","sgh1LOErQn5uu","GMS_PV2526_3787","(Macia*2/BTx642)-B-8-1-1","111913","sgh1LeW19OYNq","NO_ISSUES_IDENTIFIED","Introgression_confirmed","ADVANCE BC1F5 IN PV2627","ADVANCE BC1F5 IN PV2627","BC1F5","111913","sgh1LeW19OYNq"
"25ALM_BC1F3s1_1409","(Macia*2/BTx642)-B-7","FULR","25ALM_BC1F3s1_1787","GMS_MN2024_MIN_13078_07","(Macia*2/BTx642)-B-7",48347,"sgh1LBUHPwjR8","GMS_PGF2025_MIN_1787","(Macia*2/BTx642)-B-7-1","55592","sgh1LGn24Yf2I","GMS_PV2526_3786","(Macia*2/BTx642)-B-7-1-1","67703","sgh1LC8qcWb8m","NO_ISSUES_IDENTIFIED","Introgression_confirmed","ADVANCE BC1F5 IN PV2627","ADVANCE BC1F5 IN PV2627","BC1F5","67703","sgh1LC8qcWb8m"
"25ALM_BC1F3s1_1987","(Macia*2/BTx642)-B-6","FSQD","25ALM_BC1F3s1_1797","GMS_MN2024_MIN_13079_06","(Macia*2/BTx642)-B-6",48346,"sgh1LmbSL8sIX","GMS_PGF2025_MIN_1797","(Macia*2/BTx642)-B-6-1","55591","sgh1LZZpar1D1","GMS_PV2526_3785","(Macia*2/BTx642)-B-6-1-1","67447","sgh1L91DU3a5s","NO_ISSUES_IDENTIFIED","Introgression_confirmed","ADVANCE BC1F5 IN PV2627","ADVANCE BC1F5 IN PV2627","BC1F5","67447","sgh1L91DU3a5s"
"25ALM_BC1F3s1_1722","(Macia*2/BTx642)-B-5","FIET","25ALM_BC1F3s1_1785","GMS_MN2024_MIN_13078_05","(Macia*2/BTx642)-B-5",48345,"sgh1LybaONnwD","GMS_PGF2025_MIN_1785","(Macia*2/BTx642)-B-5-1","55590","sgh1L9RBN7MbP","GMS_PV2526_3784","(Macia*2/BTx642)-B-5-1-1","67043","sgh1Ly4qVbwYH","NO_ISSUES_IDENTIFIED","Introgression_confirmed","ADVANCE BC1F5 IN PV2627","ADVANCE BC1F5 IN PV2627","BC1F5","67043","sgh1Ly4qVbwYH"
"25ALM_BC1F3s1_0215","(Macia*2/BTx642)-B-4","FDNC","25ALM_BC1F3s1_1784","GMS_MN2024_MIN_13078_04","(Macia*2/BTx642)-B-4",48344,"sgh1LO0kU6APE","GMS_PGF2025_MIN_1784","(Macia*2/BTx642)-B-4-1","55589","sgh1LoFdHw5XY","GMS_PV2526_3782","(Macia*2/BTx642)-B-4-1-1","111912","sgh1LaYMh0RKO","NO_ISSUES_IDENTIFIED","Introgression_confirmed","ADVANCE BC1F5 IN PV2627","ADVANCE BC1F5 IN PV2627","BC1F5","111912","sgh1LaYMh0RKO"
"25ALM_BC1F3s1_1237","(Macia*2/BTx642)-B-4","FQYC","25ALM_BC1F3s1_1795","GMS_MN2024_MIN_13079_04","(Macia*2/BTx642)-B-4",48344,"sgh1LcPgD2OS6","GMS_PGF2025_MIN_1795","(Macia*2/BTx642)-B-4-1","55589","sgh1LE8Qd0x7A","GMS_PV2526_3783","(Macia*2/BTx642)-B-4-1-1","111912","sgh1L37R7rAGG","NO_ISSUES_IDENTIFIED","Introgression_confirmed","ADVANCE BC1F5 IN PV2627","ADVANCE BC1F5 IN PV2627","BC1F5","111912","sgh1L37R7rAGG"
"25ALM_BC1F3s1_0827","(Macia*2/BTx642)-B-14","FXME","25ALM_BC1F3s1_1805","GMS_MN2024_MIN_13079_14","(Macia*2/BTx642)-B-14",48354,"sgh1LUTN6eIR9","GMS_PGF2025_MIN_1805","(Macia*2/BTx642)-B-14-1","55600","sgh1LPuCkL1Gj","GMS_PV2526_3781","(Macia*2/BTx642)-B-14-1-1","112074","sgh1LLkISaLHa","NO_ISSUES_IDENTIFIED","Introgression_confirmed","ADVANCE BC1F5 IN PV2627","ADVANCE BC1F5 IN PV2627","BC1F5","112074","sgh1LLkISaLHa"
"25ALM_BC1F3s1_0922","(Macia*2/BTx642)-B-13","FOIC","25ALM_BC1F3s1_1804","GMS_MN2024_MIN_13079_13","(Macia*2/BTx642)-B-13",48353,"sgh1LevAw7BFI","GMS_PGF2025_MIN_1804","(Macia*2/BTx642)-B-13-1","55599","sgh1Lbbo37P8G","GMS_PV2526_3780","(Macia*2/BTx642)-B-13-1-1","112073","sgh1LMhd4TvXa","NO_ISSUES_IDENTIFIED","Introgression_confirmed","ADVANCE BC1F5 IN PV2627","ADVANCE BC1F5 IN PV2627","BC1F5","112073","sgh1LMhd4TvXa"
"25ALM_BC1F3s1_2008","(Macia*2/BTx642)-B-10","FRIY","25ALM_BC1F3s1_1790","GMS_MN2024_MIN_13078_10","(Macia*2/BTx642)-B-10",48350,"sgh1Lxu9QOLQ4","GMS_PGF2025_MIN_1790","(Macia*2/BTx642)-B-10-1","55594","sgh1Lrqmf0NxB","GMS_PV2526_3779","(Macia*2/BTx642)-B-10-1-1","111911","sgh1L3Mm3gSjR","NO_ISSUES_IDENTIFIED","Introgression_confirmed","ADVANCE BC1F5 IN PV2627","ADVANCE BC1F5 IN PV2627","BC1F5","111911","sgh1L3Mm3gSjR"
"25ALM_BC1F3s1_2613","(Macia*2/BTx642)-B-1","FTMO","25ALM_BC1F3s1_1792","GMS_MN2024_MIN_13079_01","(Macia*2/BTx642)-B-1",48341,"sgh1LFb4mRZpX","GMS_PGF2025_MIN_1792","(Macia*2/BTx642)-B-1-1","55596","sgh1LWyjcdtm7","GMS_PV2526_3778","(Macia*2/BTx642)-B-1-1-1","111910","sgh1LSCjSvdFi","NO_ISSUES_IDENTIFIED","Introgression_confirmed","ADVANCE BC1F5 IN PV2627","ADVANCE BC1F5 IN PV2627","BC1F5","111910","sgh1LSCjSvdFi"
"25ALM_BC1F3s1_0457","(Macia*2/SC603)-B-8","FUFY","25ALM_BC1F3s1_1732","GMS_MN2024_MIN_13075_08","(Macia*2/SC603)-B-8",48306,"sgh1LhbabIFJT","GMS_PGF2025_MIN_1732","(Macia*2/SC603)-B-8-1","55550","sgh1LII1N3WpE","GMS_PV2526_3862","(Macia*2/SC603)-B-8-1-1","111934","sgh1LYWObuP7J","NO_ISSUES_IDENTIFIED","Introgression_confirmed","ADVANCE BC1F5 IN PV2627","ADVANCE BC1F5 IN PV2627","BC1F5","111934","sgh1LYWObuP7J"
"25ALM_BC1F3s1_1939","(Macia*2/SC603)-B-8","FNCY","25ALM_BC1F3s1_1715","GMS_MN2024_MIN_13074_08","(Macia*2/SC603)-B-8",48306,"sgh1LJy6F5gzw","GMS_PGF2025_MIN_1715","(Macia*2/SC603)-B-8-1","55550","sgh1L4coy2x78","GMS_PV2526_3861","(Macia*2/SC603)-B-8-1-1","111934","sgh1LnIGzg5pl","NO_ISSUES_IDENTIFIED","Introgression_confirmed","ADVANCE BC1F5 IN PV2627","ADVANCE BC1F5 IN PV2627","BC1F5","111934","sgh1LnIGzg5pl"
"25ALM_BC1F3s1_1738","(Macia*2/SC603)-B-5","FAYE","25ALM_BC1F3s1_1713","GMS_MN2024_MIN_13074_05","(Macia*2/SC603)-B-5",48303,"sgh1LMoyB6ToK","GMS_PGF2025_MIN_1713","(Macia*2/SC603)-B-5-1","55548","sgh1L53c4tlg4","GMS_PV2526_3860","(Macia*2/SC603)-B-5-1-1","111933","sgh1LQmZotFSs","NO_ISSUES_IDENTIFIED","Introgression_confirmed","ADVANCE BC1F5 IN PV2627","ADVANCE BC1F5 IN PV2627","BC1F5","111933","sgh1LQmZotFSs"
"25ALM_BC1F3s1_2451","(Macia*2/SC603)-B-4","FYGS","25ALM_BC1F3s1_1712","GMS_MN2024_MIN_13074_04","(Macia*2/SC603)-B-4",48302,"sgh1LwwRHyBJi","GMS_PGF2025_MIN_1712","(Macia*2/SC603)-B-4-1","55547","sgh1LDclNEMyq","GMS_PV2526_3859","(Macia*2/SC603)-B-4-1-1","111932","sgh1Lg9UQBjsv","NO_ISSUES_IDENTIFIED","Introgression_confirmed","ADVANCE BC1F5 IN PV2627","ADVANCE BC1F5 IN PV2627","BC1F5","111932","sgh1Lg9UQBjsv"
"25ALM_BC1F3s1_1614","(Macia*2/SC603)-B-3","FYLV","25ALM_BC1F3s1_1728","GMS_MN2024_MIN_13075_03","(Macia*2/SC603)-B-3",48301,"sgh1LmbrGPV3V","GMS_PGF2025_MIN_1728","(Macia*2/SC603)-B-3-1","55559","sgh1LxyFkFy4Q","GMS_PV2526_3858","(Macia*2/SC603)-B-3-1-1","112102","sgh1LP5zP1HAO","NO_ISSUES_IDENTIFIED","Introgression_confirmed","ADVANCE BC1F5 IN PV2627","ADVANCE BC1F5 IN PV2627","BC1F5","112102","sgh1LP5zP1HAO"
"25ALM_BC1F3s1_2170","(Macia*2/SC603)-B-19","FLRG","25ALM_BC1F3s1_1724","GMS_MN2024_MIN_13074_19","(Macia*2/SC603)-B-19",48315,"sgh1Ljl59S459","GMS_PGF2025_MIN_1724","(Macia*2/SC603)-B-19-1","55556","sgh1L5t7yoUgs","GMS_PV2526_3857","(Macia*2/SC603)-B-19-1-1","112763","sgh1L3gpgbOWh","NO_ISSUES_IDENTIFIED","Introgression_confirmed","ADVANCE BC1F5 IN PV2627","ADVANCE BC1F5 IN PV2627","BC1F5","112763","sgh1L3gpgbOWh"
"25ALM_BC1F3s1_0253","(Macia*2/SC603)-B-17","FIPC","25ALM_BC1F3s1_1723","GMS_MN2024_MIN_13074_17","(Macia*2/SC603)-B-17",48314,"sgh1L228axtK7","GMS_PGF2025_MIN_1723","(Macia*2/SC603)-B-17-1","55555","sgh1LLGwkEvDd","GMS_PV2526_3855","(Macia*2/SC603)-B-17-1-1","112101","sgh1LvEDaSA4I","NO_ISSUES_IDENTIFIED","Introgression_confirmed","ADVANCE BC1F5 IN PV2627","ADVANCE BC1F5 IN PV2627","BC1F5","112101","sgh1LvEDaSA4I"
"25ALM_BC1F3s1_1214","(Macia*2/SC603)-B-17","FSIX","25ALM_BC1F3s1_1741","GMS_MN2024_MIN_13075_17","(Macia*2/SC603)-B-17",48314,"sgh1LlNJR7AW7","GMS_PGF2025_MIN_1741","(Macia*2/SC603)-B-17-1","55555","sgh1LkC2tBiE6","GMS_PV2526_3856","(Macia*2/SC603)-B-17-1-1","112101","sgh1LoXniTpdG","NO_ISSUES_IDENTIFIED","Introgression_confirmed","ADVANCE BC1F5 IN PV2627","ADVANCE BC1F5 IN PV2627","BC1F5","112101","sgh1LoXniTpdG"
"25ALM_BC1F3s1_0130","(Macia*2/SC603)-B-16","FBME","25ALM_BC1F3s1_1740","GMS_MN2024_MIN_13075_16","(Macia*2/SC603)-B-16",48313,"sgh1LFeamuz5N","GMS_PGF2025_MIN_1740","(Macia*2/SC603)-B-16-1","55554","sgh1LUbO0kF8w","GMS_PV2526_3854","(Macia*2/SC603)-B-16-1-1","112100","sgh1LjM91GXym","NO_ISSUES_IDENTIFIED","Introgression_confirmed","ADVANCE BC1F5 IN PV2627","ADVANCE BC1F5 IN PV2627","BC1F5","112100","sgh1LjM91GXym"
"25ALM_BC1F3s1_1125","(Macia*2/SC603)-B-16","FVVO","25ALM_BC1F3s1_1722","GMS_MN2024_MIN_13074_16","(Macia*2/SC603)-B-16",48313,"sgh1LJ32EvDLO","GMS_PGF2025_MIN_1722","(Macia*2/SC603)-B-16-1","55554","sgh1LyNbxrhnM","GMS_PV2526_3853","(Macia*2/SC603)-B-16-1-1","112100","sgh1LXeCdI4DF","NO_ISSUES_IDENTIFIED","Introgression_confirmed","ADVANCE BC1F5 IN PV2627","ADVANCE BC1F5 IN PV2627","BC1F5","112100","sgh1LXeCdI4DF"
"25ALM_BC1F3s1_2754","(Macia*2/SC603)-B-12","FSKA","25ALM_BC1F3s1_1736","GMS_MN2024_MIN_13075_12","(Macia*2/SC603)-B-12",48309,"sgh1LY8qJBBwI","GMS_PGF2025_MIN_1736","(Macia*2/SC603)-B-12-1","55563","sgh1LcQBwORJv","GMS_PV2526_3852","(Macia*2/SC603)-B-12-1-1","112099","sgh1LXFNt1ruW","NO_ISSUES_IDENTIFIED","Introgression_confirmed","ADVANCE BC1F5 IN PV2627","ADVANCE BC1F5 IN PV2627","BC1F5","112099","sgh1LXFNt1ruW"
"25ALM_BC1F3s1_0071","(Macia*2/SC603)-B-11","FHBF","25ALM_BC1F3s1_1717","GMS_MN2024_MIN_13074_11","(Macia*2/SC603)-B-11",48308,"sgh1LGAH656lT","GMS_PGF2025_MIN_1717","(Macia*2/SC603)-B-11-1","55551","sgh1L6Zayf327","GMS_PV2526_3851","(Macia*2/SC603)-B-11-1-1","112098","sgh1LKMSpEMkZ","NO_ISSUES_IDENTIFIED","Introgression_confirmed","ADVANCE BC1F5 IN PV2627","ADVANCE BC1F5 IN PV2627","BC1F5","112098","sgh1LKMSpEMkZ"
"25ALM_BC1F3s1_0793","(Macia*2/SC603)-B-1","FBXW","25ALM_BC1F3s1_1726","GMS_MN2024_MIN_13075_01","(Macia*2/SC603)-B-1",48299,"sgh1LPV2ERzEn","GMS_PGF2025_MIN_1726","(Macia*2/SC603)-B-1-1","55546","sgh1LE4QQAg8W","GMS_PV2526_3850","(Macia*2/SC603)-B-1-1-1","67116","sgh1LUgIEg7Pn","NO_ISSUES_IDENTIFIED","Introgression_confirmed","ADVANCE BC1F5 IN PV2627","ADVANCE BC1F5 IN PV2627","BC1F5","67116","sgh1LUgIEg7Pn"
"25ALM_BC1F3s1_1606","(Macia*2/SC144)-B-7","FQCX","25ALM_BC1F3s1_1336","GMS_PV2324_MIN_15025_07","(Macia*2/SC144)-B-7",44481,"sgh1L8CCdbQ9H","GMS_PGF2025_MIN_1336","(Macia*2/SC144)-B-7-1","55333","sgh1LrdzjmHW2","GMS_PV2526_3823","(Macia*2/SC144)-B-7-1-1","111924","sgh1LV3UYTVmz","NO_ISSUES_IDENTIFIED","Introgression_confirmed","ADVANCE BC1F5 IN PV2627","ADVANCE BC1F5 IN PV2627","BC1F5","111924","sgh1LV3UYTVmz"
"25ALM_BC1F3s1_0237","(Macia*2/SC144)-B-15","FOHX","25ALM_BC1F3s1_1344","GMS_PV2324_MIN_15025_15","(Macia*2/SC144)-B-15",44489,"sgh1LUSuSaT92","GMS_PGF2025_MIN_1344","(Macia*2/SC144)-B-15-1","55341","sgh1L6bU3Zc2k","GMS_PV2526_3822","(Macia*2/SC144)-B-15-1-1","112090","sgh1LWEAAaIRF","NO_ISSUES_IDENTIFIED","Introgression_confirmed","ADVANCE BC1F5 IN PV2627","ADVANCE BC1F5 IN PV2627","BC1F5","112090","sgh1LWEAAaIRF"
"25ALM_BC1F3s1_0198","(Macia*2/SC144)-B-12","FLUA","25ALM_BC1F3s1_1341","GMS_PV2324_MIN_15025_12","(Macia*2/SC144)-B-12",44486,"sgh1LLfmzyHEr","GMS_PGF2025_MIN_1341","(Macia*2/SC144)-B-12-1","55338","sgh1LdIzUV191","GMS_PV2526_3821","(Macia*2/SC144)-B-12-1-1","112089","sgh1LvUbGmdSW","NO_ISSUES_IDENTIFIED","Introgression_confirmed","ADVANCE BC1F5 IN PV2627","ADVANCE BC1F5 IN PV2627","BC1F5","112089","sgh1LvUbGmdSW"
"25ALM_BC1F3s1_0564","(Macia*2/Dwarf Yellow Milo)-B-9","FOBG","25ALM_BC1F3s1_1895","GMS_MN2024_MIN_13084_09","(Macia*2/Dwarf Yellow Milo)-B-9",48411,"sgh1Ljt105t0E","GMS_PGF2025_MIN_1895","(Macia*2/Dwarf Yellow Milo)-B-9-1","55653","sgh1LZnorIJED","GMS_PV2526_3795","(Macia*2/Dwarf Yellow Milo)-B-9-1-1","111914","sgh1LrSxk4yeM","NO_ISSUES_IDENTIFIED","Introgression_confirmed","ADVANCE BC1F5 IN PV2627","ADVANCE BC1F5 IN PV2627","BC1F5","111914","sgh1LrSxk4yeM"
"25ALM_BC1F3s1_2075","(Macia*2/Dwarf Yellow Milo)-B-9","FPMD","25ALM_BC1F3s1_1912","GMS_MN2024_MIN_14066_09","(Macia*2/Dwarf Yellow Milo)-B-9",48411,"sgh1LpLRaC5mD","GMS_PGF2025_MIN_1912","(Macia*2/Dwarf Yellow Milo)-B-9-1","55653","sgh1LaINFJu14","GMS_PV2526_3796","(Macia*2/Dwarf Yellow Milo)-B-9-1-1","111914","sgh1LH8F3Tjml","NO_ISSUES_IDENTIFIED","Introgression_confirmed","ADVANCE BC1F5 IN PV2627","ADVANCE BC1F5 IN PV2627","BC1F5","111914","sgh1LH8F3Tjml"
"25ALM_BC1F3s1_2714","(Macia*2/Dwarf Yellow Milo)-B-5","FKEL","25ALM_BC1F3s1_1908","GMS_MN2024_MIN_14066_05","(Macia*2/Dwarf Yellow Milo)-B-5",48407,"sgh1LWPMDKomu","GMS_PGF2025_MIN_1908","(Macia*2/Dwarf Yellow Milo)-B-5-1","55649","sgh1LsAtLCqfR","GMS_PV2526_3794","(Macia*2/Dwarf Yellow Milo)-B-5-1-1","67860","sgh1LW3gyQ99n","NO_ISSUES_IDENTIFIED","Introgression_confirmed","ADVANCE BC1F5 IN PV2627","ADVANCE BC1F5 IN PV2627","BC1F5","67860","sgh1LW3gyQ99n"
"25ALM_BC1F3s1_0236","(Macia*2/Dwarf Yellow Milo)-B-24","FNVB","25ALM_BC1F3s1_1927","GMS_MN2024_MIN_14066_24","(Macia*2/Dwarf Yellow Milo)-B-24",48426,"sgh1L7jTH0LqW","GMS_PGF2025_MIN_1927","(Macia*2/Dwarf Yellow Milo)-B-24-1","55668","sgh1Ly2kgxNdL","GMS_PV2526_3793","(Macia*2/Dwarf Yellow Milo)-B-24-1-1","112076","sgh1L1OYg5NpY","NO_ISSUES_IDENTIFIED","Introgression_confirmed","ADVANCE BC1F5 IN PV2627","ADVANCE BC1F5 IN PV2627","BC1F5","112076","sgh1L1OYg5NpY"
"25ALM_BC1F3s1_1150","(Macia*2/Dwarf Yellow Milo)-B-13","FGSC","25ALM_BC1F3s1_1916","GMS_MN2024_MIN_14066_13","(Macia*2/Dwarf Yellow Milo)-B-13",48415,"sgh1LdJWc4g3k","GMS_PGF2025_MIN_1916","(Macia*2/Dwarf Yellow Milo)-B-13-1","55656","sgh1LIeHakEsw","GMS_PV2526_3790","(Macia*2/Dwarf Yellow Milo)-B-13-1-1","65377","sgh1LEapvVlr6","NO_ISSUES_IDENTIFIED","Introgression_confirmed","ADVANCE BC1F5 IN PV2627","ADVANCE BC1F5 IN PV2627","BC1F5","65377","sgh1LEapvVlr6"
"25ALM_BC1F3s1_2633","(Macia*2/Dwarf Yellow Milo)-B-12","FIJY","25ALM_BC1F3s1_1915","GMS_MN2024_MIN_14066_12","(Macia*2/Dwarf Yellow Milo)-B-12",48414,"sgh1Lsm9QdvMZ","GMS_PGF2025_MIN_1915","(Macia*2/Dwarf Yellow Milo)-B-12-1","55655","sgh1LlHb68VM4","GMS_PV2526_3789","(Macia*2/Dwarf Yellow Milo)-B-12-1-1","67264","sgh1LdIeha5qM","NO_ISSUES_IDENTIFIED","Introgression_confirmed","ADVANCE BC1F5 IN PV2627","ADVANCE BC1F5 IN PV2627","BC1F5","67264","sgh1LdIeha5qM"
"GMS_MN2025_122064","(IRAT204*2/SC639)-B-7","FJHN","GMS_MN2025_122064","GMS_PV2425_0167_07","(IRAT204*2/SC639)-B-7",44421,"sgh1L1nMmAHSH","GMS_MN2025_122064","(IRAT204*2/SC639)-B-7-1","55277","sgh1LBUtLBCBY","GMS_PV2526_3346","(IRAT204*2/SC639)-B-7-1-1","67154","sgh1L0ZI9knAA","NO_ISSUES_IDENTIFIED","Introgression_confirmed","ADVANCE BC1F5 IN PV2627","ADVANCE BC1F5 IN PV2627","BC1F5","67154","sgh1L0ZI9knAA"
"GMS_MN2025_108061","(IRAT204*2/SC621)-B-8","FTXQ","GMS_MN2025_108061","GMS_PV2425_0168_08","(IRAT204*2/SC621)-B-8",44437,"sgh1LkaAZHOYQ","GMS_MN2025_108061","(IRAT204*2/SC621)-B-8-1","55292","sgh1LoRfVHsx4","GMS_PV2526_3334","(IRAT204*2/SC621)-B-8-1-1","111892","sgh1L0UCRE8oz","NO_ISSUES_IDENTIFIED","Introgression_confirmed","ADVANCE BC1F5 IN PV2627","ADVANCE BC1F5 IN PV2627","BC1F5","111892","sgh1L0UCRE8oz"
"GMS_MN2025_109047","(IRAT204*2/SC621)-B-6","FWOV","GMS_MN2025_109047","GMS_PV2425_0168_06","(IRAT204*2/SC621)-B-6",44435,"sgh1Liq8HXcNt","GMS_MN2025_109047","(IRAT204*2/SC621)-B-6-1","55290","sgh1LnGYCHV3F","GMS_PV2526_3333","(IRAT204*2/SC621)-B-6-1-1","67350","sgh1L02FEZsSD","NO_ISSUES_IDENTIFIED","Introgression_confirmed","ADVANCE BC1F5 IN PV2627","ADVANCE BC1F5 IN PV2627","BC1F5","67350","sgh1L02FEZsSD"
"GMS_MN2025_133056","(IRAT204*2/SC621)-B-5","FNUH","GMS_MN2025_133056","GMS_PV2425_0168_05","(IRAT204*2/SC621)-B-5",44434,"sgh1LIpkvGCgF","GMS_MN2025_133056","(IRAT204*2/SC621)-B-5-1","55289","sgh1LJLiA525P","GMS_PV2526_3332","(IRAT204*2/SC621)-B-5-1-1","111891","sgh1L6ySr9b26","NO_ISSUES_IDENTIFIED","Introgression_confirmed","ADVANCE BC1F5 IN PV2627","ADVANCE BC1F5 IN PV2627","BC1F5","111891","sgh1L6ySr9b26"
"GMS_MN2025_127057","(IRAT204*2/SC621)-B-4","FAUI","GMS_MN2025_127057","GMS_PV2425_0168_04","(IRAT204*2/SC621)-B-4",44433,"sgh1LeCh6romA","GMS_MN2025_127057","(IRAT204*2/SC621)-B-4-1","55288","sgh1LbkACyjjc","GMS_PV2526_3331","(IRAT204*2/SC621)-B-4-1-1","65356","sgh1LXnAJ0Vpn","NO_ISSUES_IDENTIFIED","Introgression_confirmed","ADVANCE BC1F5 IN PV2627","ADVANCE BC1F5 IN PV2627","BC1F5","65356","sgh1LXnAJ0Vpn"
"GMS_MN2025_111053","(IRAT204*2/SC621)-B-3","FRZY","GMS_MN2025_111053","GMS_PV2425_0168_03","(IRAT204*2/SC621)-B-3",44432,"sgh1L2hryxcv7","GMS_MN2025_111053","(IRAT204*2/SC621)-B-3-1","55287","sgh1LDCrRu8yB","GMS_PV2526_3330","(IRAT204*2/SC621)-B-3-1-1","111890","sgh1Lm6MQ2YvT","NO_ISSUES_IDENTIFIED","Introgression_confirmed","ADVANCE BC1F5 IN PV2627","ADVANCE BC1F5 IN PV2627","BC1F5","111890","sgh1Lm6MQ2YvT"
"GMS_MN2025_131053","(IRAT204*2/SC621)-B-1","FMST","GMS_MN2025_131053","GMS_PV2425_0168_01","(IRAT204*2/SC621)-B-1",44430,"sgh1LUq2qJzH2","GMS_MN2025_131053","(IRAT204*2/SC621)-B-1-1","55285","sgh1LrC9zrQpG","GMS_PV2526_3329","(IRAT204*2/SC621)-B-1-1-1","111889","sgh1LxAYxFFt7","NO_ISSUES_IDENTIFIED","Introgression_confirmed","ADVANCE BC1F5 IN PV2627","ADVANCE BC1F5 IN PV2627","BC1F5","111889","sgh1LxAYxFFt7"
"GMS_MN2025_117050","(IRAT204*2/SC525)-B-9","FWWX","GMS_MN2025_117050","GMS_PV2425_0120_09","(IRAT204*2/SC525)-B-9",42737,"sgh1LWfKX7US6","GMS_MN2025_117050","(IRAT204*2/SC525)-B-9-1","54400","sgh1LcZsuefZl","GMS_PV2526_3307","(IRAT204*2/SC525)-B-9-1-1","65581","sgh1LjsU5VOh7","NO_ISSUES_IDENTIFIED","Introgression_confirmed","ADVANCE BC1F5 IN PV2627","ADVANCE BC1F5 IN PV2627","BC1F5","65581","sgh1LjsU5VOh7"
"GMS_MN2025_133047","(IRAT204*2/SC525)-B-8","FLTX","GMS_MN2025_133047","GMS_PV2425_0120_08","(IRAT204*2/SC525)-B-8",42736,"sgh1LhLFOh4JK","GMS_MN2025_133047","(IRAT204*2/SC525)-B-8-1","54217","sgh1L4DirH8Ck","GMS_PV2526_3306","(IRAT204*2/SC525)-B-8-1-1","111881","sgh1Lzml2edWf","NO_ISSUES_IDENTIFIED","Introgression_confirmed","ADVANCE BC1F5 IN PV2627","ADVANCE BC1F5 IN PV2627","BC1F5","111881","sgh1Lzml2edWf"
"GMS_MN2025_132052","(IRAT204*2/SC525)-B-2","FOIQ","GMS_MN2025_132052","GMS_PV2425_0120_02","(IRAT204*2/SC525)-B-2",42730,"sgh1L0w2WKin4","GMS_MN2025_132052","(IRAT204*2/SC525)-B-2-1","54211","sgh1LnZYVLiSq","GMS_PV2526_3300","(IRAT204*2/SC525)-B-2-1-1","111880","sgh1LWUSLxpjK","NO_ISSUES_IDENTIFIED","Introgression_confirmed","ADVANCE BC1F5 IN PV2627","ADVANCE BC1F5 IN PV2627","BC1F5","111880","sgh1LWUSLxpjK"
"GMS_MN2025_126044","(IRAT204*2/SC525)-B-1","FSPU","GMS_MN2025_126044","GMS_PV2425_0120_01","(IRAT204*2/SC525)-B-1",42729,"sgh1LIhQTpKFf","GMS_MN2025_126044","(IRAT204*2/SC525)-B-1-1","54210","sgh1LlGxNB7Hf","GMS_PV2526_3299","(IRAT204*2/SC525)-B-1-1-1","67839","sgh1L4ALK6aLk","NO_ISSUES_IDENTIFIED","Introgression_confirmed","ADVANCE BC1F5 IN PV2627","ADVANCE BC1F5 IN PV2627","BC1F5","67839","sgh1L4ALK6aLk"
"GMS_MN2025_116060","(IRAT204*2/SC49)-B-9","FVMC","GMS_MN2025_116060","GMS_PV2425_0148_09","(IRAT204*2/SC49)-B-9",42857,"sgh1LBCiYfFBD","GMS_MN2025_116060","(IRAT204*2/SC49)-B-9-1","54322","sgh1LLKQik6LK","GMS_PV2526_3286","(IRAT204*2/SC49)-B-9-1-1","67596","sgh1LhNzoFYY8","NO_ISSUES_IDENTIFIED","Introgression_confirmed","ADVANCE BC1F5 IN PV2627","ADVANCE BC1F5 IN PV2627","BC1F5","67596","sgh1LhNzoFYY8"
"GMS_MN2025_114049","(IRAT204*2/SC49)-B-5","FQWP","GMS_MN2025_114049","GMS_PV2425_0148_05","(IRAT204*2/SC49)-B-5",42853,"sgh1L4mE2b4Rm","GMS_MN2025_114049","(IRAT204*2/SC49)-B-5-1","57628","sgh1LFwO9bsPH","GMS_PV2526_3285","(IRAT204*2/SC49)-B-5-1-1","111879","sgh1L0Rg3t36j","NO_ISSUES_IDENTIFIED","Introgression_confirmed","ADVANCE BC1F5 IN PV2627","ADVANCE BC1F5 IN PV2627","BC1F5","111879","sgh1L0Rg3t36j"
"GMS_MN2025_131055","(IRAT204*2/SC391)-B-7","FKUT","GMS_MN2025_131055","GMS_PV2425_0151_07","(IRAT204*2/SC391)-B-7",42900,"sgh1LzNW19pXt","GMS_MN2025_131055","(IRAT204*2/SC391)-B-7-1","54360","sgh1LPOPmM3GX","GMS_PV2526_3280","(IRAT204*2/SC391)-B-7-1-1","67100","sgh1LLipjAFkf","NO_ISSUES_IDENTIFIED","Introgression_confirmed","ADVANCE BC1F5 IN PV2627","ADVANCE BC1F5 IN PV2627","BC1F5","67100","sgh1LLipjAFkf"
"GMS_MN2025_223107","(IRAT204*2/SC391)-B-4","FRTY","GMS_MN2025_223107","GMS_PV2425_0151_04","(IRAT204*2/SC391)-B-4",42897,"sgh1LIZ2SLIWj","GMS_MN2025_223107","(IRAT204*2/SC391)-B-4-1","54359","sgh1LzT7h8etI","GMS_PV2526_3279","(IRAT204*2/SC391)-B-4-1-1","67784","sgh1LmBhjfGC8","NO_ISSUES_IDENTIFIED","Introgression_confirmed","ADVANCE BC1F5 IN PV2627","ADVANCE BC1F5 IN PV2627","BC1F5","67784","sgh1LmBhjfGC8"
"GMS_MN2025_104056","(IRAT204*2/SC301)-B-8","FVYX","GMS_MN2025_104056","GMS_PV2425_0159_08","(IRAT204*2/SC301)-B-8",43312,"sgh1LDxrPpeEA","GMS_MN2025_104056","(IRAT204*2/SC301)-B-8-1","54625","sgh1LCoga1EdP","GMS_PV2526_3269","(IRAT204*2/SC301)-B-8-1-1","65591","sgh1LdEtVE1dc","NO_ISSUES_IDENTIFIED","Introgression_confirmed","ADVANCE BC1F5 IN PV2627","ADVANCE BC1F5 IN PV2627","BC1F5","65591","sgh1LdEtVE1dc"
"GMS_MN2025_111058","(IRAT204*2/SC301)-B-3","FJGE","GMS_MN2025_111058","GMS_PV2425_0159_03","(IRAT204*2/SC301)-B-3",43307,"sgh1L6wpUSUDx","GMS_MN2025_111058","(IRAT204*2/SC301)-B-3-1","54621","sgh1Lvb57lZr1","GMS_PV2526_3268","(IRAT204*2/SC301)-B-3-1-1","65684","sgh1LW7ePdXPP","NO_ISSUES_IDENTIFIED","Introgression_confirmed","ADVANCE BC1F5 IN PV2627","ADVANCE BC1F5 IN PV2627","BC1F5","65684","sgh1LW7ePdXPP"
"GMS_MN2025_123061","(IRAT204*2/SC301)-B-10","FBXT","GMS_MN2025_123061","GMS_PV2425_0159_10","(IRAT204*2/SC301)-B-10",43314,"sgh1Lqwd6Gg87","GMS_MN2025_123061","(IRAT204*2/SC301)-B-10-1","54626","sgh1LrPDZs0Ye","GMS_PV2526_3267","(IRAT204*2/SC301)-B-10-1-1","65551","sgh1Lxo0R4JmO","NO_ISSUES_IDENTIFIED","Introgression_confirmed","ADVANCE BC1F5 IN PV2627","ADVANCE BC1F5 IN PV2627","BC1F5","65551","sgh1Lxo0R4JmO"
"GMS_MN2025_131059","(IRAT204*2/SC301)-B-1","FRUY","GMS_MN2025_131059","GMS_PV2425_0159_01","(IRAT204*2/SC301)-B-1",43305,"sgh1LyrIsShk8","GMS_MN2025_131059","(IRAT204*2/SC301)-B-1-1","54619","sgh1LqN8SPFJd","GMS_PV2526_3266","(IRAT204*2/SC301)-B-1-1-1","65360","sgh1LPI4N6oZX","NO_ISSUES_IDENTIFIED","Introgression_confirmed","ADVANCE BC1F5 IN PV2627","ADVANCE BC1F5 IN PV2627","BC1F5","65360","sgh1LPI4N6oZX"
"GMS_MN2025_122063","(IRAT204*2/SC295)-B-4","FEUK","GMS_MN2025_122063","GMS_PV2425_0160_04","(IRAT204*2/SC295)-B-4",43323,"sgh1LSmRoOrlA","GMS_MN2025_122063","(IRAT204*2/SC295)-B-4-1","54634","sgh1LCcjbB3hr","GMS_PV2526_3265","(IRAT204*2/SC295)-B-4-1-1","67186","sgh1L8UQdTgz2","NO_ISSUES_IDENTIFIED","Introgression_confirmed","ADVANCE BC1F5 IN PV2627","ADVANCE BC1F5 IN PV2627","BC1F5","67186","sgh1L8UQdTgz2"
"GMS_MN2025_115054","(IRAT204*2/SC1465)-B-7","FXZL","GMS_MN2025_115054","GMS_PV2425_0135_07","(IRAT204*2/SC1465)-B-7",43836,"sgh1LYvqfykxn","GMS_MN2025_115054","(IRAT204*2/SC1465)-B-7-1","57625","sgh1Ln5Lv03Cn","GMS_PV2526_3242","(IRAT204*2/SC1465)-B-7-1-1","111871","sgh1Lt9PZEq88","NO_ISSUES_IDENTIFIED","Introgression_confirmed","ADVANCE BC1F5 IN PV2627","ADVANCE BC1F5 IN PV2627","BC1F5","111871","sgh1Lt9PZEq88"
"GMS_MN2025_129050","(IRAT204*2/SC1465)-B-10","FCDZ","GMS_MN2025_129050","GMS_PV2425_0135_10","(IRAT204*2/SC1465)-B-10",43839,"sgh1LHrQllGnO","GMS_MN2025_129050","(IRAT204*2/SC1465)-B-10-1","54861","sgh1L6SEwJCx9","GMS_PV2526_3241","(IRAT204*2/SC1465)-B-10-1-1","111870","sgh1LIhWvorw7","NO_ISSUES_IDENTIFIED","Introgression_confirmed","ADVANCE BC1F5 IN PV2627","ADVANCE BC1F5 IN PV2627","BC1F5","111870","sgh1LIhWvorw7"
"GMS_MN2025_107046","(IRAT204*2/SC1465)-B-1","FAAB","GMS_MN2025_107046","GMS_PV2425_0135_01","(IRAT204*2/SC1465)-B-1",43830,"sgh1LduQHmVqy","GMS_MN2025_107046","(IRAT204*2/SC1465)-B-1-1","54853","sgh1LkmthLIpa","GMS_PV2526_3240","(IRAT204*2/SC1465)-B-1-1-1","111869","sgh1LxATMMrOY","NO_ISSUES_IDENTIFIED","Introgression_confirmed","ADVANCE BC1F5 IN PV2627","ADVANCE BC1F5 IN PV2627","BC1F5","111869","sgh1LxATMMrOY"
"GMS_MN2025_104048","(IRAT204*2/SC1439)-B-9","FLDJ","GMS_MN2025_104048","GMS_PV2425_0122_09","(IRAT204*2/SC1439)-B-9",43058,"sgh1LI4Nyghxe","GMS_MN2025_104048","(IRAT204*2/SC1439)-B-9-1","54417","sgh1LWFp7D1F2","GMS_PV2526_3239","(IRAT204*2/SC1439)-B-9-1-1","65435","sgh1LQDSugT5G","NO_ISSUES_IDENTIFIED","Introgression_confirmed","ADVANCE BC1F5 IN PV2627","ADVANCE BC1F5 IN PV2627","BC1F5","65435","sgh1LQDSugT5G"
"GMS_MN2025_131060","(IRAT204*2/SC1439)-B-7","FMNG","GMS_MN2025_131060","GMS_PV2425_0122_07","(IRAT204*2/SC1439)-B-7",43056,"sgh1LV3GBsq5l","GMS_MN2025_131060","(IRAT204*2/SC1439)-B-7-1","54415","sgh1L69L7Fkne","GMS_PV2526_3238","(IRAT204*2/SC1439)-B-7-1-1","111868","sgh1LkJtDwFqB","NO_ISSUES_IDENTIFIED","Introgression_confirmed","ADVANCE BC1F5 IN PV2627","ADVANCE BC1F5 IN PV2627","BC1F5","111868","sgh1LkJtDwFqB"
"GMS_MN2025_107057","(IRAT204*2/SC1429)-B-4","FRWU","GMS_MN2025_107057","GMS_PV2425_0142_04","(IRAT204*2/SC1429)-B-4",42762,"sgh1LoV2KJu63","GMS_MN2025_107057","(IRAT204*2/SC1429)-B-4-1","54238","sgh1LuvRFMJSn","GMS_PV2526_3236","(IRAT204*2/SC1429)-B-4-1-1","67384","sgh1LB0v7EPmx","NO_ISSUES_IDENTIFIED","Introgression_confirmed","ADVANCE BC1F5 IN PV2627","ADVANCE BC1F5 IN PV2627","BC1F5","67384","sgh1LB0v7EPmx"
"GMS_MN2025_113063","(IRAT204*2/SC1074)-B-8","FFKK","GMS_MN2025_113063","GMS_PV2425_0231_08","(IRAT204*2/SC1074)-B-8",42721,"sgh1LuP2Tfndi","GMS_MN2025_113063","(IRAT204*2/SC1074)-B-8-1","54202","sgh1LxoDXNEa5","GMS_PV2526_3205","(IRAT204*2/SC1074)-B-8-1-1","67361","sgh1Lh8304N61","NO_ISSUES_IDENTIFIED","Introgression_confirmed","ADVANCE BC1F5 IN PV2627","ADVANCE BC1F5 IN PV2627","BC1F5","67361","sgh1Lh8304N61"
"GMS_MN2025_115051","(IRAT204*2/SC1074)-B-6","FUHD","GMS_MN2025_115051","GMS_PV2425_0231_06","(IRAT204*2/SC1074)-B-6",42719,"sgh1LZFvniiGq","GMS_MN2025_115051","(IRAT204*2/SC1074)-B-6-1","54201","sgh1Lw1zidGTj","GMS_PV2526_3204","(IRAT204*2/SC1074)-B-6-1-1","67580","sgh1LSezvrTSz","NO_ISSUES_IDENTIFIED","Introgression_confirmed","ADVANCE BC1F5 IN PV2627","ADVANCE BC1F5 IN PV2627","BC1F5","67580","sgh1LSezvrTSz"
"GMS_MN2025_217106","(IRAT204*2/SC1074)-B-1","FECM","GMS_MN2025_217106","GMS_PV2425_0139_01","(IRAT204*2/SC1074)-B-1",42714,"sgh1LIR1dBmpq","GMS_MN2025_217106","(IRAT204*2/SC1074)-B-1-1","54198","sgh1LkRhg4zk1","GMS_PV2526_3202","(IRAT204*2/SC1074)-B-1-1-1","65478","sgh1LwW3c3DyR","NO_ISSUES_IDENTIFIED","Introgression_confirmed","ADVANCE BC1F5 IN PV2627","ADVANCE BC1F5 IN PV2627","BC1F5","65478","sgh1LwW3c3DyR"
"GMS_MN2025_218106","(IRAT204*2/SC1074)-B-1","FENJ","GMS_MN2025_218106","GMS_PV2425_0139_01","(IRAT204*2/SC1074)-B-1",42714,"sgh1LIR1dBmpq","GMS_MN2025_218106","(IRAT204*2/SC1074)-B-1-1","54198","sgh1LnitBqntq","GMS_PV2526_3203","(IRAT204*2/SC1074)-B-1-1-1","65478","sgh1LUgsyL74t","NO_ISSUES_IDENTIFIED","Introgression_confirmed","ADVANCE BC1F5 IN PV2627","ADVANCE BC1F5 IN PV2627","BC1F5","65478","sgh1LUgsyL74t"
"GMS_MN2025_113065","(IRAT204*2/SC170-6-17)-B-8","FOSG","GMS_MN2025_113065","GMS_PV2425_0146_08","(IRAT204*2/SC170-6-17)-B-8",42826,"sgh1LXG61pG6m","GMS_MN2025_113065","(IRAT204*2/SC170-6-17)-B-8-1","54295","sgh1LzMsiac1U","GMS_PV2526_3261","(IRAT204*2/SC170-6-17)-B-8-1-1","67515","sgh1LRu4vB4Fq","NO_ISSUES_IDENTIFIED","Introgression_confirmed","ADVANCE BC1F5 IN PV2627","ADVANCE BC1F5 IN PV2627","BC1F5","67515","sgh1LRu4vB4Fq"
"GMS_MN2025_116055","(IRAT204*2/SC170-6-17)-B-7","FWUW","GMS_MN2025_116055","GMS_PV2425_0146_07","(IRAT204*2/SC170-6-17)-B-7",42825,"sgh1LW80flS9p","GMS_MN2025_116055","(IRAT204*2/SC170-6-17)-B-7-1","54294","sgh1LlpZ1sLyu","GMS_PV2526_3260","(IRAT204*2/SC170-6-17)-B-7-1-1","65376","sgh1LN9aaBbDr","NO_ISSUES_IDENTIFIED","Introgression_confirmed","ADVANCE BC1F5 IN PV2627","ADVANCE BC1F5 IN PV2627","BC1F5","65376","sgh1LN9aaBbDr"
"GMS_MN2025_112056","(IRAT204*2/SC170-6-17)-B-4","FMNE","GMS_MN2025_112056","GMS_PV2425_0146_04","(IRAT204*2/SC170-6-17)-B-4",42822,"sgh1LC9mlmKu7","GMS_MN2025_112056","(IRAT204*2/SC170-6-17)-B-4-1","54291","sgh1LNP4B7Ds8","GMS_PV2526_3259","(IRAT204*2/SC170-6-17)-B-4-1-1","111873","sgh1LfJK7K3O2","NO_ISSUES_IDENTIFIED","Introgression_confirmed","ADVANCE BC1F5 IN PV2627","ADVANCE BC1F5 IN PV2627","BC1F5","111873","sgh1LfJK7K3O2"
"GMS_MN2025_120045","(IRAT204*2/P9517)-B-9","FYRI","GMS_MN2025_120045","GMS_PV2425_0143_09","(IRAT204*2/P9517)-B-9",42782,"sgh1LhbYk4JYH","GMS_MN2025_120045","(IRAT204*2/P9517)-B-9-1","54255","sgh1L3auqFeNR","GMS_PV2526_3180","(IRAT204*2/P9517)-B-9-1-1","65536","sgh1L1MRyggO4","NO_ISSUES_IDENTIFIED","Introgression_confirmed","ADVANCE BC1F5 IN PV2627","ADVANCE BC1F5 IN PV2627","BC1F5","65536","sgh1L1MRyggO4"
"GMS_MN2025_127048","(IRAT204*2/P9517)-B-6","FRYF","GMS_MN2025_127048","GMS_PV2425_0143_06","(IRAT204*2/P9517)-B-6",42779,"sgh1L0OsuMo5X","GMS_MN2025_127048","(IRAT204*2/P9517)-B-6-1","54253","sgh1LhOK7VNOH","GMS_PV2526_3179","(IRAT204*2/P9517)-B-6-1-1","67140","sgh1LL2OFuhl9","NO_ISSUES_IDENTIFIED","Introgression_confirmed","ADVANCE BC1F5 IN PV2627","ADVANCE BC1F5 IN PV2627","BC1F5","67140","sgh1LL2OFuhl9"
"GMS_MN2025_134066","(IRAT204*2/P9517)-B-3","FQFK","GMS_MN2025_134066","GMS_PV2425_0143_03","(IRAT204*2/P9517)-B-3",42776,"sgh1LrAMmgbEt","GMS_MN2025_134066","(IRAT204*2/P9517)-B-3-1","54250","sgh1LwyJZRXzX","GMS_PV2526_3178","(IRAT204*2/P9517)-B-3-1-1","65589","sgh1LiL2jcoeK","NO_ISSUES_IDENTIFIED","Introgression_confirmed","ADVANCE BC1F5 IN PV2627","ADVANCE BC1F5 IN PV2627","BC1F5","65589","sgh1LiL2jcoeK"
"GMS_MN2025_112059","(IRAT204*2/P9517)-B-10","FVTE","GMS_MN2025_112059","GMS_PV2425_0143_10","(IRAT204*2/P9517)-B-10",42783,"sgh1LgEP6xWuV","GMS_MN2025_112059","(IRAT204*2/P9517)-B-10-1","54256","sgh1LJCIy6eKU","GMS_PV2526_3177","(IRAT204*2/P9517)-B-10-1-1","65762","sgh1LX2qzBbyp","NO_ISSUES_IDENTIFIED","Introgression_confirmed","ADVANCE BC1F5 IN PV2627","ADVANCE BC1F5 IN PV2627","BC1F5","65762","sgh1LX2qzBbyp"
"GMS_MN2025_107054","(IRAT204*2/Soberano)-B-9","FPXZ","GMS_MN2025_107054","GMS_PV2425_0228_09","(IRAT204*2/Soberano)-B-9",48628,"sgh1LkXe0pOkW","GMS_MN2025_107054","(IRAT204*2/Soberano)-B-9-1","55873","sgh1L4bh7Fljv","GMS_PV2526_3399","(IRAT204*2/Soberano)-B-9-1-1","65497","sgh1Li6dL98Vk","NO_ISSUES_IDENTIFIED","Introgression_confirmed","ADVANCE BC1F5 IN PV2627","ADVANCE BC1F5 IN PV2627","BC1F5","65497","sgh1Li6dL98Vk"
"GMS_MN2025_112044","(IRAT204*2/Soberano)-B-9","FOSH","GMS_MN2025_112044","GMS_PV2425_0227_09","(IRAT204*2/Soberano)-B-9",48628,"sgh1L9E4rNAPA","GMS_MN2025_112044","(IRAT204*2/Soberano)-B-9-1","55873","sgh1L3ihhzYRQ","GMS_PV2526_3400","(IRAT204*2/Soberano)-B-9-1-1","65497","sgh1L4W6PiTeS","NO_ISSUES_IDENTIFIED","Introgression_confirmed","ADVANCE BC1F5 IN PV2627","ADVANCE BC1F5 IN PV2627","BC1F5","65497","sgh1L4W6PiTeS"
"GMS_MN2025_118057","(IRAT204*2/Soberano)-B-8","FJPO","GMS_MN2025_118057","GMS_PV2425_0227_08","(IRAT204*2/Soberano)-B-8",48627,"sgh1L0TC4fLDR","GMS_MN2025_118057","(IRAT204*2/Soberano)-B-8-1","55875","sgh1LBt1KOclJ","GMS_PV2526_3398","(IRAT204*2/Soberano)-B-8-1-1","65708","sgh1L8tprnhM3","NO_ISSUES_IDENTIFIED","Introgression_confirmed","ADVANCE BC1F5 IN PV2627","ADVANCE BC1F5 IN PV2627","BC1F5","65708","sgh1L8tprnhM3"
"GMS_MN2025_121056","(IRAT204*2/Soberano)-B-7","FNXL","GMS_MN2025_121056","GMS_PV2425_0227_07","(IRAT204*2/Soberano)-B-7",48243,"sgh1L1krSBhGg","GMS_MN2025_121056","(IRAT204*2/Soberano)-B-7-1","55489","sgh1L0LCMCZQa","GMS_PV2526_3397","(IRAT204*2/Soberano)-B-7-1-1","65744","sgh1Lys7Y6Emd","NO_ISSUES_IDENTIFIED","Introgression_confirmed","ADVANCE BC1F5 IN PV2627","ADVANCE BC1F5 IN PV2627","BC1F5","65744","sgh1Lys7Y6Emd"
"GMS_MN2025_128044","(IRAT204*2/Soberano)-B-5","FUTH","GMS_MN2025_128044","GMS_PV2425_0228_05","(IRAT204*2/Soberano)-B-5",48241,"sgh1LVcbtwcUO","GMS_MN2025_128044","(IRAT204*2/Soberano)-B-5-1","55487","sgh1LCrM6npWn","GMS_PV2526_3396","(IRAT204*2/Soberano)-B-5-1-1","65476","sgh1LB20GjvC8","NO_ISSUES_IDENTIFIED","Introgression_confirmed","ADVANCE BC1F5 IN PV2627","ADVANCE BC1F5 IN PV2627","BC1F5","65476","sgh1LB20GjvC8"
"GMS_MN2025_107058","(IRAT204*2/Soberano)-B-2","FPXS","GMS_MN2025_107058","GMS_PV2425_0227_02","(IRAT204*2/Soberano)-B-2",48238,"sgh1LyuZufrL4","GMS_MN2025_107058","(IRAT204*2/Soberano)-B-2-1","55484","sgh1LssL2RG1g","GMS_PV2526_3394","(IRAT204*2/Soberano)-B-2-1-1","65563","sgh1LQiFNrs4k","NO_ISSUES_IDENTIFIED","Introgression_confirmed","ADVANCE BC1F5 IN PV2627","ADVANCE BC1F5 IN PV2627","BC1F5","65563","sgh1LQiFNrs4k"
"GMS_MN2025_130052","(IRAT204*2/Soberano)-B-2","FIFM","GMS_MN2025_130052","GMS_PV2425_0228_02","(IRAT204*2/Soberano)-B-2",48238,"sgh1LDhFitZEg","GMS_MN2025_130052","(IRAT204*2/Soberano)-B-2-1","55484","sgh1L4IDw09LJ","GMS_PV2526_3395","(IRAT204*2/Soberano)-B-2-1-1","65563","sgh1LjRnkZgR7","NO_ISSUES_IDENTIFIED","Introgression_confirmed","ADVANCE BC1F5 IN PV2627","ADVANCE BC1F5 IN PV2627","BC1F5","65563","sgh1LjRnkZgR7"
"GMS_MN2025_115048","(IRAT204*2/Shan Qui Red)-B-7","FGPP","GMS_MN2025_115048","GMS_PV2425_0149_07","(IRAT204*2/Shan Qui Red)-B-7",42870,"sgh1LdXZ1GQUn","GMS_MN2025_115048","(IRAT204*2/Shan Qui Red)-B-7-1","54335","sgh1L4k6TMqsI","GMS_PV2526_3393","(IRAT204*2/Shan Qui Red)-B-7-1-1","67090","sgh1LYgwY3wRi","NO_ISSUES_IDENTIFIED","Introgression_confirmed","ADVANCE BC1F5 IN PV2627","ADVANCE BC1F5 IN PV2627","BC1F5","67090","sgh1LYgwY3wRi"
"GMS_MN2025_106057","(IRAT204*2/Shan Qui Red)-B-5","FLCT","GMS_MN2025_106057","GMS_PV2425_0149_05","(IRAT204*2/Shan Qui Red)-B-5",42868,"sgh1Lt9i6rdNo","GMS_MN2025_106057","(IRAT204*2/Shan Qui Red)-B-5-1","54333","sgh1LFzqij6yp","GMS_PV2526_3392","(IRAT204*2/Shan Qui Red)-B-5-1-1","67705","sgh1L4T2lI90f","NO_ISSUES_IDENTIFIED","Introgression_confirmed","ADVANCE BC1F5 IN PV2627","ADVANCE BC1F5 IN PV2627","BC1F5","67705","sgh1L4T2lI90f"
"GMS_MN2025_110051","(IRAT204*2/Shan Qui Red)-B-2","FVFR","GMS_MN2025_110051","GMS_PV2425_0149_02","(IRAT204*2/Shan Qui Red)-B-2",42865,"sgh1LQLnFFfcK","GMS_MN2025_110051","(IRAT204*2/Shan Qui Red)-B-2-1","54330","sgh1LUGkf6Vfc","GMS_PV2526_3391","(IRAT204*2/Shan Qui Red)-B-2-1-1","65686","sgh1LDhyTjaHa","NO_ISSUES_IDENTIFIED","Introgression_confirmed","ADVANCE BC1F5 IN PV2627","ADVANCE BC1F5 IN PV2627","BC1F5","65686","sgh1LDhyTjaHa"
"GMS_MN2025_135051","(IRAT204*2/BTx3042)-B-8","FFWU","GMS_MN2025_135051","GMS_PV2425_0123_08","(IRAT204*2/BTx3042)-B-8",43072,"sgh1LO9wFBmp1","GMS_MN2025_135051","(IRAT204*2/BTx3042)-B-8-1","54429","sgh1LUoOvxG4n","GMS_PV2526_3155","(IRAT204*2/BTx3042)-B-8-1-1","65396","sgh1L39ufQPh8","NO_ISSUES_IDENTIFIED","Introgression_confirmed","ADVANCE BC1F5 IN PV2627","ADVANCE BC1F5 IN PV2627","BC1F5","65396","sgh1L39ufQPh8"
"GMS_MN2025_116048","(IRAT204*2/BTx3042)-B-2","FDWK","GMS_MN2025_116048","GMS_PV2425_0123_02","(IRAT204*2/BTx3042)-B-2",43066,"sgh1LMsKijPUR","GMS_MN2025_116048","(IRAT204*2/BTx3042)-B-2-1","54425","sgh1Ld1dmcg8o","GMS_PV2526_3153","(IRAT204*2/BTx3042)-B-2-1-1","65362","sgh1Lz9y4ljy2","NO_ISSUES_IDENTIFIED","Introgression_confirmed","ADVANCE BC1F5 IN PV2627","ADVANCE BC1F5 IN PV2627","BC1F5","65362","sgh1Lz9y4ljy2"
"GMS_MN2025_128047","(IRAT204*2/01MN1589-B)-B-9","FPQL","GMS_MN2025_128047","GMS_PV2425_0165_09","(IRAT204*2/01MN1589-B)-B-9",44393,"sgh1LHMfwihox","GMS_MN2025_128047","(IRAT204*2/01MN1589-B)-B-9-1","55250","sgh1LuiHD3PjI","GMS_PV2526_3151","(IRAT204*2/01MN1589-B)-B-9-1-1","111853","sgh1LnlpbSAtT","NO_ISSUES_IDENTIFIED","Introgression_confirmed","ADVANCE BC1F5 IN PV2627","ADVANCE BC1F5 IN PV2627","BC1F5","111853","sgh1LnlpbSAtT"
"GMS_MN2025_114057","(IRAT204*2/01MN1589-B)-B-8","FYBP","GMS_MN2025_114057","GMS_PV2425_0165_08","(IRAT204*2/01MN1589-B)-B-8",44392,"sgh1LEevdL8UB","GMS_MN2025_114057","(IRAT204*2/01MN1589-B)-B-8-1","55249","sgh1LjDimLSmV","GMS_PV2526_3150","(IRAT204*2/01MN1589-B)-B-8-1-1","111852","sgh1LoilR3Gud","NO_ISSUES_IDENTIFIED","Introgression_confirmed","ADVANCE BC1F5 IN PV2627","ADVANCE BC1F5 IN PV2627","BC1F5","111852","sgh1LoilR3Gud"
"GMS_MN2025_127044","(IRAT204*2/01MN1589-B)-B-6","FCSV","GMS_MN2025_127044","GMS_PV2425_0165_06","(IRAT204*2/01MN1589-B)-B-6",44390,"sgh1L3oVV30ls","GMS_MN2025_127044","(IRAT204*2/01MN1589-B)-B-6-1","55247","sgh1L3RpCAlf9","GMS_PV2526_3149","(IRAT204*2/01MN1589-B)-B-6-1-1","67864","sgh1LbhI20uWS","NO_ISSUES_IDENTIFIED","Introgression_confirmed","ADVANCE BC1F5 IN PV2627","ADVANCE BC1F5 IN PV2627","BC1F5","67864","sgh1LbhI20uWS"
"GMS_MN2025_124065","(IRAT204*2/01MN1589-B)-B-5","FFZR","GMS_MN2025_124065","GMS_PV2425_0165_05","(IRAT204*2/01MN1589-B)-B-5",44389,"sgh1LuCulXGqU","GMS_MN2025_124065","(IRAT204*2/01MN1589-B)-B-5-1","55246","sgh1LKuQFebJM","GMS_PV2526_3148","(IRAT204*2/01MN1589-B)-B-5-1-1","111851","sgh1LZ8uMPuQR","NO_ISSUES_IDENTIFIED","Introgression_confirmed","ADVANCE BC1F5 IN PV2627","ADVANCE BC1F5 IN PV2627","BC1F5","111851","sgh1LZ8uMPuQR"
"GMS_MN2025_117064","(IRAT204*2/01MN1589-B)-B-2","FBMS","GMS_MN2025_117064","GMS_PV2425_0165_02","(IRAT204*2/01MN1589-B)-B-2",44386,"sgh1LIkZjnevq","GMS_MN2025_117064","(IRAT204*2/01MN1589-B)-B-2-1","55243","sgh1L92u8yVEn","GMS_PV2526_3146","(IRAT204*2/01MN1589-B)-B-2-1-1","111849","sgh1LlUzsTdOi","NO_ISSUES_IDENTIFIED","Introgression_confirmed","ADVANCE BC1F5 IN PV2627","ADVANCE BC1F5 IN PV2627","BC1F5","111849","sgh1LlUzsTdOi"
"GMS_MN2025_115064","(IRAT204*2/01MN1589-B)-B-10","FNCW","GMS_MN2025_115064","GMS_PV2425_0165_10","(IRAT204*2/01MN1589-B)-B-10",44394,"sgh1L3GUOPzPV","GMS_MN2025_115064","(IRAT204*2/01MN1589-B)-B-10-1","55251","sgh1LfqU72kTm","GMS_PV2526_3145","(IRAT204*2/01MN1589-B)-B-10-1-1","111848","sgh1L1J1VhiEK","NO_ISSUES_IDENTIFIED","Introgression_confirmed","ADVANCE BC1F5 IN PV2627","ADVANCE BC1F5 IN PV2627","BC1F5","111848","sgh1L1J1VhiEK"
"GMS_MN2025_116051","(IRAT204*2/01MN1589-B)-B-1","FCTS","GMS_MN2025_116051","GMS_PV2425_0165_01","(IRAT204*2/01MN1589-B)-B-1",44385,"sgh1LuLZqGDej","GMS_MN2025_116051","(IRAT204*2/01MN1589-B)-B-1-1","55242","sgh1LUB3gxbwa","GMS_PV2526_3152","(IRAT204*2/01MN1589-B)-B-1-1-1","111854","sgh1LF9VrWdXY","NO_ISSUES_IDENTIFIED","Introgression_confirmed","ADVANCE BC1F5 IN PV2627","ADVANCE BC1F5 IN PV2627","BC1F5","111854","sgh1LF9VrWdXY"
"GMS_MN2025_113056","(IRAT204*2/BTx399)-B-5","FYRH","GMS_MN2025_113056","GMS_PV2425_0145_05","(IRAT204*2/BTx399)-B-5",42808,"sgh1Lmb0xADqL","GMS_MN2025_113056","(IRAT204*2/BTx399)-B-5-1","54278","sgh1Ld6teVZSK","GMS_PV2526_3165","(IRAT204*2/BTx399)-B-5-1-1","67535","sgh1LYVQKnUeo","NO_ISSUES_IDENTIFIED","Introgression_confirmed","ADVANCE BC1F5 IN PV2627","ADVANCE BC1F5 IN PV2627","BC1F5","67535","sgh1LYVQKnUeo"
"GMS_MN2025_116063","(IRAT204*2/BTx399)-B-4","FTHO","GMS_MN2025_116063","GMS_PV2425_0145_04","(IRAT204*2/BTx399)-B-4",42807,"sgh1L5wyPp5GD","GMS_MN2025_116063","(IRAT204*2/BTx399)-B-4-1","54277","sgh1L2btXAuF6","GMS_PV2526_3164","(IRAT204*2/BTx399)-B-4-1-1","65446","sgh1LWGo4DDIG","NO_ISSUES_IDENTIFIED","Introgression_confirmed","ADVANCE BC1F5 IN PV2627","ADVANCE BC1F5 IN PV2627","BC1F5","65446","sgh1LWGo4DDIG"
"GMS_MN2025_135063","(IRAT204*2/BTx399)-B-3","FTWS","GMS_MN2025_135063","GMS_PV2425_0145_03","(IRAT204*2/BTx399)-B-3",42806,"sgh1LkMZBuVHX","GMS_MN2025_135063","(IRAT204*2/BTx399)-B-3-1","57627","sgh1L8hevTe3l","GMS_PV2526_3163","(IRAT204*2/BTx399)-B-3-1-1","111858","sgh1LaJXDwpfL","NO_ISSUES_IDENTIFIED","Introgression_confirmed","ADVANCE BC1F5 IN PV2627","ADVANCE BC1F5 IN PV2627","BC1F5","111858","sgh1LaJXDwpfL"
"GMS_MN2025_105061","(IRAT204*2/BTx399)-B-2","FWNB","GMS_MN2025_105061","GMS_PV2425_0145_02","(IRAT204*2/BTx399)-B-2",42805,"sgh1Ljjhl8fr6","GMS_MN2025_105061","(IRAT204*2/BTx399)-B-2-1","54276","sgh1LJ1cYXocs","GMS_PV2526_3162","(IRAT204*2/BTx399)-B-2-1-1","65656","sgh1LxFK26PEp","NO_ISSUES_IDENTIFIED","Introgression_confirmed","ADVANCE BC1F5 IN PV2627","ADVANCE BC1F5 IN PV2627","BC1F5","65656","sgh1LxFK26PEp"
"GMS_MN2025_131052","(IRAT204*2/BTx3197)-B-8","FFCX","GMS_MN2025_131052","GMS_PV2425_0129_08","(IRAT204*2/BTx3197)-B-8",43747,"sgh1LZZ9B5rL4","GMS_MN2025_131052","(IRAT204*2/BTx3197)-B-8-1","54773","sgh1LT7s1nmGk","GMS_PV2526_3161","(IRAT204*2/BTx3197)-B-8-1-1","111857","sgh1LNM5v5L4z","NO_ISSUES_IDENTIFIED","Introgression_confirmed","ADVANCE BC1F5 IN PV2627","ADVANCE BC1F5 IN PV2627","BC1F5","111857","sgh1LNM5v5L4z"
"GMS_MN2025_127055","(IRAT204*2/BTx3197)-B-7","FCWF","GMS_MN2025_127055","GMS_PV2425_0129_07","(IRAT204*2/BTx3197)-B-7",43746,"sgh1Lhypf51Cm","GMS_MN2025_127055","(IRAT204*2/BTx3197)-B-7-1","54772","sgh1LipTNIP43","GMS_PV2526_3160","(IRAT204*2/BTx3197)-B-7-1-1","65785","sgh1LiTmu0P1I","NO_ISSUES_IDENTIFIED","Introgression_confirmed","ADVANCE BC1F5 IN PV2627","ADVANCE BC1F5 IN PV2627","BC1F5","65785","sgh1LiTmu0P1I"
"GMS_MN2025_137045","(IRAT204*2/BTx3197)-B-6","FBSE","GMS_MN2025_137045","GMS_PV2425_0129_06","(IRAT204*2/BTx3197)-B-6",43745,"sgh1LbsMkGLVr","GMS_MN2025_137045","(IRAT204*2/BTx3197)-B-6-1","54771","sgh1LCZ3jGZea","GMS_PV2526_3159","(IRAT204*2/BTx3197)-B-6-1-1","67804","sgh1L6kYJ1CkJ","NO_ISSUES_IDENTIFIED","Introgression_confirmed","ADVANCE BC1F5 IN PV2627","ADVANCE BC1F5 IN PV2627","BC1F5","67804","sgh1L6kYJ1CkJ"
"GMS_MN2025_116044","(IRAT204*2/BTx3197)-B-5","FCEQ","GMS_MN2025_116044","GMS_PV2425_0129_05","(IRAT204*2/BTx3197)-B-5",43744,"sgh1LC0uupmhN","GMS_MN2025_116044","(IRAT204*2/BTx3197)-B-5-1","54770","sgh1Lpzxoj7Gt","GMS_PV2526_3158","(IRAT204*2/BTx3197)-B-5-1-1","65676","sgh1Lx2ocNIck","NO_ISSUES_IDENTIFIED","Introgression_confirmed","ADVANCE BC1F5 IN PV2627","ADVANCE BC1F5 IN PV2627","BC1F5","65676","sgh1Lx2ocNIck"
"GMS_MN2025_129058","(IRAT204*2/BTx3197)-B-2","FFRO","GMS_MN2025_129058","GMS_PV2425_0129_02","(IRAT204*2/BTx3197)-B-2",43741,"sgh1L8AYBhqjV","GMS_MN2025_129058","(IRAT204*2/BTx3197)-B-2-1","54767","sgh1LyUK7wScX","GMS_PV2526_3156","(IRAT204*2/BTx3197)-B-2-1-1","111856","sgh1LsNbEH68G","NO_ISSUES_IDENTIFIED","Introgression_confirmed","ADVANCE BC1F5 IN PV2627","ADVANCE BC1F5 IN PV2627","BC1F5","111856","sgh1LsNbEH68G"
"GMS_MN2025_130050","(IRAT204*2/RTAM2566)-B-9","FULH","GMS_MN2025_130050","GMS_PV2425_0169_09","(IRAT204*2/RTAM2566)-B-9",44453,"sgh1LPYmgdvrO","GMS_MN2025_130050","(IRAT204*2/RTAM2566)-B-9-1","55308","sgh1LCrTHoC7I","GMS_PV2526_3196","(IRAT204*2/RTAM2566)-B-9-1-1","65445","sgh1LSbDk4s1z","NO_ISSUES_IDENTIFIED","Introgression_confirmed","ADVANCE BC1F5 IN PV2627","ADVANCE BC1F5 IN PV2627","BC1F5","65445","sgh1LSbDk4s1z"
"GMS_MN2025_114063","(IRAT204*2/RTAM2566)-B-8","FLBE","GMS_MN2025_114063","GMS_PV2425_0169_08","(IRAT204*2/RTAM2566)-B-8",44452,"sgh1L40pBumh3","GMS_MN2025_114063","(IRAT204*2/RTAM2566)-B-8-1","55307","sgh1LV1ft2nEe","GMS_PV2526_3195","(IRAT204*2/RTAM2566)-B-8-1-1","111862","sgh1LsUcFlYa3","NO_ISSUES_IDENTIFIED","Introgression_confirmed","ADVANCE BC1F5 IN PV2627","ADVANCE BC1F5 IN PV2627","BC1F5","111862","sgh1LsUcFlYa3"
"GMS_MN2025_119050","(IRAT204*2/RTAM2566)-B-6","FOXO","GMS_MN2025_119050","GMS_PV2425_0169_06","(IRAT204*2/RTAM2566)-B-6",44450,"sgh1LB9ZgLpvp","GMS_MN2025_119050","(IRAT204*2/RTAM2566)-B-6-1","55305","sgh1LUgj1jE6R","GMS_PV2526_3194","(IRAT204*2/RTAM2566)-B-6-1-1","111861","sgh1LT3m3ivjl","NO_ISSUES_IDENTIFIED","Introgression_confirmed","ADVANCE BC1F5 IN PV2627","ADVANCE BC1F5 IN PV2627","BC1F5","111861","sgh1LT3m3ivjl"
"GMS_MN2025_115052","(IRAT204*2/RTAM2566)-B-4","FQEI","GMS_MN2025_115052","GMS_PV2425_0169_04","(IRAT204*2/RTAM2566)-B-4",44448,"sgh1LBUV2D45A","GMS_MN2025_115052","(IRAT204*2/RTAM2566)-B-4-1","55303","sgh1La9QR2OGy","GMS_PV2526_3193","(IRAT204*2/RTAM2566)-B-4-1-1","65811","sgh1Ld5eMePfm","NO_ISSUES_IDENTIFIED","Introgression_confirmed","ADVANCE BC1F5 IN PV2627","ADVANCE BC1F5 IN PV2627","BC1F5","65811","sgh1Ld5eMePfm"
"GMS_MN2025_113060","(IRAT204*2/RTAM2566)-B-10","FPJU","GMS_MN2025_113060","GMS_PV2425_0169_10","(IRAT204*2/RTAM2566)-B-10",44454,"sgh1LMoijJMzL","GMS_MN2025_113060","(IRAT204*2/RTAM2566)-B-10-1","55309","sgh1LPyluRAvT","GMS_PV2526_3192","(IRAT204*2/RTAM2566)-B-10-1-1","65567","sgh1L6bTK0bly","NO_ISSUES_IDENTIFIED","Introgression_confirmed","ADVANCE BC1F5 IN PV2627","ADVANCE BC1F5 IN PV2627","BC1F5","65567","sgh1L6bTK0bly"
"GMS_MN2025_110052","(IRAT204*2/RTAM2566)-B-1","FBFT","GMS_MN2025_110052","GMS_PV2425_0169_01","(IRAT204*2/RTAM2566)-B-1",44445,"sgh1LaUB3mD9E","GMS_MN2025_110052","(IRAT204*2/RTAM2566)-B-1-1","55300","sgh1LbQgxuDtv","GMS_PV2526_3191","(IRAT204*2/RTAM2566)-B-1-1-1","67673","sgh1LPFV6Mxyk","NO_ISSUES_IDENTIFIED","Introgression_confirmed","ADVANCE BC1F5 IN PV2627","ADVANCE BC1F5 IN PV2627","BC1F5","67673","sgh1LPFV6Mxyk"
"GMS_MN2025_115047","(IRAT204*2/Red Kafir)-B-6","FFZK","GMS_MN2025_115047","GMS_PV2425_0161_06","(IRAT204*2/Red Kafir)-B-6",43340,"sgh1LJFqGCN1c","GMS_MN2025_115047","(IRAT204*2/Red Kafir)-B-6-1","54648","sgh1LihQCZGuF","GMS_PV2526_3185","(IRAT204*2/Red Kafir)-B-6-1-1","67216","sgh1LfqXxHjFi","NO_ISSUES_IDENTIFIED","Introgression_confirmed","ADVANCE BC1F5 IN PV2627","ADVANCE BC1F5 IN PV2627","BC1F5","67216","sgh1LfqXxHjFi"
"GMS_MN2025_107055","(IRAT204*2/Red Kafir)-B-5","FWAI","GMS_MN2025_107055","GMS_PV2425_0161_05","(IRAT204*2/Red Kafir)-B-5",43339,"sgh1L1gtaUQwZ","GMS_MN2025_107055","(IRAT204*2/Red Kafir)-B-5-1","54647","sgh1L2GD0s131","GMS_PV2526_3184","(IRAT204*2/Red Kafir)-B-5-1-1","67785","sgh1LpLoJJF0Q","NO_ISSUES_IDENTIFIED","Introgression_confirmed","ADVANCE BC1F5 IN PV2627","ADVANCE BC1F5 IN PV2627","BC1F5","67785","sgh1LpLoJJF0Q"
"GMS_MN2025_118050","(IRAT204*2/Red Kafir)-B-4","FOFS","GMS_MN2025_118050","GMS_PV2425_0161_04","(IRAT204*2/Red Kafir)-B-4",43338,"sgh1LjSDBxpyR","GMS_MN2025_118050","(IRAT204*2/Red Kafir)-B-4-1","57634","sgh1Lbo45e57H","GMS_PV2526_3183","(IRAT204*2/Red Kafir)-B-4-1-1","111859","sgh1LONTwcrbM","NO_ISSUES_IDENTIFIED","Introgression_confirmed","ADVANCE BC1F5 IN PV2627","ADVANCE BC1F5 IN PV2627","BC1F5","111859","sgh1LONTwcrbM"
"GMS_MN2025_107064","(IRAT204*2/Red Kafir)-B-2","FSSR","GMS_MN2025_107064","GMS_PV2425_0161_02","(IRAT204*2/Red Kafir)-B-2",43336,"sgh1LGkFWramz","GMS_MN2025_107064","(IRAT204*2/Red Kafir)-B-2-1","54645","sgh1La8BmMJDb","GMS_PV2526_3182","(IRAT204*2/Red Kafir)-B-2-1-1","67790","sgh1L4fM2y8ia","NO_ISSUES_IDENTIFIED","Introgression_confirmed","ADVANCE BC1F5 IN PV2627","ADVANCE BC1F5 IN PV2627","BC1F5","67790","sgh1L4fM2y8ia"
"GMS_MN2025_107062","(IRAT204*2/Wheatland)-B-9","FXTL","GMS_MN2025_107062","GMS_PV2425_0152_09","(IRAT204*2/Wheatland)-B-9",42917,"sgh1LyXytQUyh","GMS_MN2025_107062","(IRAT204*2/Wheatland)-B-9-1","54374","sgh1LpdxXxYsF","GMS_PV2526_3406","(IRAT204*2/Wheatland)-B-9-1-1","67081","sgh1Ly74hbea7","NO_ISSUES_IDENTIFIED","Introgression_confirmed","ADVANCE BC1F5 IN PV2627","ADVANCE BC1F5 IN PV2627","BC1F5","67081","sgh1Ly74hbea7"
"GMS_MN2025_219108","(IRAT204*2/Wheatland)-B-8","FDQF","GMS_MN2025_219108","GMS_PV2425_0152_08","(IRAT204*2/Wheatland)-B-8",42916,"sgh1LMFQzCjCo","GMS_MN2025_219108","(IRAT204*2/Wheatland)-B-8-1","54373","sgh1LHBNhaQvF","GMS_PV2526_3405","(IRAT204*2/Wheatland)-B-8-1-1","67124","sgh1LG3xThEkH","NO_ISSUES_IDENTIFIED","Introgression_confirmed","ADVANCE BC1F5 IN PV2627","ADVANCE BC1F5 IN PV2627","BC1F5","67124","sgh1LG3xThEkH"
"GMS_MN2025_117062","(IRAT204*2/Wheatland)-B-5","FLML","GMS_MN2025_117062","GMS_PV2425_0152_05","(IRAT204*2/Wheatland)-B-5",42913,"sgh1LE4K2ru1I","GMS_MN2025_117062","(IRAT204*2/Wheatland)-B-5-1","57629","sgh1LDgCPHODu","GMS_PV2526_3404","(IRAT204*2/Wheatland)-B-5-1-1","111909","sgh1Lsd7KX3Fj","NO_ISSUES_IDENTIFIED","Introgression_confirmed","ADVANCE BC1F5 IN PV2627","ADVANCE BC1F5 IN PV2627","BC1F5","111909","sgh1Lsd7KX3Fj"
"GMS_MN2025_133049","(IRAT204*2/Wheatland)-B-10","FNOI","GMS_MN2025_133049","GMS_PV2425_0152_10","(IRAT204*2/Wheatland)-B-10",42918,"sgh1LypkzK6VR","GMS_MN2025_133049","(IRAT204*2/Wheatland)-B-10-1","54375","sgh1LuQRyzYqd","GMS_PV2526_3403","(IRAT204*2/Wheatland)-B-10-1-1","67283","sgh1LRK4n6qqX","NO_ISSUES_IDENTIFIED","Introgression_confirmed","ADVANCE BC1F5 IN PV2627","ADVANCE BC1F5 IN PV2627","BC1F5","67283","sgh1LRK4n6qqX"
"GMS_MN2025_107060","(IRAT204*2/Keller)-B-6","FHMY","GMS_MN2025_107060","GMS_PV2425_0153_06","(IRAT204*2/Keller)-B-6",42629,"sgh1L7M3jerwT","GMS_MN2025_107060","(IRAT204*2/Keller)-B-6-1","54133","sgh1L3IiATJyD","GMS_PV2526_3168","(IRAT204*2/Keller)-B-6-1-1","65546","sgh1Ljq8JLYlB","NO_ISSUES_IDENTIFIED","Introgression_confirmed","ADVANCE BC1F5 IN PV2627","ADVANCE BC1F5 IN PV2627","BC1F5","65546","sgh1Ljq8JLYlB"
"GMS_MN2025_220106","(IRAT204*2/Keller)-B-5","FFKQ","GMS_MN2025_220106","GMS_PV2425_0153_05","(IRAT204*2/Keller)-B-5",42628,"sgh1LxQH1IYM6","GMS_MN2025_220106","(IRAT204*2/Keller)-B-5-1","54132","sgh1LPeOr7yvl","GMS_PV2526_3167","(IRAT204*2/Keller)-B-5-1-1","65696","sgh1LHDiLnUBB","NO_ISSUES_IDENTIFIED","Introgression_confirmed","ADVANCE BC1F5 IN PV2627","ADVANCE BC1F5 IN PV2627","BC1F5","65696","sgh1LHDiLnUBB"
"GMS_MN2025_131064","(IRAT204*2/Keller)-B-4","FTGM","GMS_MN2025_131064","GMS_PV2425_0153_04","(IRAT204*2/Keller)-B-4",42627,"sgh1LYNSZD7je","GMS_MN2025_131064","(IRAT204*2/Keller)-B-4-1","54131","sgh1L5qK9jbdc","GMS_PV2526_3166","(IRAT204*2/Keller)-B-4-1-1","67009","sgh1LaKU3Zkch","NO_ISSUES_IDENTIFIED","Introgression_confirmed","ADVANCE BC1F5 IN PV2627","ADVANCE BC1F5 IN PV2627","BC1F5","67009","sgh1LaKU3Zkch"
"GMS_MN2025_227106","(IRAT204*2/Rox Orange)-B-8","FVET","GMS_MN2025_227106","GMS_PV2425_0130_08","(IRAT204*2/Rox Orange)-B-8",43762,"sgh1LVxErQQ07","GMS_MN2025_227106","(IRAT204*2/Rox Orange)-B-8-1","54788","sgh1LzHMO5Wo1","GMS_PV2526_3189","(IRAT204*2/Rox Orange)-B-8-1-1","67321","sgh1LAtYby5Qf","NO_ISSUES_IDENTIFIED","Introgression_confirmed","ADVANCE BC1F5 IN PV2627","ADVANCE BC1F5 IN PV2627","BC1F5","67321","sgh1LAtYby5Qf"
"GMS_MN2025_222106","(IRAT204*2/Rox Orange)-B-6","FVSV","GMS_MN2025_222106","GMS_PV2425_0130_06","(IRAT204*2/Rox Orange)-B-6",43760,"sgh1L3ItxgHHG","GMS_MN2025_222106","(IRAT204*2/Rox Orange)-B-6-1","54786","sgh1L7xALM9nD","GMS_PV2526_3188","(IRAT204*2/Rox Orange)-B-6-1-1","67678","sgh1LUcN8Q3Te","NO_ISSUES_IDENTIFIED","Introgression_confirmed","ADVANCE BC1F5 IN PV2627","ADVANCE BC1F5 IN PV2627","BC1F5","67678","sgh1LUcN8Q3Te"
"GMS_MN2025_136062","(IRAT204*2/SC1345)-B-9","FVOH","GMS_MN2025_136062","GMS_PV2425_0132_09","(IRAT204*2/SC1345)-B-9",43793,"sgh1LuzaJQX6p","GMS_MN2025_136062","(IRAT204*2/SC1345)-B-9-1","54819","sgh1L2K7rXdgY","GMS_PV2526_3234","(IRAT204*2/SC1345)-B-9-1-1","67599","sgh1LNYSH5gNH","NO_ISSUES_IDENTIFIED","Introgression_confirmed","ADVANCE BC1F5 IN PV2627","ADVANCE BC1F5 IN PV2627","BC1F5","67599","sgh1LNYSH5gNH"
"GMS_MN2025_135045","(IRAT204*2/SC1345)-B-5","FZJU","GMS_MN2025_135045","GMS_PV2425_0132_05","(IRAT204*2/SC1345)-B-5",43789,"sgh1Lm1r1pJCZ","GMS_MN2025_135045","(IRAT204*2/SC1345)-B-5-1","54815","sgh1LUHiRCnrc","GMS_PV2526_3233","(IRAT204*2/SC1345)-B-5-1-1","111866","sgh1LzylFjQNs","NO_ISSUES_IDENTIFIED","Introgression_confirmed","ADVANCE BC1F5 IN PV2627","ADVANCE BC1F5 IN PV2627","BC1F5","111866","sgh1LzylFjQNs"
"GMS_MN2025_125057","(IRAT204*2/SC1345)-B-1","FAJT","GMS_MN2025_125057","GMS_PV2425_0132_01","(IRAT204*2/SC1345)-B-1",43785,"sgh1LQW8dhwa8","GMS_MN2025_125057","(IRAT204*2/SC1345)-B-1-1","54811","sgh1LYQDlqIOp","GMS_PV2526_3232","(IRAT204*2/SC1345)-B-1-1-1","65803","sgh1LBlcEP08C","NO_ISSUES_IDENTIFIED","Introgression_confirmed","ADVANCE BC1F5 IN PV2627","ADVANCE BC1F5 IN PV2627","BC1F5","65803","sgh1LBlcEP08C"
"GMS_MN2025_114061","(IRAT204*2/SC1154)-B-9","FHFK","GMS_MN2025_114061","GMS_PV2425_0126_09","(IRAT204*2/SC1154)-B-9",43703,"sgh1Lta9XqIvE","GMS_MN2025_114061","(IRAT204*2/SC1154)-B-9-1","54731","sgh1LbOtq2h5n","GMS_PV2526_3227","(IRAT204*2/SC1154)-B-9-1-1","65485","sgh1L4q9d2lUO","NO_ISSUES_IDENTIFIED","Introgression_confirmed","ADVANCE BC1F5 IN PV2627","ADVANCE BC1F5 IN PV2627","BC1F5","65485","sgh1L4q9d2lUO"
"GMS_MN2025_114047","(IRAT204*2/SC1154)-B-6","FETD","GMS_MN2025_114047","GMS_PV2425_0126_06","(IRAT204*2/SC1154)-B-6",43700,"sgh1LOY9L0dRI","GMS_MN2025_114047","(IRAT204*2/SC1154)-B-6-1","57624","sgh1Lhb1xbBB8","GMS_PV2526_3226","(IRAT204*2/SC1154)-B-6-1-1","111865","sgh1L0tuo2rPo","NO_ISSUES_IDENTIFIED","Introgression_confirmed","ADVANCE BC1F5 IN PV2627","ADVANCE BC1F5 IN PV2627","BC1F5","111865","sgh1L0tuo2rPo"
"GMS_MN2025_106059","(IRAT204*2/SC672)-B-8","FUTS","GMS_MN2025_106059","GMS_PV2425_0125_08","(IRAT204*2/SC672)-B-8",43687,"sgh1L9zwlpnpo","GMS_MN2025_106059","(IRAT204*2/SC672)-B-8-1","54717","sgh1LZjnYCThU","GMS_PV2526_3361","(IRAT204*2/SC672)-B-8-1-1","111899","sgh1L2mSyp0Eq","NO_ISSUES_IDENTIFIED","Introgression_confirmed","ADVANCE BC1F5 IN PV2627","ADVANCE BC1F5 IN PV2627","BC1F5","111899","sgh1L2mSyp0Eq"
"GMS_MN2025_116050","(IRAT204*2/SC672)-B-6","FWHU","GMS_MN2025_116050","GMS_PV2425_0125_06","(IRAT204*2/SC672)-B-6",43685,"sgh1LNXueG9OF","GMS_MN2025_116050","(IRAT204*2/SC672)-B-6-1","57623","sgh1LeLiUcTsG","GMS_PV2526_3360","(IRAT204*2/SC672)-B-6-1-1","111898","sgh1LtB2tm7co","NO_ISSUES_IDENTIFIED","Introgression_confirmed","ADVANCE BC1F5 IN PV2627","ADVANCE BC1F5 IN PV2627","BC1F5","111898","sgh1LtB2tm7co"
"GMS_MN2025_104053","(IRAT204*2/SC672)-B-3","FLQG","GMS_MN2025_104053","GMS_PV2425_0125_03","(IRAT204*2/SC672)-B-3",43682,"sgh1L3QeUOsMW","GMS_MN2025_104053","(IRAT204*2/SC672)-B-3-1","54713","sgh1LVyENHkd4","GMS_PV2526_3359","(IRAT204*2/SC672)-B-3-1-1","65544","sgh1LZGsr52Cx","NO_ISSUES_IDENTIFIED","Introgression_confirmed","ADVANCE BC1F5 IN PV2627","ADVANCE BC1F5 IN PV2627","BC1F5","65544","sgh1LZGsr52Cx"
"GMS_MN2025_215107","(IRAT204*2/SC672)-B-10","FHCP","GMS_MN2025_215107","GMS_PV2425_0125_10","(IRAT204*2/SC672)-B-10",43689,"sgh1LQCRIQpVB","GMS_MN2025_215107","(IRAT204*2/SC672)-B-10-1","54719","sgh1LduAKvo4Y","GMS_PV2526_3358","(IRAT204*2/SC672)-B-10-1-1","111897","sgh1LNniUh1vp","NO_ISSUES_IDENTIFIED","Introgression_confirmed","ADVANCE BC1F5 IN PV2627","ADVANCE BC1F5 IN PV2627","BC1F5","111897","sgh1LNniUh1vp"
"GMS_MN2025_126049","(IRAT204*2/SC1104)-B-8","FKKP","GMS_MN2025_126049","GMS_PV2425_0226_08","(IRAT204*2/SC1104)-B-8",42751,"sgh1L80jYbgLy","GMS_MN2025_126049","(IRAT204*2/SC1104)-B-8-1","54230","sgh1Ln5sblznC","GMS_PV2526_3220","(IRAT204*2/SC1104)-B-8-1-1","65412","sgh1LzmXQ2dY7","NO_ISSUES_IDENTIFIED","Introgression_confirmed","ADVANCE BC1F5 IN PV2627","ADVANCE BC1F5 IN PV2627","BC1F5","65412","sgh1LzmXQ2dY7"
"GMS_MN2025_134060","(IRAT204*2/SC1104)-B-6","FFFH","GMS_MN2025_134060","GMS_PV2425_0226_06","(IRAT204*2/SC1104)-B-6",42749,"sgh1LW7AqW9Ky","GMS_MN2025_134060","(IRAT204*2/SC1104)-B-6-1","54228","sgh1LtumtNRmo","GMS_PV2526_3217","(IRAT204*2/SC1104)-B-6-1-1","65389","sgh1LN9WnUE3r","NO_ISSUES_IDENTIFIED","Introgression_confirmed","ADVANCE BC1F5 IN PV2627","ADVANCE BC1F5 IN PV2627","BC1F5","65389","sgh1LN9WnUE3r"
"GMS_MN2025_110066","(IRAT204*2/SC1104)-B-4","FZAT","GMS_MN2025_110066","GMS_PV2425_0226_04","(IRAT204*2/SC1104)-B-4",42747,"sgh1LNT2V8a7G","GMS_MN2025_110066","(IRAT204*2/SC1104)-B-4-1","54226","sgh1LwRV9X6jM","GMS_PV2526_3214","(IRAT204*2/SC1104)-B-4-1-1","67342","sgh1LRCRSPhl3","NO_ISSUES_IDENTIFIED","Introgression_confirmed","ADVANCE BC1F5 IN PV2627","ADVANCE BC1F5 IN PV2627","BC1F5","67342","sgh1LRCRSPhl3"
"GMS_MN2025_120044","(IRAT204*2/SC1104)-B-3","FCZK","GMS_MN2025_120044","GMS_PV2425_0226_03","(IRAT204*2/SC1104)-B-3",42746,"sgh1L6JzWW0uo","GMS_MN2025_120044","(IRAT204*2/SC1104)-B-3-1","54225","sgh1LEtD7XCvM","GMS_PV2526_3213","(IRAT204*2/SC1104)-B-3-1-1","65793","sgh1LDluASKCT","NO_ISSUES_IDENTIFIED","Introgression_confirmed","ADVANCE BC1F5 IN PV2627","ADVANCE BC1F5 IN PV2627","BC1F5","65793","sgh1LDluASKCT"
"GMS_MN2025_133065","(IRAT204*2/SC1104)-B-2","FGNZ","GMS_MN2025_133065","GMS_PV2425_0226_02","(IRAT204*2/SC1104)-B-2",42745,"sgh1L6ZBtBUKM","GMS_MN2025_133065","(IRAT204*2/SC1104)-B-2-1","54224","sgh1LErNLmYvF","GMS_PV2526_3211","(IRAT204*2/SC1104)-B-2-1-1","67064","sgh1LwddjQ6FX","NO_ISSUES_IDENTIFIED","Introgression_confirmed","ADVANCE BC1F5 IN PV2627","ADVANCE BC1F5 IN PV2627","BC1F5","67064","sgh1LwddjQ6FX"
"GMS_MN2025_132061","(IRAT204*2/SC1104)-B-10","FKYK","GMS_MN2025_132061","GMS_PV2425_0226_10","(IRAT204*2/SC1104)-B-10",42753,"sgh1L3woZSL7D","GMS_MN2025_132061","(IRAT204*2/SC1104)-B-10-1","54232","sgh1LcyzhpJIQ","GMS_PV2526_3210","(IRAT204*2/SC1104)-B-10-1-1","67047","sgh1LYO5iJaAf","NO_ISSUES_IDENTIFIED","Introgression_confirmed","ADVANCE BC1F5 IN PV2627","ADVANCE BC1F5 IN PV2627","BC1F5","67047","sgh1LYO5iJaAf"
"GMS_MN2025_123046","(IRAT204*2/SC1056)-B-4","FDKH","GMS_MN2025_123046","GMS_PV2425_0124_04","(IRAT204*2/SC1056)-B-4",43668,"sgh1LBOdbF2wY","GMS_MN2025_123046","(IRAT204*2/SC1056)-B-4-1","54700","sgh1L4lUICFK9","GMS_PV2526_3201","(IRAT204*2/SC1056)-B-4-1-1","67700","sgh1LePo3oBGR","NO_ISSUES_IDENTIFIED","Introgression_confirmed","ADVANCE BC1F5 IN PV2627","ADVANCE BC1F5 IN PV2627","BC1F5","67700","sgh1LePo3oBGR"
"GMS_MN2025_114056","(IRAT204*2/SC1056)-B-3","FDEI","GMS_MN2025_114056","GMS_PV2425_0124_03","(IRAT204*2/SC1056)-B-3",43667,"sgh1L9kaJCa9Z","GMS_MN2025_114056","(IRAT204*2/SC1056)-B-3-1","54699","sgh1LQYRAwFtH","GMS_PV2526_3200","(IRAT204*2/SC1056)-B-3-1-1","67184","sgh1LIubYYUCi","NO_ISSUES_IDENTIFIED","Introgression_confirmed","ADVANCE BC1F5 IN PV2627","ADVANCE BC1F5 IN PV2627","BC1F5","67184","sgh1LIubYYUCi"
"GMS_MN2025_109045","(IRAT204*2/SC1056)-B-2","FZUZ","GMS_MN2025_109045","GMS_PV2425_0124_02","(IRAT204*2/SC1056)-B-2",43666,"sgh1LjdVodMW9","GMS_MN2025_109045","(IRAT204*2/SC1056)-B-2-1","54698","sgh1LLIC02o0Q","GMS_PV2526_3199","(IRAT204*2/SC1056)-B-2-1-1","111863","sgh1Lw25VbkrP","NO_ISSUES_IDENTIFIED","Introgression_confirmed","ADVANCE BC1F5 IN PV2627","ADVANCE BC1F5 IN PV2627","BC1F5","111863","sgh1Lw25VbkrP"
"GMS_MN2025_137066","(IRAT204*2/SC1056)-B-1","FRKZ","GMS_MN2025_137066","GMS_PV2425_0124_01","(IRAT204*2/SC1056)-B-1",43665,"sgh1L52XlJEEX","GMS_MN2025_137066","(IRAT204*2/SC1056)-B-1-1","54697","sgh1LN9P1ONpS","GMS_PV2526_3198","(IRAT204*2/SC1056)-B-1-1-1","65434","sgh1Lhh5z0fKe","NO_ISSUES_IDENTIFIED","Introgression_confirmed","ADVANCE BC1F5 IN PV2627","ADVANCE BC1F5 IN PV2627","BC1F5","65434","sgh1Lhh5z0fKe"
"GMS_MN2025_137044","(IRAT204*2/SC910)-B-7","FYWN","GMS_MN2025_137044","GMS_PV2425_0128_07","(IRAT204*2/SC910)-B-7",43731,"sgh1LKN4hSDlP","GMS_MN2025_137044","(IRAT204*2/SC910)-B-7-1","54758","sgh1LvWGQwNFG","GMS_PV2526_3388","(IRAT204*2/SC910)-B-7-1-1","111908","sgh1Li7yp3RL6","NO_ISSUES_IDENTIFIED","Introgression_confirmed","ADVANCE BC1F5 IN PV2627","ADVANCE BC1F5 IN PV2627","BC1F5","111908","sgh1Li7yp3RL6"
"GMS_MN2025_123047","(IRAT204*2/SC673)-B-9","FXCN","GMS_MN2025_123047","GMS_PV2425_0147_09","(IRAT204*2/SC673)-B-9",42842,"sgh1L8BBZxQlU","GMS_MN2025_123047","(IRAT204*2/SC673)-B-9-1","54311","sgh1LWKajMWd1","GMS_PV2526_3367","(IRAT204*2/SC673)-B-9-1-1","65543","sgh1LSPgfI62h","NO_ISSUES_IDENTIFIED","Introgression_confirmed","ADVANCE BC1F5 IN PV2627","ADVANCE BC1F5 IN PV2627","BC1F5","65543","sgh1LSPgfI62h"
"GMS_MN2025_121057","(IRAT204*2/SC673)-B-5","FNNH","GMS_MN2025_121057","GMS_PV2425_0147_05","(IRAT204*2/SC673)-B-5",42838,"sgh1Lv5atdLiu","GMS_MN2025_121057","(IRAT204*2/SC673)-B-5-1","54307","sgh1L3fQ1D52L","GMS_PV2526_3366","(IRAT204*2/SC673)-B-5-1-1","111900","sgh1LSgP6VLLL","NO_ISSUES_IDENTIFIED","Introgression_confirmed","ADVANCE BC1F5 IN PV2627","ADVANCE BC1F5 IN PV2627","BC1F5","111900","sgh1LSgP6VLLL"
"GMS_MN2025_135058","(IRAT204*2/SC673)-B-3","FVYY","GMS_MN2025_135058","GMS_PV2425_0147_03","(IRAT204*2/SC673)-B-3",42836,"sgh1L4bnFd6vH","GMS_MN2025_135058","(IRAT204*2/SC673)-B-3-1","54305","sgh1LPhkbxWRT","GMS_PV2526_3365","(IRAT204*2/SC673)-B-3-1-1","67029","sgh1LH8CJGd3e","NO_ISSUES_IDENTIFIED","Introgression_confirmed","ADVANCE BC1F5 IN PV2627","ADVANCE BC1F5 IN PV2627","BC1F5","67029","sgh1LH8CJGd3e"
"GMS_MN2025_123051","(IRAT204*2/SC673)-B-10","FAVV","GMS_MN2025_123051","GMS_PV2425_0147_10","(IRAT204*2/SC673)-B-10",42843,"sgh1L3o76M2Ms","GMS_MN2025_123051","(IRAT204*2/SC673)-B-10-1","54312","sgh1LO9ahAhN7","GMS_PV2526_3364","(IRAT204*2/SC673)-B-10-1-1","67759","sgh1LTDgcaS6R","NO_ISSUES_IDENTIFIED","Introgression_confirmed","ADVANCE BC1F5 IN PV2627","ADVANCE BC1F5 IN PV2627","BC1F5","67759","sgh1LTDgcaS6R"
"GMS_MN2025_123059","(IRAT204*2/SC673)-B-1","FQRD","GMS_MN2025_123059","GMS_PV2425_0147_01","(IRAT204*2/SC673)-B-1",42834,"sgh1LQBtMm4b9","GMS_MN2025_123059","(IRAT204*2/SC673)-B-1-1","54303","sgh1LLLJLQbV8","GMS_PV2526_3363","(IRAT204*2/SC673)-B-1-1-1","65697","sgh1LhUuS1VOl","NO_ISSUES_IDENTIFIED","Introgression_confirmed","ADVANCE BC1F5 IN PV2627","ADVANCE BC1F5 IN PV2627","BC1F5","65697","sgh1LhUuS1VOl"
"GMS_MN2025_113052","(IRAT204*2/SC598)-B-8","FYTP","GMS_MN2025_113052","GMS_PV2425_0121_08","(IRAT204*2/SC598)-B-8",43042,"sgh1LAV1j900n","GMS_MN2025_113052","(IRAT204*2/SC598)-B-8-1","54408","sgh1LW98LeLsC","GMS_PV2526_3323","(IRAT204*2/SC598)-B-8-1-1","111886","sgh1LwNEX0foE","NO_ISSUES_IDENTIFIED","Introgression_confirmed","ADVANCE BC1F5 IN PV2627","ADVANCE BC1F5 IN PV2627","BC1F5","111886","sgh1LwNEX0foE"
"GMS_MN2025_127061","(IRAT204*2/SC659)-B-9","FIRA","GMS_MN2025_127061","GMS_PV2425_0136_09","(IRAT204*2/SC659)-B-9",42677,"sgh1LsVeUUGg7","GMS_MN2025_127061","(IRAT204*2/SC659)-B-9-1","54166","sgh1LjsxjKDjB","GMS_PV2526_3356","(IRAT204*2/SC659)-B-9-1-1","65398","sgh1L7AtfCYbQ","NO_ISSUES_IDENTIFIED","Introgression_confirmed","ADVANCE BC1F5 IN PV2627","ADVANCE BC1F5 IN PV2627","BC1F5","65398","sgh1L7AtfCYbQ"
"GMS_MN2025_111047","(IRAT204*2/SC659)-B-8","FEWF","GMS_MN2025_111047","GMS_PV2425_0136_08","(IRAT204*2/SC659)-B-8",42676,"sgh1LTUEwuGGM","GMS_MN2025_111047","(IRAT204*2/SC659)-B-8-1","54165","sgh1Lza9cVW6N","GMS_PV2526_3355","(IRAT204*2/SC659)-B-8-1-1","67779","sgh1L0gRFFPRt","NO_ISSUES_IDENTIFIED","Introgression_confirmed","ADVANCE BC1F5 IN PV2627","ADVANCE BC1F5 IN PV2627","BC1F5","67779","sgh1L0gRFFPRt"
"GMS_MN2025_136050","(IRAT204*2/SC659)-B-7","FLXP","GMS_MN2025_136050","GMS_PV2425_0136_07","(IRAT204*2/SC659)-B-7",42675,"sgh1LwOGkteY5","GMS_MN2025_136050","(IRAT204*2/SC659)-B-7-1","54164","sgh1L3kvMjdwd","GMS_PV2526_3354","(IRAT204*2/SC659)-B-7-1-1","67104","sgh1Ls2j9XTid","NO_ISSUES_IDENTIFIED","Introgression_confirmed","ADVANCE BC1F5 IN PV2627","ADVANCE BC1F5 IN PV2627","BC1F5","67104","sgh1Ls2j9XTid"
"GMS_MN2025_133052","(IRAT204*2/SC659)-B-6","FTCX","GMS_MN2025_133052","GMS_PV2425_0136_06","(IRAT204*2/SC659)-B-6",42674,"sgh1LL3OUNFRZ","GMS_MN2025_133052","(IRAT204*2/SC659)-B-6-1","54163","sgh1LDwYChNDi","GMS_PV2526_3353","(IRAT204*2/SC659)-B-6-1-1","67232","sgh1LWuyylRNW","NO_ISSUES_IDENTIFIED","Introgression_confirmed","ADVANCE BC1F5 IN PV2627","ADVANCE BC1F5 IN PV2627","BC1F5","67232","sgh1LWuyylRNW"
"GMS_MN2025_124063","(IRAT204*2/SC659)-B-5","FEPM","GMS_MN2025_124063","GMS_PV2425_0136_05","(IRAT204*2/SC659)-B-5",42673,"sgh1LTCIK4XI1","GMS_MN2025_124063","(IRAT204*2/SC659)-B-5-1","54162","sgh1LgGmHrgX0","GMS_PV2526_3352","(IRAT204*2/SC659)-B-5-1-1","65598","sgh1LcubJtYEQ","NO_ISSUES_IDENTIFIED","Introgression_confirmed","ADVANCE BC1F5 IN PV2627","ADVANCE BC1F5 IN PV2627","BC1F5","65598","sgh1LcubJtYEQ"
"GMS_MN2025_125047","(IRAT204*2/SC659)-B-3","FBNH","GMS_MN2025_125047","GMS_PV2425_0136_03","(IRAT204*2/SC659)-B-3",42671,"sgh1LwtcxUMgk","GMS_MN2025_125047","(IRAT204*2/SC659)-B-3-1","54160","sgh1LvTSwVdPv","GMS_PV2526_3350","(IRAT204*2/SC659)-B-3-1-1","65640","sgh1LZRQnEgvm","NO_ISSUES_IDENTIFIED","Introgression_confirmed","ADVANCE BC1F5 IN PV2627","ADVANCE BC1F5 IN PV2627","BC1F5","65640","sgh1LZRQnEgvm"
"GMS_MN2025_118053","(IRAT204*2/SC659)-B-2","FBOI","GMS_MN2025_118053","GMS_PV2425_0136_02","(IRAT204*2/SC659)-B-2",42670,"sgh1LmnjF9BHd","GMS_MN2025_118053","(IRAT204*2/SC659)-B-2-1","54159","sgh1LfgwePrgy","GMS_PV2526_3349","(IRAT204*2/SC659)-B-2-1-1","67021","sgh1LVw9JUH1P","NO_ISSUES_IDENTIFIED","Introgression_confirmed","ADVANCE BC1F5 IN PV2627","ADVANCE BC1F5 IN PV2627","BC1F5","67021","sgh1LVw9JUH1P"
"GMS_MN2025_122059","(IRAT204*2/SC609)-B-5","FXBC","GMS_MN2025_122059","GMS_PV2425_0119_05","(IRAT204*2/SC609)-B-5",42994,"sgh1Lu0SFb2d0","GMS_MN2025_122059","(IRAT204*2/SC609)-B-5-1","57621","sgh1Ldd15pJge","GMS_PV2526_3327","(IRAT204*2/SC609)-B-5-1-1","111888","sgh1LP0tKetHg","NO_ISSUES_IDENTIFIED","Introgression_confirmed","ADVANCE BC1F5 IN PV2627","ADVANCE BC1F5 IN PV2627","BC1F5","111888","sgh1LP0tKetHg"
"GMS_MN2025_106048","(IRAT204*2/SC609)-B-4","FSQE","GMS_MN2025_106048","GMS_PV2425_0119_04","(IRAT204*2/SC609)-B-4",42993,"sgh1LOFKYPHQO","GMS_MN2025_106048","(IRAT204*2/SC609)-B-4-1","54382","sgh1LDIR5As47","GMS_PV2526_3326","(IRAT204*2/SC609)-B-4-1-1","67841","sgh1LxwEQbRoK","NO_ISSUES_IDENTIFIED","Introgression_confirmed","ADVANCE BC1F5 IN PV2627","ADVANCE BC1F5 IN PV2627","BC1F5","67841","sgh1LxwEQbRoK"
"GMS_MN2025_129061","(IRAT204*2/SC609)-B-10","FMLX","GMS_MN2025_129061","GMS_PV2425_0119_10","(IRAT204*2/SC609)-B-10",42999,"sgh1LnNFqM5Mx","GMS_MN2025_129061","(IRAT204*2/SC609)-B-10-1","54386","sgh1L3UAiXoAw","GMS_PV2526_3325","(IRAT204*2/SC609)-B-10-1-1","67431","sgh1L25f3sfx0","NO_ISSUES_IDENTIFIED","Introgression_confirmed","ADVANCE BC1F5 IN PV2627","ADVANCE BC1F5 IN PV2627","BC1F5","67431","sgh1L25f3sfx0"
"GMS_MN2025_137049","(IRAT204*2/SC305)-B-9","FTSJ","GMS_MN2025_137049","GMS_PV2425_0127_09","(IRAT204*2/SC305)-B-9",43718,"sgh1Ld0LvLk6u","GMS_MN2025_137049","(IRAT204*2/SC305)-B-9-1","54746","sgh1Lesup5S7C","GMS_PV2526_3274","(IRAT204*2/SC305)-B-9-1-1","111877","sgh1LS6E7bWio","NO_ISSUES_IDENTIFIED","Introgression_confirmed","ADVANCE BC1F5 IN PV2627","ADVANCE BC1F5 IN PV2627","BC1F5","111877","sgh1LS6E7bWio"
"GMS_MN2025_122048","(IRAT204*2/SC305)-B-7","FQFG","GMS_MN2025_122048","GMS_PV2425_0127_07","(IRAT204*2/SC305)-B-7",43716,"sgh1LDKYPGGQ5","GMS_MN2025_122048","(IRAT204*2/SC305)-B-7-1","54744","sgh1L04qH64JW","GMS_PV2526_3273","(IRAT204*2/SC305)-B-7-1-1","111876","sgh1LDCat3lIr","NO_ISSUES_IDENTIFIED","Introgression_confirmed","ADVANCE BC1F5 IN PV2627","ADVANCE BC1F5 IN PV2627","BC1F5","111876","sgh1LDCat3lIr"
"GMS_MN2025_107045","(IRAT204*2/SC305)-B-6","FLPK","GMS_MN2025_107045","GMS_PV2425_0127_06","(IRAT204*2/SC305)-B-6",43715,"sgh1LahWqdwQh","GMS_MN2025_107045","(IRAT204*2/SC305)-B-6-1","54743","sgh1Lgxofqdh3","GMS_PV2526_3272","(IRAT204*2/SC305)-B-6-1-1","111875","sgh1Lr3CYUTjD","NO_ISSUES_IDENTIFIED","Introgression_confirmed","ADVANCE BC1F5 IN PV2627","ADVANCE BC1F5 IN PV2627","BC1F5","111875","sgh1Lr3CYUTjD"
"GMS_MN2025_106061","(IRAT204*2/SC305)-B-5","FAVT","GMS_MN2025_106061","GMS_PV2425_0127_05","(IRAT204*2/SC305)-B-5",43714,"sgh1LfF0WLKFd","GMS_MN2025_106061","(IRAT204*2/SC305)-B-5-1","54742","sgh1LSCCkgecx","GMS_PV2526_3271","(IRAT204*2/SC305)-B-5-1-1","111874","sgh1LMUl1vmz8","NO_ISSUES_IDENTIFIED","Introgression_confirmed","ADVANCE BC1F5 IN PV2627","ADVANCE BC1F5 IN PV2627","BC1F5","111874","sgh1LMUl1vmz8"
"GMS_MN2025_109058","(IRAT204*2/SC502)-B-9","FRFZ","GMS_MN2025_109058","GMS_PV2425_0230_09","(IRAT204*2/SC502)-B-9",48285,"sgh1LnsauXBiI","GMS_MN2025_109058","(IRAT204*2/SC502)-B-9-1","55530","sgh1LvXZZ2K2y","GMS_PV2526_3288","(IRAT204*2/SC502)-B-9-1-1","65368","sgh1Lx6MMlB3f","NO_ISSUES_IDENTIFIED","Introgression_confirmed","ADVANCE BC1F5 IN PV2627","ADVANCE BC1F5 IN PV2627","BC1F5","65368","sgh1Lx6MMlB3f"
"GMS_MN2025_120053","(IRAT204*2/SC502)-B-3","FQZZ","GMS_MN2025_120053","GMS_PV2425_0230_03","(IRAT204*2/SC502)-B-3",48279,"sgh1Lrond4Qex","GMS_MN2025_120053","(IRAT204*2/SC502)-B-3-1","55524","sgh1LpmoCl3oQ","GMS_PV2526_3287","(IRAT204*2/SC502)-B-3-1-1","67419","sgh1LU7Ky5rCT","NO_ISSUES_IDENTIFIED","Introgression_confirmed","ADVANCE BC1F5 IN PV2627","ADVANCE BC1F5 IN PV2627","BC1F5","67419","sgh1LU7Ky5rCT"
"GMS_MN2025_106065","(IRAT204*2/SC748)-B-9","FZWT","GMS_MN2025_106065","GMS_PV2425_0170_09","(IRAT204*2/SC748)-B-9",44468,"sgh1LzYM0GTsG","GMS_MN2025_106065","(IRAT204*2/SC748)-B-9-1","55322","sgh1LfN94rKFh","GMS_PV2526_3380","(IRAT204*2/SC748)-B-9-1-1","67360","sgh1LujQDWNJK","NO_ISSUES_IDENTIFIED","Introgression_confirmed","ADVANCE BC1F5 IN PV2627","ADVANCE BC1F5 IN PV2627","BC1F5","67360","sgh1LujQDWNJK"
"GMS_MN2025_120065","(IRAT204*2/SC748)-B-7","FBKF","GMS_MN2025_120065","GMS_PV2425_0170_07","(IRAT204*2/SC748)-B-7",44466,"sgh1L2e4RcBBu","GMS_MN2025_120065","(IRAT204*2/SC748)-B-7-1","55320","sgh1LbEr0Bsjt","GMS_PV2526_3379","(IRAT204*2/SC748)-B-7-1-1","111906","sgh1LCV3yZyFF","NO_ISSUES_IDENTIFIED","Introgression_confirmed","ADVANCE BC1F5 IN PV2627","ADVANCE BC1F5 IN PV2627","BC1F5","111906","sgh1LCV3yZyFF"
"GMS_MN2025_114055","(IRAT204*2/SC748)-B-6","FWDP","GMS_MN2025_114055","GMS_PV2425_0170_06","(IRAT204*2/SC748)-B-6",44465,"sgh1LX8UcSYdu","GMS_MN2025_114055","(IRAT204*2/SC748)-B-6-1","55319","sgh1L4yBDSq5K","GMS_PV2526_3378","(IRAT204*2/SC748)-B-6-1-1","111905","sgh1LSbA7LBD6","NO_ISSUES_IDENTIFIED","Introgression_confirmed","ADVANCE BC1F5 IN PV2627","ADVANCE BC1F5 IN PV2627","BC1F5","111905","sgh1LSbA7LBD6"
"GMS_MN2025_115063","(IRAT204*2/SC748)-B-5","FBVH","GMS_MN2025_115063","GMS_PV2425_0170_05","(IRAT204*2/SC748)-B-5",44464,"sgh1LN9mBgxHH","GMS_MN2025_115063","(IRAT204*2/SC748)-B-5-1","55318","sgh1Ln7kBuOAT","GMS_PV2526_3377","(IRAT204*2/SC748)-B-5-1-1","67722","sgh1LiWr71CCH","NO_ISSUES_IDENTIFIED","Introgression_confirmed","ADVANCE BC1F5 IN PV2627","ADVANCE BC1F5 IN PV2627","BC1F5","67722","sgh1LiWr71CCH"
"GMS_MN2025_136044","(IRAT204*2/SC748)-B-2","FCOB","GMS_MN2025_136044","GMS_PV2425_0170_02","(IRAT204*2/SC748)-B-2",44461,"sgh1Lb08WjrAc","GMS_MN2025_136044","(IRAT204*2/SC748)-B-2-1","55315","sgh1LsYPBo0nm","GMS_PV2526_3376","(IRAT204*2/SC748)-B-2-1-1","111904","sgh1L4E5YVF5r","NO_ISSUES_IDENTIFIED","Introgression_confirmed","ADVANCE BC1F5 IN PV2627","ADVANCE BC1F5 IN PV2627","BC1F5","111904","sgh1L4E5YVF5r"
"GMS_MN2025_113049","(IRAT204*2/SC562)-B-9","FIXL","GMS_MN2025_113049","GMS_PV2425_0150_09","(IRAT204*2/SC562)-B-9",42887,"sgh1LApDJ9uZH","GMS_MN2025_113049","(IRAT204*2/SC562)-B-9-1","54349","sgh1LmerfMFt1","GMS_PV2526_3315","(IRAT204*2/SC562)-B-9-1-1","67501","sgh1LB31c5zs9","NO_ISSUES_IDENTIFIED","Introgression_confirmed","ADVANCE BC1F5 IN PV2627","ADVANCE BC1F5 IN PV2627","BC1F5","67501","sgh1LB31c5zs9"
"GMS_MN2025_213108","(IRAT204*2/SC562)-B-8","FTZM","GMS_MN2025_213108","GMS_PV2425_0150_08","(IRAT204*2/SC562)-B-8",42886,"sgh1LPrXxKQ4q","GMS_MN2025_213108","(IRAT204*2/SC562)-B-8-1","54348","sgh1LmTD4jduy","GMS_PV2526_3314","(IRAT204*2/SC562)-B-8-1-1","67627","sgh1L6L1DzVTN","NO_ISSUES_IDENTIFIED","Introgression_confirmed","ADVANCE BC1F5 IN PV2627","ADVANCE BC1F5 IN PV2627","BC1F5","67627","sgh1L6L1DzVTN"
"GMS_MN2025_112052","(IRAT204*2/SC562)-B-7","FTXJ","GMS_MN2025_112052","GMS_PV2425_0150_07","(IRAT204*2/SC562)-B-7",42885,"sgh1L89Qtl3tt","GMS_MN2025_112052","(IRAT204*2/SC562)-B-7-1","54347","sgh1LUCQQ2YBZ","GMS_PV2526_3313","(IRAT204*2/SC562)-B-7-1-1","67040","sgh1LWW5dwH4Y","NO_ISSUES_IDENTIFIED","Introgression_confirmed","ADVANCE BC1F5 IN PV2627","ADVANCE BC1F5 IN PV2627","BC1F5","67040","sgh1LWW5dwH4Y"
"GMS_MN2025_116059","(IRAT204*2/SC562)-B-4","FZYI","GMS_MN2025_116059","GMS_PV2425_0150_04","(IRAT204*2/SC562)-B-4",42882,"sgh1L3rWoxAGy","GMS_MN2025_116059","(IRAT204*2/SC562)-B-4-1","54344","sgh1LJwqiq8Dr","GMS_PV2526_3311","(IRAT204*2/SC562)-B-4-1-1","67155","sgh1L4m8M0bPU","NO_ISSUES_IDENTIFIED","Introgression_confirmed","ADVANCE BC1F5 IN PV2627","ADVANCE BC1F5 IN PV2627","BC1F5","67155","sgh1L4m8M0bPU"
"GMS_MN2025_114053","(IRAT204*2/SC628)-B-4","FBCR","GMS_MN2025_114053","GMS_PV2425_0138_04","(IRAT204*2/SC628)-B-4",42702,"sgh1Lgep1HOt2","GMS_MN2025_114053","(IRAT204*2/SC628)-B-4-1","54189","sgh1LdOcJ8NaE","GMS_PV2526_3337","(IRAT204*2/SC628)-B-4-1-1","65429","sgh1LmncwPLZu","NO_ISSUES_IDENTIFIED","Introgression_confirmed","ADVANCE BC1F5 IN PV2627","ADVANCE BC1F5 IN PV2627","BC1F5","65429","sgh1LmncwPLZu"
"GMS_MN2025_216106","(IRAT204*2/SC628)-B-2","FEEE","GMS_MN2025_216106","GMS_PV2425_0138_02","(IRAT204*2/SC628)-B-2",42700,"sgh1L0ux459sZ","GMS_MN2025_216106","(IRAT204*2/SC628)-B-2-1","54187","sgh1LiyGD50gr","GMS_PV2526_3336","(IRAT204*2/SC628)-B-2-1-1","67834","sgh1LLOzoDEVi","NO_ISSUES_IDENTIFIED","Introgression_confirmed","ADVANCE BC1F5 IN PV2627","ADVANCE BC1F5 IN PV2627","BC1F5","67834","sgh1LLOzoDEVi"
"GMS_MN2025_125053","(IRAT204*2/SC115)-B-9","FKOE","GMS_MN2025_125053","GMS_PV2425_0157_09","(IRAT204*2/SC115)-B-9",43283,"sgh1L1Rc5MM0L","GMS_MN2025_125053","(IRAT204*2/SC115)-B-9-1","54608","sgh1Lr39v8Aa6","GMS_PV2526_3225","(IRAT204*2/SC115)-B-9-1-1","65358","sgh1L8DUdVsgo","NO_ISSUES_IDENTIFIED","Introgression_confirmed","ADVANCE BC1F5 IN PV2627","ADVANCE BC1F5 IN PV2627","BC1F5","65358","sgh1L8DUdVsgo"
"GMS_MN2025_111050","(IRAT204*2/SC115)-B-7","FFLV","GMS_MN2025_111050","GMS_PV2425_0157_07","(IRAT204*2/SC115)-B-7",43281,"sgh1LB1jGCs7K","GMS_MN2025_111050","(IRAT204*2/SC115)-B-7-1","54606","sgh1LWW9X70Ej","GMS_PV2526_3224","(IRAT204*2/SC115)-B-7-1-1","67422","sgh1LhqQ2qFjw","NO_ISSUES_IDENTIFIED","Introgression_confirmed","ADVANCE BC1F5 IN PV2627","ADVANCE BC1F5 IN PV2627","BC1F5","67422","sgh1LhqQ2qFjw"
"GMS_MN2025_127047","(IRAT204*2/SC115)-B-6","FGAN","GMS_MN2025_127047","GMS_PV2425_0157_06","(IRAT204*2/SC115)-B-6",43280,"sgh1LF1SuPjcj","GMS_MN2025_127047","(IRAT204*2/SC115)-B-6-1","54605","sgh1Li8R6qx8t","GMS_PV2526_3223","(IRAT204*2/SC115)-B-6-1-1","65374","sgh1LbWVp2RjQ","NO_ISSUES_IDENTIFIED","Introgression_confirmed","ADVANCE BC1F5 IN PV2627","ADVANCE BC1F5 IN PV2627","BC1F5","65374","sgh1LbWVp2RjQ"
"GMS_MN2025_118066","(IRAT204*2/SC115)-B-10","FRYE","GMS_MN2025_118066","GMS_PV2425_0157_10","(IRAT204*2/SC115)-B-10",43284,"sgh1Lix1jDaxj","GMS_MN2025_118066","(IRAT204*2/SC115)-B-10-1","57633","sgh1LnNhiASz8","GMS_PV2526_3222","(IRAT204*2/SC115)-B-10-1-1","111864","sgh1LK23d9jje","NO_ISSUES_IDENTIFIED","Introgression_confirmed","ADVANCE BC1F5 IN PV2627","ADVANCE BC1F5 IN PV2627","BC1F5","111864","sgh1LK23d9jje"
"GMS_MN2025_128051","(IRAT204*2/SC115)-B-1","FBRZ","GMS_MN2025_128051","GMS_PV2425_0157_01","(IRAT204*2/SC115)-B-1",43275,"sgh1LwlmcC822","GMS_MN2025_128051","(IRAT204*2/SC115)-B-1-1","54600","sgh1LZ2oH3VI0","GMS_PV2526_3221","(IRAT204*2/SC115)-B-1-1-1","67469","sgh1LnkCrfH4Z","NO_ISSUES_IDENTIFIED","Introgression_confirmed","ADVANCE BC1F5 IN PV2627","ADVANCE BC1F5 IN PV2627","BC1F5","67469","sgh1LnkCrfH4Z"
"GMS_MN2025_137058","(IRAT204*2/SC121)-B-7","FTET","GMS_MN2025_137058","GMS_PV2425_0229_07","(IRAT204*2/SC121)-B-7",48260,"sgh1LzAMfTfsp","GMS_MN2025_137058","(IRAT204*2/SC121)-B-7-1","55505","sgh1LfOcTMSlv","GMS_PV2526_3230","(IRAT204*2/SC121)-B-7-1-1","67179","sgh1LYbqT3JtH","NO_ISSUES_IDENTIFIED","Introgression_confirmed","ADVANCE BC1F5 IN PV2627","ADVANCE BC1F5 IN PV2627","BC1F5","67179","sgh1LYbqT3JtH"
"GMS_MN2025_109061","(IRAT204*2/SC121)-B-3","FDUM","GMS_MN2025_109061","GMS_PV2425_0229_03","(IRAT204*2/SC121)-B-3",48256,"sgh1L53PjImp1","GMS_MN2025_109061","(IRAT204*2/SC121)-B-3-1","55501","sgh1LGOsAQWAe","GMS_PV2526_3229","(IRAT204*2/SC121)-B-3-1-1","65610","sgh1LmsPuwEhL","NO_ISSUES_IDENTIFIED","Introgression_confirmed","ADVANCE BC1F5 IN PV2627","ADVANCE BC1F5 IN PV2627","BC1F5","65610","sgh1LmsPuwEhL"
"GMS_MN2025_216108","(IRAT204*2/SC325)-B-8","FLQO","GMS_MN2025_216108","GMS_PV2425_0134_08","(IRAT204*2/SC325)-B-8",43822,"sgh1LfFnQhShq","GMS_MN2025_216108","(IRAT204*2/SC325)-B-8-1","54847","sgh1LYQ46zk7I","GMS_PV2526_3276","(IRAT204*2/SC325)-B-8-1-1","65436","sgh1LJaCMaxqP","NO_ISSUES_IDENTIFIED","Introgression_confirmed","ADVANCE BC1F5 IN PV2627","ADVANCE BC1F5 IN PV2627","BC1F5","65436","sgh1LJaCMaxqP"
"GMS_MN2025_217108","(IRAT204*2/SC325)-B-8","FUEA","GMS_MN2025_217108","GMS_PV2425_0134_08","(IRAT204*2/SC325)-B-8",43822,"sgh1LfFnQhShq","GMS_MN2025_217108","(IRAT204*2/SC325)-B-8-1","54847","sgh1L7py6qUu6","GMS_PV2526_3277","(IRAT204*2/SC325)-B-8-1-1","65436","sgh1L7BecCfzN","NO_ISSUES_IDENTIFIED","Introgression_confirmed","ADVANCE BC1F5 IN PV2627","ADVANCE BC1F5 IN PV2627","BC1F5","65436","sgh1L7BecCfzN"
"GMS_MN2025_121062","(IRAT204*2/SC325)-B-4","FFAF","GMS_MN2025_121062","GMS_PV2425_0134_04","(IRAT204*2/SC325)-B-4",43818,"sgh1LcIoVumkl","GMS_MN2025_121062","(IRAT204*2/SC325)-B-4-1","54843","sgh1LK63ytpDx","GMS_PV2526_3275","(IRAT204*2/SC325)-B-4-1-1","65769","sgh1Lm9FwB4DX","NO_ISSUES_IDENTIFIED","Introgression_confirmed","ADVANCE BC1F5 IN PV2627","ADVANCE BC1F5 IN PV2627","BC1F5","65769","sgh1Lm9FwB4DX"
"GMS_MN2025_132045","(IRAT204*2/SC760)-B-9","FXTV","GMS_MN2025_132045","GMS_PV2425_0131_09","(IRAT204*2/SC760)-B-9",43778,"sgh1LOETsESNR","GMS_MN2025_132045","(IRAT204*2/SC760)-B-9-1","54804","sgh1LKDrNrnru","GMS_PV2526_3386","(IRAT204*2/SC760)-B-9-1-1","67846","sgh1LafveoMJH","NO_ISSUES_IDENTIFIED","Introgression_confirmed","ADVANCE BC1F5 IN PV2627","ADVANCE BC1F5 IN PV2627","BC1F5","67846","sgh1LafveoMJH"
"GMS_MN2025_121048","(IRAT204*2/SC760)-B-8","FBJK","GMS_MN2025_121048","GMS_PV2425_0131_08","(IRAT204*2/SC760)-B-8",43777,"sgh1LU3UlIU3t","GMS_MN2025_121048","(IRAT204*2/SC760)-B-8-1","54803","sgh1LGOJU6LH2","GMS_PV2526_3385","(IRAT204*2/SC760)-B-8-1-1","67323","sgh1LxtNgVgOj","NO_ISSUES_IDENTIFIED","Introgression_confirmed","ADVANCE BC1F5 IN PV2627","ADVANCE BC1F5 IN PV2627","BC1F5","67323","sgh1LxtNgVgOj"
"GMS_MN2025_119047","(IRAT204*2/SC760)-B-6","FASW","GMS_MN2025_119047","GMS_PV2425_0131_06","(IRAT204*2/SC760)-B-6",43775,"sgh1L3AdCjTur","GMS_MN2025_119047","(IRAT204*2/SC760)-B-6-1","54801","sgh1LlomN2H37","GMS_PV2526_3384","(IRAT204*2/SC760)-B-6-1-1","111907","sgh1LhcdHLZSs","NO_ISSUES_IDENTIFIED","Introgression_confirmed","ADVANCE BC1F5 IN PV2627","ADVANCE BC1F5 IN PV2627","BC1F5","111907","sgh1LhcdHLZSs"
"GMS_MN2025_109063","(IRAT204*2/SC760)-B-5","FMQK","GMS_MN2025_109063","GMS_PV2425_0131_05","(IRAT204*2/SC760)-B-5",43774,"sgh1LnUBz0r9x","GMS_MN2025_109063","(IRAT204*2/SC760)-B-5-1","54800","sgh1LjmCAC2K0","GMS_PV2526_3383","(IRAT204*2/SC760)-B-5-1-1","67723","sgh1LRJFU4nIV","NO_ISSUES_IDENTIFIED","Introgression_confirmed","ADVANCE BC1F5 IN PV2627","ADVANCE BC1F5 IN PV2627","BC1F5","67723","sgh1LRJFU4nIV"
"GMS_MN2025_114052","(IRAT204*2/SC760)-B-2","FOSJ","GMS_MN2025_114052","GMS_PV2425_0131_02","(IRAT204*2/SC760)-B-2",43771,"sgh1LZgN00JlW","GMS_MN2025_114052","(IRAT204*2/SC760)-B-2-1","54797","sgh1Lve1nyzOO","GMS_PV2526_3382","(IRAT204*2/SC760)-B-2-1-1","67303","sgh1L6g0bNnkg","NO_ISSUES_IDENTIFIED","Introgression_confirmed","ADVANCE BC1F5 IN PV2627","ADVANCE BC1F5 IN PV2627","BC1F5","67303","sgh1L6g0bNnkg"
"GMS_MN2025_131057","(IRAT204*2/SC760)-B-10","FKVG","GMS_MN2025_131057","GMS_PV2425_0131_10","(IRAT204*2/SC760)-B-10",43779,"sgh1LbTKfUJFg","GMS_MN2025_131057","(IRAT204*2/SC760)-B-10-1","54805","sgh1L0S4qBPGi","GMS_PV2526_3381","(IRAT204*2/SC760)-B-10-1-1","67808","sgh1L5W45sc3G","NO_ISSUES_IDENTIFIED","Introgression_confirmed","ADVANCE BC1F5 IN PV2627","ADVANCE BC1F5 IN PV2627","BC1F5","67808","sgh1L5W45sc3G"
"GMS_MN2025_218107","(IRAT204*2/SC63)-B-5","FUKJ","GMS_MN2025_218107","GMS_PV2425_0133_05","(IRAT204*2/SC63)-B-5",43804,"sgh1LthMbOBWd","GMS_MN2025_218107","(IRAT204*2/SC63)-B-5-1","54830","sgh1LPw2KIiZr","GMS_PV2526_3341","(IRAT204*2/SC63)-B-5-1-1","111893","sgh1LljRavNsU","NO_ISSUES_IDENTIFIED","Introgression_confirmed","ADVANCE BC1F5 IN PV2627","ADVANCE BC1F5 IN PV2627","BC1F5","111893","sgh1LljRavNsU"
"GMS_MN2025_211108","(IRAT204*2/SC63)-B-2","FXLF","GMS_MN2025_211108","GMS_PV2425_0133_02","(IRAT204*2/SC63)-B-2",43801,"sgh1LzLS7aV2h","GMS_MN2025_211108","(IRAT204*2/SC63)-B-2-1","54827","sgh1LgL3ekCyz","GMS_PV2526_3339","(IRAT204*2/SC63)-B-2-1-1","65505","sgh1LKfBldSH1","NO_ISSUES_IDENTIFIED","Introgression_confirmed","ADVANCE BC1F5 IN PV2627","ADVANCE BC1F5 IN PV2627","BC1F5","65505","sgh1LKfBldSH1"
"GMS_MN2025_128048","(IRAT204*2/SC63)-B-10","FTOR","GMS_MN2025_128048","GMS_PV2425_0133_10","(IRAT204*2/SC63)-B-10",43809,"sgh1LQsVCxLhw","GMS_MN2025_128048","(IRAT204*2/SC63)-B-10-1","54835","sgh1LFum7KpXA","GMS_PV2526_3338","(IRAT204*2/SC63)-B-10-1-1","65797","sgh1L2D68Ctif","NO_ISSUES_IDENTIFIED","Introgression_confirmed","ADVANCE BC1F5 IN PV2627","ADVANCE BC1F5 IN PV2627","BC1F5","65797","sgh1L2D68Ctif"
"GMS_MN2025_122058","(IRAT204*2/SC411)-B-4","FYMS","GMS_MN2025_122058","GMS_PV2425_0155_04","(IRAT204*2/SC411)-B-4",42657,"sgh1LAbU7es3F","GMS_MN2025_122058","(IRAT204*2/SC411)-B-4-1","54153","sgh1LgoicTaaV","GMS_PV2526_3283","(IRAT204*2/SC411)-B-4-1-1","65488","sgh1Ln0Gsxgxa","NO_ISSUES_IDENTIFIED","Introgression_confirmed","ADVANCE BC1F5 IN PV2627","ADVANCE BC1F5 IN PV2627","BC1F5","65488","sgh1Ln0Gsxgxa"
"GMS_MN2025_116057","(IRAT204*2/SC411)-B-2","FKMB","GMS_MN2025_116057","GMS_PV2425_0155_02","(IRAT204*2/SC411)-B-2",42655,"sgh1LYbTDRF3Q","GMS_MN2025_116057","(IRAT204*2/SC411)-B-2-1","54151","sgh1LnHZZLgbE","GMS_PV2526_3282","(IRAT204*2/SC411)-B-2-1-1","67797","sgh1LvmF7rkX5","NO_ISSUES_IDENTIFIED","Introgression_confirmed","ADVANCE BC1F5 IN PV2627","ADVANCE BC1F5 IN PV2627","BC1F5","67797","sgh1LvmF7rkX5"
"GMS_MN2025_125045","(IRAT204*2/SC411)-B-10","FQAO","GMS_MN2025_125045","GMS_PV2425_0155_10","(IRAT204*2/SC411)-B-10",42663,"sgh1LvASFQPms","GMS_MN2025_125045","(IRAT204*2/SC411)-B-10-1","57632","sgh1LyODaTN5S","GMS_PV2526_3281","(IRAT204*2/SC411)-B-10-1-1","111878","sgh1Lb9xmcRc5","NO_ISSUES_IDENTIFIED","Introgression_confirmed","ADVANCE BC1F5 IN PV2627","ADVANCE BC1F5 IN PV2627","BC1F5","111878","sgh1Lb9xmcRc5"
"GMS_MN2025_109055","(IRAT204*2/SC52)-B-7","FHRE","GMS_MN2025_109055","GMS_PV2425_0137_07","(IRAT204*2/SC52)-B-7",42690,"sgh1LktnD3THR","GMS_MN2025_109055","(IRAT204*2/SC52)-B-7-1","54179","sgh1LEC89WJvU","GMS_PV2526_3296","(IRAT204*2/SC52)-B-7-1-1","65660","sgh1LPVzySaxF","NO_ISSUES_IDENTIFIED","Introgression_confirmed","ADVANCE BC1F5 IN PV2627","ADVANCE BC1F5 IN PV2627","BC1F5","65660","sgh1LPVzySaxF"
"GMS_MN2025_123048","(IRAT204*2/SC52)-B-6","FRTK","GMS_MN2025_123048","GMS_PV2425_0137_06","(IRAT204*2/SC52)-B-6",42689,"sgh1LgiIWnCCd","GMS_MN2025_123048","(IRAT204*2/SC52)-B-6-1","54178","sgh1LsZMDxVUg","GMS_PV2526_3295","(IRAT204*2/SC52)-B-6-1-1","67800","sgh1LA0im2Ltg","NO_ISSUES_IDENTIFIED","Introgression_confirmed","ADVANCE BC1F5 IN PV2627","ADVANCE BC1F5 IN PV2627","BC1F5","67800","sgh1LA0im2Ltg"
"GMS_MN2025_104063","(IRAT204*2/SC52)-B-3","FNOK","GMS_MN2025_104063","GMS_PV2425_0137_03","(IRAT204*2/SC52)-B-3",42686,"sgh1LaqgqTAbS","GMS_MN2025_104063","(IRAT204*2/SC52)-B-3-1","54175","sgh1Ll3VKblTx","GMS_PV2526_3293","(IRAT204*2/SC52)-B-3-1-1","67369","sgh1LXnbGKgr4","NO_ISSUES_IDENTIFIED","Introgression_confirmed","ADVANCE BC1F5 IN PV2627","ADVANCE BC1F5 IN PV2627","BC1F5","67369","sgh1LXnbGKgr4"
"GMS_MN2025_114048","(IRAT204*2/SC52)-B-2","FOXZ","GMS_MN2025_114048","GMS_PV2425_0137_02","(IRAT204*2/SC52)-B-2",42685,"sgh1LyovrrwoS","GMS_MN2025_114048","(IRAT204*2/SC52)-B-2-1","54174","sgh1LePFLK6D1","GMS_PV2526_3292","(IRAT204*2/SC52)-B-2-1-1","67493","sgh1LWGIrJ46U","NO_ISSUES_IDENTIFIED","Introgression_confirmed","ADVANCE BC1F5 IN PV2627","ADVANCE BC1F5 IN PV2627","BC1F5","67493","sgh1LWGIrJ46U"
"GMS_MN2025_108044","(IRAT204*2/SC52)-B-10","FTMS","GMS_MN2025_108044","GMS_PV2425_0137_10","(IRAT204*2/SC52)-B-10",42693,"sgh1LYRU5IIkT","GMS_MN2025_108044","(IRAT204*2/SC52)-B-10-1","54181","sgh1LTiWkan2Z","GMS_PV2526_3291","(IRAT204*2/SC52)-B-10-1-1","67371","sgh1LXYN8absZ","NO_ISSUES_IDENTIFIED","Introgression_confirmed","ADVANCE BC1F5 IN PV2627","ADVANCE BC1F5 IN PV2627","BC1F5","67371","sgh1LXYN8absZ"
"GMS_MN2025_121064","(IRAT204*2/SC52)-B-1","FHQT","GMS_MN2025_121064","GMS_PV2425_0137_01","(IRAT204*2/SC52)-B-1",42684,"sgh1LIJ7NgwVe","GMS_MN2025_121064","(IRAT204*2/SC52)-B-1-1","54173","sgh1LXgW2sqHb","GMS_PV2526_3290","(IRAT204*2/SC52)-B-1-1-1","67696","sgh1LiQbGL8eh","NO_ISSUES_IDENTIFIED","Introgression_confirmed","ADVANCE BC1F5 IN PV2627","ADVANCE BC1F5 IN PV2627","BC1F5","67696","sgh1LiQbGL8eh"
"GMS_MN2025_117059","(IRAT204*2/SC173)-B-2","FODF","GMS_MN2025_117059","GMS_PV2425_0158_02","(IRAT204*2/SC173)-B-2",43291,"sgh1Lff1oHbCK","GMS_MN2025_117059","(IRAT204*2/SC173)-B-2-1","54611","sgh1LnVkxliBb","GMS_PV2526_3263","(IRAT204*2/SC173)-B-2-1-1","67744","sgh1Lo3AJ7ejA","NO_ISSUES_IDENTIFIED","Introgression_confirmed","ADVANCE BC1F5 IN PV2627","ADVANCE BC1F5 IN PV2627","BC1F5","67744","sgh1Lo3AJ7ejA"
"GMS_MN2025_105057","(IRAT204*2/SC53)-B-1","FLLZ","GMS_MN2025_105057","GMS_PV2425_0156_01","(IRAT204*2/SC53)-B-1",43260,"sgh1LLsme8e3i","GMS_MN2025_105057","(IRAT204*2/SC53)-B-1-1","54590","sgh1LbEcBHbTS","GMS_PV2526_3309","(IRAT204*2/SC53)-B-1-1-1","67574","sgh1LjnVuHTi4","NO_ISSUES_IDENTIFIED","Introgression_confirmed","ADVANCE BC1F5 IN PV2627","ADVANCE BC1F5 IN PV2627","BC1F5","67574","sgh1LjnVuHTi4"
"GMS_MN2025_126045","(Macia*2/IRAT204)-B-9","FRSB","GMS_MN2025_126045","GMS_PV2425_0233_09","(Macia*2/IRAT204)-B-9",48326,"sgh1LOb9dWzPj","GMS_MN2025_126045","(Macia*2/IRAT204)-B-9-1","55571","sgh1LVggjNtbq","GMS_PV2526_3427","(Macia*2/IRAT204)-B-9-1-1","65471","sgh1Lw2QHw5pJ","NO_ISSUES_IDENTIFIED","Introgression_confirmed","ADVANCE BC1F5 IN PV2627","ADVANCE BC1F5 IN PV2627","BC1F5","65471","sgh1Lw2QHw5pJ"
"GMS_MN2025_228107","(Macia*2/IRAT204)-B-9","FUUQ","GMS_MN2025_228107","GMS_PV2425_0233_09","(Macia*2/IRAT204)-B-9",48326,"sgh1LOb9dWzPj","GMS_MN2025_228107","(Macia*2/IRAT204)-B-9-1","55571","sgh1L7wLNa1F4","GMS_PV2526_3428","(Macia*2/IRAT204)-B-9-1-1","65471","sgh1LLZPG2KIp","NO_ISSUES_IDENTIFIED","Introgression_confirmed","ADVANCE BC1F5 IN PV2627","ADVANCE BC1F5 IN PV2627","BC1F5","65471","sgh1LLZPG2KIp"
"GMS_MN2025_109060","(Macia*2/IRAT204)-B-7","FQRF","GMS_MN2025_109060","GMS_PV2425_0233_07","(Macia*2/IRAT204)-B-7",48324,"sgh1LXU2BCF2M","GMS_MN2025_109060","(Macia*2/IRAT204)-B-7-1","55570","sgh1LrN0G2ewx","GMS_PV2526_3426","(Macia*2/IRAT204)-B-7-1-1","65646","sgh1LYoGlfAR9","NO_ISSUES_IDENTIFIED","Introgression_confirmed","ADVANCE BC1F5 IN PV2627","ADVANCE BC1F5 IN PV2627","BC1F5","65646","sgh1LYoGlfAR9"
"GMS_MN2025_132046","(Macia*2/IRAT204)-B-6","FIKP","GMS_MN2025_132046","GMS_PV2425_0233_06","(Macia*2/IRAT204)-B-6",48323,"sgh1LCuQoM7nk","GMS_MN2025_132046","(Macia*2/IRAT204)-B-6-1","55569","sgh1LSMPv24HH","GMS_PV2526_3425","(Macia*2/IRAT204)-B-6-1-1","67720","sgh1LgSUQZuyP","NO_ISSUES_IDENTIFIED","Introgression_confirmed","ADVANCE BC1F5 IN PV2627","ADVANCE BC1F5 IN PV2627","BC1F5","67720","sgh1LgSUQZuyP"
"GMS_MN2025_108057","(Macia*2/IRAT204)-B-3","FMBB","GMS_MN2025_108057","GMS_PV2425_0233_03","(Macia*2/IRAT204)-B-3",48320,"sgh1LaE5fAdXn","GMS_MN2025_108057","(Macia*2/IRAT204)-B-3-1","55566","sgh1LWmmcSGfg","GMS_PV2526_3423","(Macia*2/IRAT204)-B-3-1-1","67615","sgh1LgzeycPzQ","NO_ISSUES_IDENTIFIED","Introgression_confirmed","ADVANCE BC1F5 IN PV2627","ADVANCE BC1F5 IN PV2627","BC1F5","67615","sgh1LgzeycPzQ"
"GMS_MN2025_126064","(Macia*2/IRAT204)-B-1","FMTG","GMS_MN2025_126064","GMS_PV2425_0233_01","(Macia*2/IRAT204)-B-1",48318,"sgh1Lhc6EcON9","GMS_MN2025_126064","(Macia*2/IRAT204)-B-1-1","55564","sgh1LiNrVp2zl","GMS_PV2526_3422","(Macia*2/IRAT204)-B-1-1-1","65730","sgh1LXYNCUoco","NO_ISSUES_IDENTIFIED","Introgression_confirmed","ADVANCE BC1F5 IN PV2627","ADVANCE BC1F5 IN PV2627","BC1F5","65730","sgh1LXYNCUoco"
"GMS_MN2025_131056","(Macia*2/BTx642)-B-9","FDBM","GMS_MN2025_131056","GMS_PV2425_0234_09","(Macia*2/BTx642)-B-9",48349,"sgh1LTj4ZHP6L","GMS_MN2025_131056","(Macia*2/BTx642)-B-9-1","55593","sgh1LpK6TC9pY","GMS_PV2526_3415","(Macia*2/BTx642)-B-9-1-1","67092","sgh1LdKTQQfii","NO_ISSUES_IDENTIFIED","Introgression_confirmed","ADVANCE BC1F5 IN PV2627","ADVANCE BC1F5 IN PV2627","BC1F5","67092","sgh1LdKTQQfii"
"GMS_MN2025_120054","(Macia*2/BTx642)-B-8","FDDI","GMS_MN2025_120054","GMS_PV2425_0234_08","(Macia*2/BTx642)-B-8",48348,"sgh1LAymSiCao","GMS_MN2025_120054","(Macia*2/BTx642)-B-8-1","55597","sgh1Ln8Z2X8Fa","GMS_PV2526_3414","(Macia*2/BTx642)-B-8-1-1","111913","sgh1LI2EFbe9I","NO_ISSUES_IDENTIFIED","Introgression_confirmed","ADVANCE BC1F5 IN PV2627","ADVANCE BC1F5 IN PV2627","BC1F5","111913","sgh1LI2EFbe9I"
"GMS_MN2025_137064","(Macia*2/BTx642)-B-3","FBQO","GMS_MN2025_137064","GMS_PV2425_0234_03","(Macia*2/BTx642)-B-3",48343,"sgh1LBqZbeK3E","GMS_MN2025_137064","(Macia*2/BTx642)-B-3-1","55588","sgh1LW8gvXp3c","GMS_PV2526_3412","(Macia*2/BTx642)-B-3-1-1","67328","sgh1L7jzKVTTi","NO_ISSUES_IDENTIFIED","Introgression_confirmed","ADVANCE BC1F5 IN PV2627","ADVANCE BC1F5 IN PV2627","BC1F5","67328","sgh1L7jzKVTTi"
"GMS_MN2025_125046","(Macia*2/BTx642)-B-2","FEUI","GMS_MN2025_125046","GMS_PV2425_0234_02","(Macia*2/BTx642)-B-2",48342,"sgh1LYZu5UKRD","GMS_MN2025_125046","(Macia*2/BTx642)-B-2-1","55587","sgh1LcJlEaH8W","GMS_PV2526_3411","(Macia*2/BTx642)-B-2-1-1","65749","sgh1LnSe9QP7a","NO_ISSUES_IDENTIFIED","Introgression_confirmed","ADVANCE BC1F5 IN PV2627","ADVANCE BC1F5 IN PV2627","BC1F5","65749","sgh1LnSe9QP7a"
"GMS_MN2025_123055","(Macia*2/BTx642)-B-10","FXQX","GMS_MN2025_123055","GMS_PV2425_0234_10","(Macia*2/BTx642)-B-10",48350,"sgh1L4pRr0UP9","GMS_MN2025_123055","(Macia*2/BTx642)-B-10-1","55594","sgh1LZxcbRuez","GMS_PV2526_3410","(Macia*2/BTx642)-B-10-1-1","111911","sgh1LrPON3akM","NO_ISSUES_IDENTIFIED","Introgression_confirmed","ADVANCE BC1F5 IN PV2627","ADVANCE BC1F5 IN PV2627","BC1F5","111911","sgh1LrPON3akM"
"GMS_MN2025_118062","(Macia*2/BTx642)-B-1","FQYX","GMS_MN2025_118062","GMS_PV2425_0234_01","(Macia*2/BTx642)-B-1",48341,"sgh1LzjPMeWXG","GMS_MN2025_118062","(Macia*2/BTx642)-B-1-1","55596","sgh1LNTzBDpSb","GMS_PV2526_3409","(Macia*2/BTx642)-B-1-1-1","111910","sgh1LQegswZZw","NO_ISSUES_IDENTIFIED","Introgression_confirmed","ADVANCE BC1F5 IN PV2627","ADVANCE BC1F5 IN PV2627","BC1F5","111910","sgh1LQegswZZw"
"GMS_MN2025_126057","(Macia*2/SC603)-B-8","FAQX","GMS_MN2025_126057","GMS_PV2425_0232_08","(Macia*2/SC603)-B-8",48306,"sgh1LQ8OaeSYG","GMS_MN2025_126057","(Macia*2/SC603)-B-8-1","55550","sgh1LiSTlLXhg","GMS_PV2526_3477","(Macia*2/SC603)-B-8-1-1","111934","sgh1LsXFHWT7G","NO_ISSUES_IDENTIFIED","Introgression_confirmed","ADVANCE BC1F5 IN PV2627","ADVANCE BC1F5 IN PV2627","BC1F5","111934","sgh1LsXFHWT7G"
"GMS_MN2025_128045","(Macia*2/SC603)-B-5","FPIA","GMS_MN2025_128045","GMS_PV2425_0232_05","(Macia*2/SC603)-B-5",48303,"sgh1LdgsvRRZF","GMS_MN2025_128045","(Macia*2/SC603)-B-5-1","55548","sgh1L21x8Bg5A","GMS_PV2526_3476","(Macia*2/SC603)-B-5-1-1","111933","sgh1LT75OVYld","NO_ISSUES_IDENTIFIED","Introgression_confirmed","ADVANCE BC1F5 IN PV2627","ADVANCE BC1F5 IN PV2627","BC1F5","111933","sgh1LT75OVYld"
"GMS_MN2025_117063","(Macia*2/SC603)-B-4","FMKM","GMS_MN2025_117063","GMS_PV2425_0232_04","(Macia*2/SC603)-B-4",48302,"sgh1LIdM52p33","GMS_MN2025_117063","(Macia*2/SC603)-B-4-1","55547","sgh1Lfgnh6S7n","GMS_PV2526_3475","(Macia*2/SC603)-B-4-1-1","111932","sgh1LwUUB1qM0","NO_ISSUES_IDENTIFIED","Introgression_confirmed","ADVANCE BC1F5 IN PV2627","ADVANCE BC1F5 IN PV2627","BC1F5","111932","sgh1LwUUB1qM0"
"GMS_MN2025_132051","(Macia*2/SC603)-B-2","FDIS","GMS_MN2025_132051","GMS_PV2425_0232_02",NA,NA,NA,"GMS_MN2025_132051","(Macia*2/SC603)-B-2-1","55558","sgh1LOIADk1X8","GMS_PV2526_3474","(Macia*2/SC603)-B-2-1-1","65529","sgh1LxgpfSLrv","BC1F3:NOT_IN_BMS,BC1F3:NOT_IN_BMS","Introgression_confirmed","ADVANCE BC1F5 IN PV2627","ADVANCE BC1F5 IN PV2627","BC1F5","65529","sgh1LxgpfSLrv"
"GMS_MN2025_112060","(Macia*2/SC144)-B-9","FQLP","GMS_MN2025_112060","GMS_PV2425_0171_09","(Macia*2/SC144)-B-9",44483,"sgh1LKQg51mvK","GMS_MN2025_112060","(Macia*2/SC144)-B-9-1","55335","sgh1Lw2FGMSe2","GMS_PV2526_3446","(Macia*2/SC144)-B-9-1-1","111925","sgh1LGscEsuYx","NO_ISSUES_IDENTIFIED","Introgression_confirmed","ADVANCE BC1F5 IN PV2627","ADVANCE BC1F5 IN PV2627","BC1F5","111925","sgh1LGscEsuYx"
"GMS_MN2025_113047","(Macia*2/SC144)-B-8","FPTC","GMS_MN2025_113047","GMS_PV2425_0171_08","(Macia*2/SC144)-B-8",44482,"sgh1LD4JgVdaE","GMS_MN2025_113047","(Macia*2/SC144)-B-8-1","55334","sgh1LzRhgXOta","GMS_PV2526_3445","(Macia*2/SC144)-B-8-1-1","67740","sgh1L0m2M6UmJ","NO_ISSUES_IDENTIFIED","Introgression_confirmed","ADVANCE BC1F5 IN PV2627","ADVANCE BC1F5 IN PV2627","BC1F5","67740","sgh1L0m2M6UmJ"
"GMS_MN2025_134059","(Macia*2/SC144)-B-7","FVJE","GMS_MN2025_134059","GMS_PV2425_0171_07","(Macia*2/SC144)-B-7",44481,"sgh1LsPral78H","GMS_MN2025_134059","(Macia*2/SC144)-B-7-1","55333","sgh1LZ0pYDSOX","GMS_PV2526_3444","(Macia*2/SC144)-B-7-1-1","111924","sgh1LNrhoaEJD","NO_ISSUES_IDENTIFIED","Introgression_confirmed","ADVANCE BC1F5 IN PV2627","ADVANCE BC1F5 IN PV2627","BC1F5","111924","sgh1LNrhoaEJD"
"GMS_MN2025_105065","(Macia*2/SC144)-B-6","FAWQ","GMS_MN2025_105065","GMS_PV2425_0171_06","(Macia*2/SC144)-B-6",44480,"sgh1LACCQA6V0","GMS_MN2025_105065","(Macia*2/SC144)-B-6-1","55332","sgh1LNpT8rtwW","GMS_PV2526_3443","(Macia*2/SC144)-B-6-1-1","111923","sgh1Lw2r5QYf2","NO_ISSUES_IDENTIFIED","Introgression_confirmed","ADVANCE BC1F5 IN PV2627","ADVANCE BC1F5 IN PV2627","BC1F5","111923","sgh1Lw2r5QYf2"
"GMS_MN2025_130060","(Macia*2/SC144)-B-4","FHNG","GMS_MN2025_130060","GMS_PV2425_0171_04","(Macia*2/SC144)-B-4",44478,"sgh1Loq4hlyca","GMS_MN2025_130060","(Macia*2/SC144)-B-4-1","55330","sgh1LWkW8PjPU","GMS_PV2526_3442","(Macia*2/SC144)-B-4-1-1","111922","sgh1LJMXKa6fq","NO_ISSUES_IDENTIFIED","Introgression_confirmed","ADVANCE BC1F5 IN PV2627","ADVANCE BC1F5 IN PV2627","BC1F5","111922","sgh1LJMXKa6fq"
"GMS_MN2025_113057","(Macia*2/SC144)-B-10","FTGW","GMS_MN2025_113057","GMS_PV2425_0171_10","(Macia*2/SC144)-B-10",44484,"sgh1LsvTtoAYI","GMS_MN2025_113057","(Macia*2/SC144)-B-10-1","55336","sgh1LD2Rn3JPf","GMS_PV2526_3441","(Macia*2/SC144)-B-10-1-1","67793","sgh1L1NBi3MFw","NO_ISSUES_IDENTIFIED","Introgression_confirmed","ADVANCE BC1F5 IN PV2627","ADVANCE BC1F5 IN PV2627","BC1F5","67793","sgh1L1NBi3MFw"
"GMS_MN2025_109046","(Macia*2/SC144)-B-1","FGZC","GMS_MN2025_109046","GMS_PV2425_0171_01","(Macia*2/SC144)-B-1",44475,"sgh1LUTNnxsHQ","GMS_MN2025_109046","(Macia*2/SC144)-B-1-1","55328","sgh1LhBK3M3cs","GMS_PV2526_3440","(Macia*2/SC144)-B-1-1-1","67036","sgh1LIvxnEFqZ","NO_ISSUES_IDENTIFIED","Introgression_confirmed","ADVANCE BC1F5 IN PV2627","ADVANCE BC1F5 IN PV2627","BC1F5","67036","sgh1LIvxnEFqZ"
"GMS_MN2025_112066","(Macia*2/SC423)-B-9","FFET","GMS_MN2025_112066","GMS_PV2425_0235_09","(Macia*2/SC423)-B-9",48366,"sgh1LX8SMlSAn","GMS_MN2025_112066","(Macia*2/SC423)-B-9-1","55610","sgh1L5ZXaABNV","GMS_PV2526_3461","(Macia*2/SC423)-B-9-1-1","111928","sgh1Lbf3HiJj0","NO_ISSUES_IDENTIFIED","Introgression_confirmed","ADVANCE BC1F5 IN PV2627","ADVANCE BC1F5 IN PV2627","BC1F5","111928","sgh1Lbf3HiJj0"
"GMS_MN2025_105063","(Macia*2/SC423)-B-8","FHFG","GMS_MN2025_105063","GMS_PV2425_0235_08","(Macia*2/SC423)-B-8",48365,"sgh1L6zGt8hAQ","GMS_MN2025_105063","(Macia*2/SC423)-B-8-1","55609","sgh1LmgUnXSTE","GMS_PV2526_3460","(Macia*2/SC423)-B-8-1-1","65382","sgh1LcBgxgu1F","NO_ISSUES_IDENTIFIED","Introgression_confirmed","ADVANCE BC1F5 IN PV2627","ADVANCE BC1F5 IN PV2627","BC1F5","65382","sgh1LcBgxgu1F"
"GMS_MN2025_115065","(Macia*2/SC423)-B-7","FNTN","GMS_MN2025_115065","GMS_PV2425_0235_07","(Macia*2/SC423)-B-7",48364,"sgh1LS7UNalmZ","GMS_MN2025_115065","(Macia*2/SC423)-B-7-1","55608","sgh1L5OxR5dp2","GMS_PV2526_3458","(Macia*2/SC423)-B-7-1-1","111927","sgh1LfKjDfSsv","NO_ISSUES_IDENTIFIED","Introgression_confirmed","ADVANCE BC1F5 IN PV2627","ADVANCE BC1F5 IN PV2627","BC1F5","111927","sgh1LfKjDfSsv"
"GMS_MN2025_219106","(Macia*2/SC423)-B-7","FAWP","GMS_MN2025_219106","GMS_PV2425_0235_07","(Macia*2/SC423)-B-7",48364,"sgh1LS7UNalmZ","GMS_MN2025_219106","(Macia*2/SC423)-B-7-1","55608","sgh1LnNDjI0f6","GMS_PV2526_3459","(Macia*2/SC423)-B-7-1-1","111927","sgh1LBGCpviE4","NO_ISSUES_IDENTIFIED","Introgression_confirmed","ADVANCE BC1F5 IN PV2627","ADVANCE BC1F5 IN PV2627","BC1F5","111927","sgh1LBGCpviE4"
"GMS_MN2025_135046","(Macia*2/SC423)-B-6","FMPZ","GMS_MN2025_135046","GMS_PV2425_0235_06","(Macia*2/SC423)-B-6",48363,"sgh1LVD89CchE","GMS_MN2025_135046","(Macia*2/SC423)-B-6-1","55607","sgh1LUGjUEc4T","GMS_PV2526_3456","(Macia*2/SC423)-B-6-1-1","65609","sgh1LNyMofpYo","NO_ISSUES_IDENTIFIED","Introgression_confirmed","ADVANCE BC1F5 IN PV2627","ADVANCE BC1F5 IN PV2627","BC1F5","65609","sgh1LNyMofpYo"
"GMS_MN2025_225106","(Macia*2/SC423)-B-6","FOGS","GMS_MN2025_225106","GMS_PV2425_0235_06","(Macia*2/SC423)-B-6",48363,"sgh1LVD89CchE","GMS_MN2025_225106","(Macia*2/SC423)-B-6-1","55607","sgh1LAtnKb0ly","GMS_PV2526_3457","(Macia*2/SC423)-B-6-1-1","65609","sgh1LGWZeDjPT","NO_ISSUES_IDENTIFIED","Introgression_confirmed","ADVANCE BC1F5 IN PV2627","ADVANCE BC1F5 IN PV2627","BC1F5","65609","sgh1LGWZeDjPT"
"GMS_MN2025_129062","(Macia*2/SC423)-B-5","FVSN","GMS_MN2025_129062","GMS_PV2425_0235_05","(Macia*2/SC423)-B-5",48362,"sgh1LwRIPdOMa","GMS_MN2025_129062","(Macia*2/SC423)-B-5-1","55606","sgh1L6tOv11TZ","GMS_PV2526_3455","(Macia*2/SC423)-B-5-1-1","65693","sgh1LXLZs47ye","NO_ISSUES_IDENTIFIED","Introgression_confirmed","ADVANCE BC1F5 IN PV2627","ADVANCE BC1F5 IN PV2627","BC1F5","65693","sgh1LXLZs47ye"
"GMS_MN2025_223106","(Macia*2/SC423)-B-4","FZJV","GMS_MN2025_223106","GMS_PV2425_0235_04","(Macia*2/SC423)-B-4",48361,"sgh1LXwNfaDQt","GMS_MN2025_223106","(Macia*2/SC423)-B-4-1","55605","sgh1LfQ4murHw","GMS_PV2526_3454","(Macia*2/SC423)-B-4-1-1","111926","sgh1Lml7ca6hk","NO_ISSUES_IDENTIFIED","Introgression_confirmed","ADVANCE BC1F5 IN PV2627","ADVANCE BC1F5 IN PV2627","BC1F5","111926","sgh1Lml7ca6hk"
"GMS_MN2025_135056","(Macia*2/SC423)-B-3","FPWN","GMS_MN2025_135056","GMS_PV2425_0235_03","(Macia*2/SC423)-B-3",48360,"sgh1LAwMy2vz8","GMS_MN2025_135056","(Macia*2/SC423)-B-3-1","55604","sgh1LJKuf0pbl","GMS_PV2526_3452","(Macia*2/SC423)-B-3-1-1","65651","sgh1LNerxqFE3","NO_ISSUES_IDENTIFIED","Introgression_confirmed","ADVANCE BC1F5 IN PV2627","ADVANCE BC1F5 IN PV2627","BC1F5","65651","sgh1LNerxqFE3"
"GMS_MN2025_222107","(Macia*2/SC423)-B-3","FBPL","GMS_MN2025_222107","GMS_PV2425_0235_03","(Macia*2/SC423)-B-3",48360,"sgh1LAwMy2vz8","GMS_MN2025_222107","(Macia*2/SC423)-B-3-1","55604","sgh1LGAwHiA74","GMS_PV2526_3453","(Macia*2/SC423)-B-3-1-1","65651","sgh1LihnCeNtr","NO_ISSUES_IDENTIFIED","Introgression_confirmed","ADVANCE BC1F5 IN PV2627","ADVANCE BC1F5 IN PV2627","BC1F5","65651","sgh1LihnCeNtr"
"GMS_MN2025_112053","(Macia*2/SC423)-B-2","FUGL","GMS_MN2025_112053","GMS_PV2425_0235_02","(Macia*2/SC423)-B-2",48359,"sgh1LlYxRIOO1","GMS_MN2025_112053","(Macia*2/SC423)-B-2-1","55603","sgh1LSVO65yjh","GMS_PV2526_3451","(Macia*2/SC423)-B-2-1-1","65565","sgh1LxoNtM3qe","NO_ISSUES_IDENTIFIED","Introgression_confirmed","ADVANCE BC1F5 IN PV2627","ADVANCE BC1F5 IN PV2627","BC1F5","65565","sgh1LxoNtM3qe"
"GMS_MN2025_126050","(Macia*2/SC423)-B-10","FESR","GMS_MN2025_126050","GMS_PV2425_0235_10","(Macia*2/SC423)-B-10",48367,"sgh1LfHtU6D4R","GMS_MN2025_126050","(Macia*2/SC423)-B-10-1","55611","sgh1L6gIErbty","GMS_PV2526_3450","(Macia*2/SC423)-B-10-1-1","65716","sgh1L8axfbgcr","NO_ISSUES_IDENTIFIED","Introgression_confirmed","ADVANCE BC1F5 IN PV2627","ADVANCE BC1F5 IN PV2627","BC1F5","65716","sgh1L8axfbgcr"
"GMS_MN2025_135044","(Macia*2/SC423)-B-1","FZVI","GMS_MN2025_135044","GMS_PV2425_0235_01","(Macia*2/SC423)-B-1",48358,"sgh1LBMLMDzCa","GMS_MN2025_135044","(Macia*2/SC423)-B-1-1","55602","sgh1LvD0poQtt","GMS_PV2526_3449","(Macia*2/SC423)-B-1-1-1","65341","sgh1LAC7CL8pM","NO_ISSUES_IDENTIFIED","Introgression_confirmed","ADVANCE BC1F5 IN PV2627","ADVANCE BC1F5 IN PV2627","BC1F5","65341","sgh1LAC7CL8pM"
"GMS_MN2025_127051","(Macia*2/Dwarf Yellow Milo)-B-9","FIKG","GMS_MN2025_127051","GMS_PV2425_0237_09","(Macia*2/Dwarf Yellow Milo)-B-9",48411,"sgh1Lgy9qrPoh","GMS_MN2025_127051","(Macia*2/Dwarf Yellow Milo)-B-9-1","55653","sgh1LAsubxxqT","GMS_PV2526_3421","(Macia*2/Dwarf Yellow Milo)-B-9-1-1","111914","sgh1LcH6MbCvH","NO_ISSUES_IDENTIFIED","Introgression_confirmed","ADVANCE BC1F5 IN PV2627","ADVANCE BC1F5 IN PV2627","BC1F5","111914","sgh1LcH6MbCvH"
"GMS_MN2025_113053","(Macia*2/Dwarf Yellow Milo)-B-8","FICY","GMS_MN2025_113053","GMS_PV2425_0237_08","(Macia*2/Dwarf Yellow Milo)-B-8",48410,"sgh1LDpvsLauG","GMS_MN2025_113053","(Macia*2/Dwarf Yellow Milo)-B-8-1","55652","sgh1LsJ03SMgl","GMS_PV2526_3420","(Macia*2/Dwarf Yellow Milo)-B-8-1-1","67375","sgh1LEsBUBomZ","NO_ISSUES_IDENTIFIED","Introgression_confirmed","ADVANCE BC1F5 IN PV2627","ADVANCE BC1F5 IN PV2627","BC1F5","67375","sgh1LEsBUBomZ"
"GMS_MN2025_218108","(Macia*2/Dwarf Yellow Milo)-B-4","FJDP","GMS_MN2025_218108","GMS_PV2425_0237_04","(Macia*2/Dwarf Yellow Milo)-B-4",48406,"sgh1LhM6PgV4s","GMS_MN2025_218108","(Macia*2/Dwarf Yellow Milo)-B-4-1","55648","sgh1Lqi1KmFgd","GMS_PV2526_3417","(Macia*2/Dwarf Yellow Milo)-B-4-1-1","67208","sgh1LVs3lwGqw","NO_ISSUES_IDENTIFIED","Introgression_confirmed","ADVANCE BC1F5 IN PV2627","ADVANCE BC1F5 IN PV2627","BC1F5","67208","sgh1LVs3lwGqw"
"GMS_MN2025_224107","(Macia*2/Dwarf Yellow Milo)-B-4","FNCA","GMS_MN2025_224107","GMS_PV2425_0237_04","(Macia*2/Dwarf Yellow Milo)-B-4",48406,"sgh1LhM6PgV4s","GMS_MN2025_224107","(Macia*2/Dwarf Yellow Milo)-B-4-1","55648","sgh1LUqsaaEYp","GMS_PV2526_3418","(Macia*2/Dwarf Yellow Milo)-B-4-1-1","67208","sgh1L5hxjoIJj","NO_ISSUES_IDENTIFIED","Introgression_confirmed","ADVANCE BC1F5 IN PV2627","ADVANCE BC1F5 IN PV2627","BC1F5","67208","sgh1L5hxjoIJj"
"GMS_MN2025_225108","(Macia*2/Dwarf Yellow Milo)-B-2","FLAQ","GMS_MN2025_225108","GMS_PV2425_0237_02","(Macia*2/Dwarf Yellow Milo)-B-2",48404,"sgh1LoefnROJZ","GMS_MN2025_225108","(Macia*2/Dwarf Yellow Milo)-B-2-1","55660","sgh1LdPr0OkiD","GMS_PV2526_3416","(Macia*2/Dwarf Yellow Milo)-B-2-1-1","67414","sgh1L3hdNpwxP","NO_ISSUES_IDENTIFIED","Introgression_confirmed","ADVANCE BC1F5 IN PV2627","ADVANCE BC1F5 IN PV2627","BC1F5","67414","sgh1L3hdNpwxP"
"GMS_MN2025_130065","(IRAT204*2/SC702)-B-8","FUNT","GMS_MN2025_130065","GMS_PV2425_0162_08","(IRAT204*2/SC702)-B-8",43387,"sgh1LXdvcbFYF","GMS_MN2025_130065","(IRAT204*2/SC702)-B-8-1","54676","sgh1LCkLeOgq0","GMS_PV2526_3373","(IRAT204*2/SC702)-B-8-1-1","65401","sgh1LxBBUounZ","NO_ISSUES_IDENTIFIED","Introgression_confirmed","ADVANCE BC1F5 IN PV2627","ADVANCE BC1F5 IN PV2627","BC1F5","65401","sgh1LxBBUounZ"
"GMS_MN2025_123045","(IRAT204*2/SC702)-B-2","FKEW","GMS_MN2025_123045","GMS_PV2425_0162_02","(IRAT204*2/SC702)-B-2",43381,"sgh1LHvNrb4g4","GMS_MN2025_123045","(IRAT204*2/SC702)-B-2-1","54671","sgh1LmV14Fw1R","GMS_PV2526_3372","(IRAT204*2/SC702)-B-2-1-1","111903","sgh1L6RDMV6FM","NO_ISSUES_IDENTIFIED","Introgression_confirmed","ADVANCE BC1F5 IN PV2627","ADVANCE BC1F5 IN PV2627","BC1F5","111903","sgh1L6RDMV6FM"
"GMS_MN2025_130063","(IRAT204*2/SC701)-B-9","FAVU","GMS_MN2025_130063","GMS_PV2425_0154_09","(IRAT204*2/SC701)-B-9",42647,"sgh1L6kpcENbi","GMS_MN2025_130063","(IRAT204*2/SC701)-B-9-1","54145","sgh1LyHrTJzwr","GMS_PV2526_3371","(IRAT204*2/SC701)-B-9-1-1","67405","sgh1LBb0u5NRb","NO_ISSUES_IDENTIFIED","Introgression_confirmed","ADVANCE BC1F5 IN PV2627","ADVANCE BC1F5 IN PV2627","BC1F5","67405","sgh1LBb0u5NRb"
"GMS_MN2025_134053","(IRAT204*2/SC701)-B-2","FHDS","GMS_MN2025_134053","GMS_PV2425_0154_02","(IRAT204*2/SC701)-B-2",42640,"sgh1LKxdR81gK","GMS_MN2025_134053","(IRAT204*2/SC701)-B-2-1","57631","sgh1LmvXaOaCy","GMS_PV2526_3370","(IRAT204*2/SC701)-B-2-1-1","111902","sgh1LpOYNBEzR","NO_ISSUES_IDENTIFIED","Introgression_confirmed","ADVANCE BC1F5 IN PV2627","ADVANCE BC1F5 IN PV2627","BC1F5","111902","sgh1LpOYNBEzR"
"GMS_MN2025_135064","(IRAT204*2/SC701)-B-1","FQTX","GMS_MN2025_135064","GMS_PV2425_0154_01","(IRAT204*2/SC701)-B-1",42639,"sgh1LyeEtZN6P","GMS_MN2025_135064","(IRAT204*2/SC701)-B-1-1","57630","sgh1L1cexTP0q","GMS_PV2526_3369","(IRAT204*2/SC701)-B-1-1-1","111901","sgh1LIIttPSgk","NO_ISSUES_IDENTIFIED","Introgression_confirmed","ADVANCE BC1F5 IN PV2627","ADVANCE BC1F5 IN PV2627","BC1F5","111901","sgh1LIIttPSgk"
